ISO-10303-21;
HEADER;
FILE_DESCRIPTION(('Open CASCADE Model'),'2;1');
FILE_NAME('pied_gauche','2026-09-29T14:16:14',('Author'),('Open CASCADE'
    ),'Open CASCADE STEP processor 8.0','build123d','Unknown');
FILE_SCHEMA(('AUTOMOTIVE_DESIGN { 1 0 10303 214 1 1 1 1 }'));
ENDSEC;
DATA;
#1 = APPLICATION_PROTOCOL_DEFINITION('international standard',
  'automotive_design',2000,#2);
#2 = APPLICATION_CONTEXT(
  'core data for automotive mechanical design processes');
#3 = SHAPE_DEFINITION_REPRESENTATION(#4,#10);
#4 = PRODUCT_DEFINITION_SHAPE('','',#5);
#5 = PRODUCT_DEFINITION('design','',#6,#9);
#6 = PRODUCT_DEFINITION_FORMATION('','',#7);
#7 = PRODUCT('pied_gauche','pied_gauche','',(#8));
#8 = PRODUCT_CONTEXT('',#2,'mechanical');
#9 = PRODUCT_DEFINITION_CONTEXT('part definition',#2,'design');
#10 = ADVANCED_BREP_SHAPE_REPRESENTATION('',(#11,#15),#6932);
#11 = AXIS2_PLACEMENT_3D('',#12,#13,#14);
#12 = CARTESIAN_POINT('',(0.,0.,0.));
#13 = DIRECTION('',(0.,0.,1.));
#14 = DIRECTION('',(1.,0.,-0.));
#15 = MANIFOLD_SOLID_BREP('',#16);
#16 = CLOSED_SHELL('',(#17,#137,#258,#335,#414,#492,#965,#997,#1055,
    #1102,#1160,#1326,#1592,#1618,#1687,#2366,#2392,#2470,#2524,#2599,
    #2694,#2701,#2805,#2838,#3139,#3145,#3152,#3201,#3251,#3300,#3350,
    #3377,#3878,#3925,#3974,#4024,#4073,#4123,#4172,#4221,#4275,#4324,
    #4378,#4427,#4476,#4530,#4579,#4628,#4675,#4702,#4723,#4728,#4809,
    #4858,#4907,#4961,#5015,#5064,#5113,#5145,#5226,#5275,#5324,#5378,
    #5432,#5481,#5530,#5562,#5819,#6076,#6157,#6206,#6260,#6309,#6363,
    #6412,#6466,#6493,#6574,#6623,#6677,#6726,#6780,#6829,#6883,#6910,
    #6921));
#17 = ADVANCED_FACE('',(#18),#32,.T.);
#18 = FACE_BOUND('',#19,.T.);
#19 = EDGE_LOOP('',(#20,#55,#83,#111));
#20 = ORIENTED_EDGE('',*,*,#21,.T.);
#21 = EDGE_CURVE('',#22,#24,#26,.T.);
#22 = VERTEX_POINT('',#23);
#23 = CARTESIAN_POINT('',(-193.25,-34.11790219225,9.101576464629));
#24 = VERTEX_POINT('',#25);
#25 = CARTESIAN_POINT('',(-193.25,-51.83092706097,26.814601333352));
#26 = SURFACE_CURVE('',#27,(#31,#43),.PCURVE_S1.);
#27 = LINE('',#28,#29);
#28 = CARTESIAN_POINT('',(-193.25,-33.05724202047,8.040916292849));
#29 = VECTOR('',#30,1.);
#30 = DIRECTION('',(0.,-0.707106781187,0.707106781187));
#31 = PCURVE('',#32,#37);
#32 = PLANE('',#33);
#33 = AXIS2_PLACEMENT_3D('',#34,#35,#36);
#34 = CARTESIAN_POINT('',(-193.25,-33.05724202047,8.040916292849));
#35 = DIRECTION('',(-1.,0.,0.));
#36 = DIRECTION('',(0.,0.707106781187,0.707106781187));
#37 = DEFINITIONAL_REPRESENTATION('',(#38),#42);
#38 = LINE('',#39,#40);
#39 = CARTESIAN_POINT('',(0.,0.));
#40 = VECTOR('',#41,1.);
#41 = DIRECTION('',(0.,-1.));
#42 = ( GEOMETRIC_REPRESENTATION_CONTEXT(2) 
PARAMETRIC_REPRESENTATION_CONTEXT() REPRESENTATION_CONTEXT('2D SPACE',''
  ) );
#43 = PCURVE('',#44,#49);
#44 = CYLINDRICAL_SURFACE('',#45,14.2);
#45 = AXIS2_PLACEMENT_3D('',#46,#47,#48);
#46 = CARTESIAN_POINT('',(-179.05,-33.05724202047,8.040916292849));
#47 = DIRECTION('',(0.,0.707106781187,-0.707106781187));
#48 = DIRECTION('',(-1.,0.,0.));
#49 = DEFINITIONAL_REPRESENTATION('',(#50),#54);
#50 = LINE('',#51,#52);
#51 = CARTESIAN_POINT('',(6.28318530718,0.));
#52 = VECTOR('',#53,1.);
#53 = DIRECTION('',(0.,-1.));
#54 = ( GEOMETRIC_REPRESENTATION_CONTEXT(2) 
PARAMETRIC_REPRESENTATION_CONTEXT() REPRESENTATION_CONTEXT('2D SPACE',''
  ) );
#55 = ORIENTED_EDGE('',*,*,#56,.T.);
#56 = EDGE_CURVE('',#24,#57,#59,.T.);
#57 = VERTEX_POINT('',#58);
#58 = CARTESIAN_POINT('',(-193.25,22.768838354207,101.41436674853));
#59 = SURFACE_CURVE('',#60,(#64,#71),.PCURVE_S1.);
#60 = LINE('',#61,#62);
#61 = CARTESIAN_POINT('',(-193.25,-51.83092706097,26.814601333352));
#62 = VECTOR('',#63,1.);
#63 = DIRECTION('',(0.,0.707106781187,0.707106781187));
#64 = PCURVE('',#32,#65);
#65 = DEFINITIONAL_REPRESENTATION('',(#66),#70);
#66 = LINE('',#67,#68);
#67 = CARTESIAN_POINT('',(-7.105427357601E-15,-26.55));
#68 = VECTOR('',#69,1.);
#69 = DIRECTION('',(1.,0.));
#70 = ( GEOMETRIC_REPRESENTATION_CONTEXT(2) 
PARAMETRIC_REPRESENTATION_CONTEXT() REPRESENTATION_CONTEXT('2D SPACE',''
  ) );
#71 = PCURVE('',#72,#77);
#72 = CYLINDRICAL_SURFACE('',#73,1.5);
#73 = AXIS2_PLACEMENT_3D('',#74,#75,#76);
#74 = CARTESIAN_POINT('',(-191.75,-51.83092706097,26.814601333352));
#75 = DIRECTION('',(0.,0.707106781187,0.707106781187));
#76 = DIRECTION('',(-1.,0.,0.));
#77 = DEFINITIONAL_REPRESENTATION('',(#78),#82);
#78 = LINE('',#79,#80);
#79 = CARTESIAN_POINT('',(0.,0.));
#80 = VECTOR('',#81,1.);
#81 = DIRECTION('',(0.,1.));
#82 = ( GEOMETRIC_REPRESENTATION_CONTEXT(2) 
PARAMETRIC_REPRESENTATION_CONTEXT() REPRESENTATION_CONTEXT('2D SPACE',''
  ) );
#83 = ORIENTED_EDGE('',*,*,#84,.F.);
#84 = EDGE_CURVE('',#85,#57,#87,.T.);
#85 = VERTEX_POINT('',#86);
#86 = CARTESIAN_POINT('',(-193.25,40.48186322293,83.70134187981));
#87 = SURFACE_CURVE('',#88,(#92,#99),.PCURVE_S1.);
#88 = LINE('',#89,#90);
#89 = CARTESIAN_POINT('',(-193.25,41.54252339471,82.64068170803));
#90 = VECTOR('',#91,1.);
#91 = DIRECTION('',(0.,-0.707106781187,0.707106781187));
#92 = PCURVE('',#32,#93);
#93 = DEFINITIONAL_REPRESENTATION('',(#94),#98);
#94 = LINE('',#95,#96);
#95 = CARTESIAN_POINT('',(105.5,0.));
#96 = VECTOR('',#97,1.);
#97 = DIRECTION('',(0.,-1.));
#98 = ( GEOMETRIC_REPRESENTATION_CONTEXT(2) 
PARAMETRIC_REPRESENTATION_CONTEXT() REPRESENTATION_CONTEXT('2D SPACE',''
  ) );
#99 = PCURVE('',#100,#105);
#100 = CYLINDRICAL_SURFACE('',#101,14.2);
#101 = AXIS2_PLACEMENT_3D('',#102,#103,#104);
#102 = CARTESIAN_POINT('',(-179.05,41.54252339471,82.64068170803));
#103 = DIRECTION('',(0.,0.707106781187,-0.707106781187));
#104 = DIRECTION('',(-1.,0.,0.));
#105 = DEFINITIONAL_REPRESENTATION('',(#106),#110);
#106 = LINE('',#107,#108);
#107 = CARTESIAN_POINT('',(0.,0.));
#108 = VECTOR('',#109,1.);
#109 = DIRECTION('',(0.,-1.));
#110 = ( GEOMETRIC_REPRESENTATION_CONTEXT(2) 
PARAMETRIC_REPRESENTATION_CONTEXT() REPRESENTATION_CONTEXT('2D SPACE',''
  ) );
#111 = ORIENTED_EDGE('',*,*,#112,.F.);
#112 = EDGE_CURVE('',#22,#85,#113,.T.);
#113 = SURFACE_CURVE('',#114,(#118,#125),.PCURVE_S1.);
#114 = LINE('',#115,#116);
#115 = CARTESIAN_POINT('',(-193.25,-34.11790219225,9.101576464629));
#116 = VECTOR('',#117,1.);
#117 = DIRECTION('',(0.,0.707106781187,0.707106781187));
#118 = PCURVE('',#32,#119);
#119 = DEFINITIONAL_REPRESENTATION('',(#120),#124);
#120 = LINE('',#121,#122);
#121 = CARTESIAN_POINT('',(-7.105427357601E-15,-1.5));
#122 = VECTOR('',#123,1.);
#123 = DIRECTION('',(1.,0.));
#124 = ( GEOMETRIC_REPRESENTATION_CONTEXT(2) 
PARAMETRIC_REPRESENTATION_CONTEXT() REPRESENTATION_CONTEXT('2D SPACE',''
  ) );
#125 = PCURVE('',#126,#131);
#126 = CYLINDRICAL_SURFACE('',#127,1.5);
#127 = AXIS2_PLACEMENT_3D('',#128,#129,#130);
#128 = CARTESIAN_POINT('',(-191.75,-34.11790219225,9.101576464629));
#129 = DIRECTION('',(0.,0.707106781187,0.707106781187));
#130 = DIRECTION('',(-1.,0.,0.));
#131 = DEFINITIONAL_REPRESENTATION('',(#132),#136);
#132 = LINE('',#133,#134);
#133 = CARTESIAN_POINT('',(-0.,0.));
#134 = VECTOR('',#135,1.);
#135 = DIRECTION('',(-0.,1.));
#136 = ( GEOMETRIC_REPRESENTATION_CONTEXT(2) 
PARAMETRIC_REPRESENTATION_CONTEXT() REPRESENTATION_CONTEXT('2D SPACE',''
  ) );
#137 = ADVANCED_FACE('',(#138),#44,.T.);
#138 = FACE_BOUND('',#139,.T.);
#139 = EDGE_LOOP('',(#140,#175,#203,#230,#231));
#140 = ORIENTED_EDGE('',*,*,#141,.T.);
#141 = EDGE_CURVE('',#142,#144,#146,.T.);
#142 = VERTEX_POINT('',#143);
#143 = CARTESIAN_POINT('',(-185.0468835003,-43.21947865688,
    3.552713678801E-15));
#144 = VERTEX_POINT('',#145);
#145 = CARTESIAN_POINT('',(-179.05,-45.09815831332,0.));
#146 = SURFACE_CURVE('',#147,(#152,#163),.PCURVE_S1.);
#147 = ELLIPSE('',#148,20.081832585698,14.2);
#148 = AXIS2_PLACEMENT_3D('',#149,#150,#151);
#149 = CARTESIAN_POINT('',(-179.05,-25.01632572762,0.));
#150 = DIRECTION('',(0.,0.,1.));
#151 = DIRECTION('',(0.,1.,-0.));
#152 = PCURVE('',#44,#153);
#153 = DEFINITIONAL_REPRESENTATION('',(#154),#162);
#154 = B_SPLINE_CURVE_WITH_KNOTS('',6,(#155,#156,#157,#158,#159,#160,
    #161),.UNSPECIFIED.,.F.,.F.,(7,7),(2.705594010973,3.14159265359),
  .PIECEWISE_BEZIER_KNOTS.);
#155 = CARTESIAN_POINT('',(5.148387623002,-1.4999994));
#156 = CARTESIAN_POINT('',(5.075721182565,-1.935771671264));
#157 = CARTESIAN_POINT('',(5.003054742129,-2.289983292096));
#158 = CARTESIAN_POINT('',(4.930388301693,-2.558492446869));
#159 = CARTESIAN_POINT('',(4.857721861257,-2.738448921278));
#160 = CARTESIAN_POINT('',(4.785055420821,-2.828427124746));
#161 = CARTESIAN_POINT('',(4.712388980385,-2.828427124746));
#162 = ( GEOMETRIC_REPRESENTATION_CONTEXT(2) 
PARAMETRIC_REPRESENTATION_CONTEXT() REPRESENTATION_CONTEXT('2D SPACE',''
  ) );
#163 = PCURVE('',#164,#169);
#164 = PLANE('',#165);
#165 = AXIS2_PLACEMENT_3D('',#166,#167,#168);
#166 = CARTESIAN_POINT('',(-773.,-773.,0.));
#167 = DIRECTION('',(0.,0.,1.));
#168 = DIRECTION('',(1.,0.,-0.));
#169 = DEFINITIONAL_REPRESENTATION('',(#170),#174);
#170 = ELLIPSE('',#171,20.081832585698,14.2);
#171 = AXIS2_PLACEMENT_2D('',#172,#173);
#172 = CARTESIAN_POINT('',(593.95,747.98367427237));
#173 = DIRECTION('',(0.,1.));
#174 = ( GEOMETRIC_REPRESENTATION_CONTEXT(2) 
PARAMETRIC_REPRESENTATION_CONTEXT() REPRESENTATION_CONTEXT('2D SPACE',''
  ) );
#175 = ORIENTED_EDGE('',*,*,#176,.T.);
#176 = EDGE_CURVE('',#144,#177,#179,.T.);
#177 = VERTEX_POINT('',#178);
#178 = CARTESIAN_POINT('',(-179.05,-61.87184335382,16.773685040503));
#179 = SURFACE_CURVE('',#180,(#184,#191),.PCURVE_S1.);
#180 = LINE('',#181,#182);
#181 = CARTESIAN_POINT('',(-179.05,-43.09815831332,-2.));
#182 = VECTOR('',#183,1.);
#183 = DIRECTION('',(0.,-0.707106781187,0.707106781187));
#184 = PCURVE('',#44,#185);
#185 = DEFINITIONAL_REPRESENTATION('',(#186),#190);
#186 = LINE('',#187,#188);
#187 = CARTESIAN_POINT('',(4.712388980385,0.));
#188 = VECTOR('',#189,1.);
#189 = DIRECTION('',(0.,-1.));
#190 = ( GEOMETRIC_REPRESENTATION_CONTEXT(2) 
PARAMETRIC_REPRESENTATION_CONTEXT() REPRESENTATION_CONTEXT('2D SPACE',''
  ) );
#191 = PCURVE('',#192,#197);
#192 = PLANE('',#193);
#193 = AXIS2_PLACEMENT_3D('',#194,#195,#196);
#194 = CARTESIAN_POINT('',(-179.05,-43.09815831332,-2.));
#195 = DIRECTION('',(0.,0.707106781187,0.707106781187));
#196 = DIRECTION('',(1.,0.,0.));
#197 = DEFINITIONAL_REPRESENTATION('',(#198),#202);
#198 = LINE('',#199,#200);
#199 = CARTESIAN_POINT('',(0.,0.));
#200 = VECTOR('',#201,1.);
#201 = DIRECTION('',(0.,-1.));
#202 = ( GEOMETRIC_REPRESENTATION_CONTEXT(2) 
PARAMETRIC_REPRESENTATION_CONTEXT() REPRESENTATION_CONTEXT('2D SPACE',''
  ) );
#203 = ORIENTED_EDGE('',*,*,#204,.T.);
#204 = EDGE_CURVE('',#177,#24,#205,.T.);
#205 = SURFACE_CURVE('',#206,(#211,#218),.PCURVE_S1.);
#206 = CIRCLE('',#207,14.2);
#207 = AXIS2_PLACEMENT_3D('',#208,#209,#210);
#208 = CARTESIAN_POINT('',(-179.05,-51.83092706097,26.814601333352));
#209 = DIRECTION('',(0.,0.707106781187,-0.707106781187));
#210 = DIRECTION('',(0.,-0.707106781187,-0.707106781187));
#211 = PCURVE('',#44,#212);
#212 = DEFINITIONAL_REPRESENTATION('',(#213),#217);
#213 = LINE('',#214,#215);
#214 = CARTESIAN_POINT('',(4.712388980385,-26.55));
#215 = VECTOR('',#216,1.);
#216 = DIRECTION('',(1.,0.));
#217 = ( GEOMETRIC_REPRESENTATION_CONTEXT(2) 
PARAMETRIC_REPRESENTATION_CONTEXT() REPRESENTATION_CONTEXT('2D SPACE',''
  ) );
#218 = PCURVE('',#219,#224);
#219 = TOROIDAL_SURFACE('',#220,12.7,1.5);
#220 = AXIS2_PLACEMENT_3D('',#221,#222,#223);
#221 = CARTESIAN_POINT('',(-179.05,-51.83092706097,26.814601333352));
#222 = DIRECTION('',(0.,-0.707106781187,0.707106781187));
#223 = DIRECTION('',(0.,-0.707106781187,-0.707106781187));
#224 = DEFINITIONAL_REPRESENTATION('',(#225),#229);
#225 = LINE('',#226,#227);
#226 = CARTESIAN_POINT('',(-0.,0.));
#227 = VECTOR('',#228,1.);
#228 = DIRECTION('',(-1.,0.));
#229 = ( GEOMETRIC_REPRESENTATION_CONTEXT(2) 
PARAMETRIC_REPRESENTATION_CONTEXT() REPRESENTATION_CONTEXT('2D SPACE',''
  ) );
#230 = ORIENTED_EDGE('',*,*,#21,.F.);
#231 = ORIENTED_EDGE('',*,*,#232,.F.);
#232 = EDGE_CURVE('',#142,#22,#233,.T.);
#233 = SURFACE_CURVE('',#234,(#239,#246),.PCURVE_S1.);
#234 = CIRCLE('',#235,14.2);
#235 = AXIS2_PLACEMENT_3D('',#236,#237,#238);
#236 = CARTESIAN_POINT('',(-179.05,-34.11790219225,9.101576464629));
#237 = DIRECTION('',(0.,0.707106781187,-0.707106781187));
#238 = DIRECTION('',(0.,-0.707106781187,-0.707106781187));
#239 = PCURVE('',#44,#240);
#240 = DEFINITIONAL_REPRESENTATION('',(#241),#245);
#241 = LINE('',#242,#243);
#242 = CARTESIAN_POINT('',(4.712388980385,-1.5));
#243 = VECTOR('',#244,1.);
#244 = DIRECTION('',(1.,0.));
#245 = ( GEOMETRIC_REPRESENTATION_CONTEXT(2) 
PARAMETRIC_REPRESENTATION_CONTEXT() REPRESENTATION_CONTEXT('2D SPACE',''
  ) );
#246 = PCURVE('',#247,#252);
#247 = TOROIDAL_SURFACE('',#248,12.7,1.5);
#248 = AXIS2_PLACEMENT_3D('',#249,#250,#251);
#249 = CARTESIAN_POINT('',(-179.05,-34.11790219225,9.101576464629));
#250 = DIRECTION('',(0.,0.707106781187,-0.707106781187));
#251 = DIRECTION('',(0.,-0.707106781187,-0.707106781187));
#252 = DEFINITIONAL_REPRESENTATION('',(#253),#257);
#253 = LINE('',#254,#255);
#254 = CARTESIAN_POINT('',(0.,0.));
#255 = VECTOR('',#256,1.);
#256 = DIRECTION('',(1.,0.));
#257 = ( GEOMETRIC_REPRESENTATION_CONTEXT(2) 
PARAMETRIC_REPRESENTATION_CONTEXT() REPRESENTATION_CONTEXT('2D SPACE',''
  ) );
#258 = ADVANCED_FACE('',(#259),#126,.T.);
#259 = FACE_BOUND('',#260,.F.);
#260 = EDGE_LOOP('',(#261,#262,#284,#310));
#261 = ORIENTED_EDGE('',*,*,#112,.F.);
#262 = ORIENTED_EDGE('',*,*,#263,.T.);
#263 = EDGE_CURVE('',#22,#264,#266,.T.);
#264 = VERTEX_POINT('',#265);
#265 = CARTESIAN_POINT('',(-193.1642135623,-33.76434880165,
    8.748023074036));
#266 = SURFACE_CURVE('',#267,(#272,#278),.PCURVE_S1.);
#267 = CIRCLE('',#268,1.5);
#268 = AXIS2_PLACEMENT_3D('',#269,#270,#271);
#269 = CARTESIAN_POINT('',(-191.75,-34.11790219225,9.101576464629));
#270 = DIRECTION('',(-0.,-0.707106781187,-0.707106781187));
#271 = DIRECTION('',(-1.,0.,0.));
#272 = PCURVE('',#126,#273);
#273 = DEFINITIONAL_REPRESENTATION('',(#274),#277);
#274 = B_SPLINE_CURVE_WITH_KNOTS('',1,(#275,#276),.UNSPECIFIED.,.F.,.F.,
  (2,2),(0.,1.570796326795),.PIECEWISE_BEZIER_KNOTS.);
#275 = CARTESIAN_POINT('',(0.,7.105427357601E-15));
#276 = CARTESIAN_POINT('',(-1.570796326795,7.105427357601E-15));
#277 = ( GEOMETRIC_REPRESENTATION_CONTEXT(2) 
PARAMETRIC_REPRESENTATION_CONTEXT() REPRESENTATION_CONTEXT('2D SPACE',''
  ) );
#278 = PCURVE('',#247,#279);
#279 = DEFINITIONAL_REPRESENTATION('',(#280),#283);
#280 = B_SPLINE_CURVE_WITH_KNOTS('',1,(#281,#282),.UNSPECIFIED.,.F.,.F.,
  (2,2),(0.,1.570796326795),.PIECEWISE_BEZIER_KNOTS.);
#281 = CARTESIAN_POINT('',(1.570796326795,0.));
#282 = CARTESIAN_POINT('',(1.570796326795,1.570796326795));
#283 = ( GEOMETRIC_REPRESENTATION_CONTEXT(2) 
PARAMETRIC_REPRESENTATION_CONTEXT() REPRESENTATION_CONTEXT('2D SPACE',''
  ) );
#284 = ORIENTED_EDGE('',*,*,#285,.T.);
#285 = EDGE_CURVE('',#264,#286,#288,.T.);
#286 = VERTEX_POINT('',#287);
#287 = CARTESIAN_POINT('',(-193.1642135623,40.835416613523,
    83.347788489216));
#288 = SURFACE_CURVE('',#289,(#293,#299),.PCURVE_S1.);
#289 = LINE('',#290,#291);
#290 = CARTESIAN_POINT('',(-193.1642135623,-33.76434880165,
    8.748023074036));
#291 = VECTOR('',#292,1.);
#292 = DIRECTION('',(0.,0.707106781187,0.707106781187));
#293 = PCURVE('',#126,#294);
#294 = DEFINITIONAL_REPRESENTATION('',(#295),#298);
#295 = B_SPLINE_CURVE_WITH_KNOTS('',1,(#296,#297),.UNSPECIFIED.,.F.,.F.,
  (2,2),(-2.399999994024E-06,105.5000024),.PIECEWISE_BEZIER_KNOTS.);
#296 = CARTESIAN_POINT('',(-0.339836909454,-2.399999991554E-06));
#297 = CARTESIAN_POINT('',(-0.339836909454,105.5000024));
#298 = ( GEOMETRIC_REPRESENTATION_CONTEXT(2) 
PARAMETRIC_REPRESENTATION_CONTEXT() REPRESENTATION_CONTEXT('2D SPACE',''
  ) );
#299 = PCURVE('',#300,#305);
#300 = PLANE('',#301);
#301 = AXIS2_PLACEMENT_3D('',#302,#303,#304);
#302 = CARTESIAN_POINT('',(-193.25,-42.51237187569,0.));
#303 = DIRECTION('',(0.,-0.707106781187,0.707106781187));
#304 = DIRECTION('',(0.,0.707106781187,0.707106781187));
#305 = DEFINITIONAL_REPRESENTATION('',(#306),#309);
#306 = B_SPLINE_CURVE_WITH_KNOTS('',1,(#307,#308),.UNSPECIFIED.,.F.,.F.,
  (2,2),(-2.399999994024E-06,105.5000024),.PIECEWISE_BEZIER_KNOTS.);
#307 = CARTESIAN_POINT('',(12.371570475254,-8.578643762689E-02));
#308 = CARTESIAN_POINT('',(117.87157527525,-8.578643762689E-02));
#309 = ( GEOMETRIC_REPRESENTATION_CONTEXT(2) 
PARAMETRIC_REPRESENTATION_CONTEXT() REPRESENTATION_CONTEXT('2D SPACE',''
  ) );
#310 = ORIENTED_EDGE('',*,*,#311,.F.);
#311 = EDGE_CURVE('',#85,#286,#312,.T.);
#312 = SURFACE_CURVE('',#313,(#318,#324),.PCURVE_S1.);
#313 = CIRCLE('',#314,1.5);
#314 = AXIS2_PLACEMENT_3D('',#315,#316,#317);
#315 = CARTESIAN_POINT('',(-191.75,40.48186322293,83.70134187981));
#316 = DIRECTION('',(-0.,-0.707106781187,-0.707106781187));
#317 = DIRECTION('',(-1.,0.,0.));
#318 = PCURVE('',#126,#319);
#319 = DEFINITIONAL_REPRESENTATION('',(#320),#323);
#320 = B_SPLINE_CURVE_WITH_KNOTS('',1,(#321,#322),.UNSPECIFIED.,.F.,.F.,
  (2,2),(0.,1.570796326795),.PIECEWISE_BEZIER_KNOTS.);
#321 = CARTESIAN_POINT('',(0.,105.5));
#322 = CARTESIAN_POINT('',(-1.570796326795,105.5));
#323 = ( GEOMETRIC_REPRESENTATION_CONTEXT(2) 
PARAMETRIC_REPRESENTATION_CONTEXT() REPRESENTATION_CONTEXT('2D SPACE',''
  ) );
#324 = PCURVE('',#325,#330);
#325 = TOROIDAL_SURFACE('',#326,12.7,1.5);
#326 = AXIS2_PLACEMENT_3D('',#327,#328,#329);
#327 = CARTESIAN_POINT('',(-179.05,40.48186322293,83.70134187981));
#328 = DIRECTION('',(0.,0.707106781187,-0.707106781187));
#329 = DIRECTION('',(-1.,0.,0.));
#330 = DEFINITIONAL_REPRESENTATION('',(#331),#334);
#331 = B_SPLINE_CURVE_WITH_KNOTS('',1,(#332,#333),.UNSPECIFIED.,.F.,.F.,
  (2,2),(0.,1.570796326795),.PIECEWISE_BEZIER_KNOTS.);
#332 = CARTESIAN_POINT('',(0.,0.));
#333 = CARTESIAN_POINT('',(0.,1.570796326795));
#334 = ( GEOMETRIC_REPRESENTATION_CONTEXT(2) 
PARAMETRIC_REPRESENTATION_CONTEXT() REPRESENTATION_CONTEXT('2D SPACE',''
  ) );
#335 = ADVANCED_FACE('',(#336),#72,.T.);
#336 = FACE_BOUND('',#337,.T.);
#337 = EDGE_LOOP('',(#338,#360,#388,#413));
#338 = ORIENTED_EDGE('',*,*,#339,.T.);
#339 = EDGE_CURVE('',#24,#340,#342,.T.);
#340 = VERTEX_POINT('',#341);
#341 = CARTESIAN_POINT('',(-191.75,-52.89158723275,27.875261505132));
#342 = SURFACE_CURVE('',#343,(#348,#354),.PCURVE_S1.);
#343 = CIRCLE('',#344,1.5);
#344 = AXIS2_PLACEMENT_3D('',#345,#346,#347);
#345 = CARTESIAN_POINT('',(-191.75,-51.83092706097,26.814601333352));
#346 = DIRECTION('',(0.,0.707106781187,0.707106781187));
#347 = DIRECTION('',(-1.,0.,0.));
#348 = PCURVE('',#72,#349);
#349 = DEFINITIONAL_REPRESENTATION('',(#350),#353);
#350 = B_SPLINE_CURVE_WITH_KNOTS('',1,(#351,#352),.UNSPECIFIED.,.F.,.F.,
  (2,2),(0.,1.570796326795),.PIECEWISE_BEZIER_KNOTS.);
#351 = CARTESIAN_POINT('',(0.,7.105427357601E-15));
#352 = CARTESIAN_POINT('',(1.570796326795,7.105427357601E-15));
#353 = ( GEOMETRIC_REPRESENTATION_CONTEXT(2) 
PARAMETRIC_REPRESENTATION_CONTEXT() REPRESENTATION_CONTEXT('2D SPACE',''
  ) );
#354 = PCURVE('',#219,#355);
#355 = DEFINITIONAL_REPRESENTATION('',(#356),#359);
#356 = B_SPLINE_CURVE_WITH_KNOTS('',1,(#357,#358),.UNSPECIFIED.,.F.,.F.,
  (2,2),(0.,1.570796326795),.PIECEWISE_BEZIER_KNOTS.);
#357 = CARTESIAN_POINT('',(-1.570796326795,0.));
#358 = CARTESIAN_POINT('',(-1.570796326795,1.570796326795));
#359 = ( GEOMETRIC_REPRESENTATION_CONTEXT(2) 
PARAMETRIC_REPRESENTATION_CONTEXT() REPRESENTATION_CONTEXT('2D SPACE',''
  ) );
#360 = ORIENTED_EDGE('',*,*,#361,.T.);
#361 = EDGE_CURVE('',#340,#362,#364,.T.);
#362 = VERTEX_POINT('',#363);
#363 = CARTESIAN_POINT('',(-191.75,21.708178182427,102.47502692031));
#364 = SURFACE_CURVE('',#365,(#369,#376),.PCURVE_S1.);
#365 = LINE('',#366,#367);
#366 = CARTESIAN_POINT('',(-191.75,-52.89158723275,27.875261505132));
#367 = VECTOR('',#368,1.);
#368 = DIRECTION('',(0.,0.707106781187,0.707106781187));
#369 = PCURVE('',#72,#370);
#370 = DEFINITIONAL_REPRESENTATION('',(#371),#375);
#371 = LINE('',#372,#373);
#372 = CARTESIAN_POINT('',(1.570796326795,0.));
#373 = VECTOR('',#374,1.);
#374 = DIRECTION('',(0.,1.));
#375 = ( GEOMETRIC_REPRESENTATION_CONTEXT(2) 
PARAMETRIC_REPRESENTATION_CONTEXT() REPRESENTATION_CONTEXT('2D SPACE',''
  ) );
#376 = PCURVE('',#377,#382);
#377 = PLANE('',#378);
#378 = AXIS2_PLACEMENT_3D('',#379,#380,#381);
#379 = CARTESIAN_POINT('',(-9.852656321339E-15,-15.59170452516,
    65.175144212722));
#380 = DIRECTION('',(0.,-0.707106781187,0.707106781187));
#381 = DIRECTION('',(1.,0.,0.));
#382 = DEFINITIONAL_REPRESENTATION('',(#383),#387);
#383 = LINE('',#384,#385);
#384 = CARTESIAN_POINT('',(-191.75,-52.75));
#385 = VECTOR('',#386,1.);
#386 = DIRECTION('',(0.,1.));
#387 = ( GEOMETRIC_REPRESENTATION_CONTEXT(2) 
PARAMETRIC_REPRESENTATION_CONTEXT() REPRESENTATION_CONTEXT('2D SPACE',''
  ) );
#388 = ORIENTED_EDGE('',*,*,#389,.F.);
#389 = EDGE_CURVE('',#57,#362,#390,.T.);
#390 = SURFACE_CURVE('',#391,(#396,#402),.PCURVE_S1.);
#391 = CIRCLE('',#392,1.5);
#392 = AXIS2_PLACEMENT_3D('',#393,#394,#395);
#393 = CARTESIAN_POINT('',(-191.75,22.768838354207,101.41436674853));
#394 = DIRECTION('',(0.,0.707106781187,0.707106781187));
#395 = DIRECTION('',(-1.,0.,0.));
#396 = PCURVE('',#72,#397);
#397 = DEFINITIONAL_REPRESENTATION('',(#398),#401);
#398 = B_SPLINE_CURVE_WITH_KNOTS('',1,(#399,#400),.UNSPECIFIED.,.F.,.F.,
  (2,2),(0.,1.570796326795),.PIECEWISE_BEZIER_KNOTS.);
#399 = CARTESIAN_POINT('',(0.,105.5));
#400 = CARTESIAN_POINT('',(1.570796326795,105.5));
#401 = ( GEOMETRIC_REPRESENTATION_CONTEXT(2) 
PARAMETRIC_REPRESENTATION_CONTEXT() REPRESENTATION_CONTEXT('2D SPACE',''
  ) );
#402 = PCURVE('',#403,#408);
#403 = TOROIDAL_SURFACE('',#404,12.7,1.5);
#404 = AXIS2_PLACEMENT_3D('',#405,#406,#407);
#405 = CARTESIAN_POINT('',(-179.05,22.768838354207,101.41436674853));
#406 = DIRECTION('',(0.,-0.707106781187,0.707106781187));
#407 = DIRECTION('',(-1.,0.,0.));
#408 = DEFINITIONAL_REPRESENTATION('',(#409),#412);
#409 = B_SPLINE_CURVE_WITH_KNOTS('',1,(#410,#411),.UNSPECIFIED.,.F.,.F.,
  (2,2),(0.,1.570796326795),.PIECEWISE_BEZIER_KNOTS.);
#410 = CARTESIAN_POINT('',(0.,0.));
#411 = CARTESIAN_POINT('',(0.,1.570796326795));
#412 = ( GEOMETRIC_REPRESENTATION_CONTEXT(2) 
PARAMETRIC_REPRESENTATION_CONTEXT() REPRESENTATION_CONTEXT('2D SPACE',''
  ) );
#413 = ORIENTED_EDGE('',*,*,#56,.F.);
#414 = ADVANCED_FACE('',(#415),#100,.T.);
#415 = FACE_BOUND('',#416,.T.);
#416 = EDGE_LOOP('',(#417,#418,#442,#470));
#417 = ORIENTED_EDGE('',*,*,#84,.T.);
#418 = ORIENTED_EDGE('',*,*,#419,.T.);
#419 = EDGE_CURVE('',#57,#420,#422,.T.);
#420 = VERTEX_POINT('',#421);
#421 = CARTESIAN_POINT('',(-179.05,32.809754647056,111.45528304138));
#422 = SURFACE_CURVE('',#423,(#428,#435),.PCURVE_S1.);
#423 = CIRCLE('',#424,14.2);
#424 = AXIS2_PLACEMENT_3D('',#425,#426,#427);
#425 = CARTESIAN_POINT('',(-179.05,22.768838354207,101.41436674853));
#426 = DIRECTION('',(0.,0.707106781187,-0.707106781187));
#427 = DIRECTION('',(-1.,0.,0.));
#428 = PCURVE('',#100,#429);
#429 = DEFINITIONAL_REPRESENTATION('',(#430),#434);
#430 = LINE('',#431,#432);
#431 = CARTESIAN_POINT('',(0.,-26.55));
#432 = VECTOR('',#433,1.);
#433 = DIRECTION('',(1.,0.));
#434 = ( GEOMETRIC_REPRESENTATION_CONTEXT(2) 
PARAMETRIC_REPRESENTATION_CONTEXT() REPRESENTATION_CONTEXT('2D SPACE',''
  ) );
#435 = PCURVE('',#403,#436);
#436 = DEFINITIONAL_REPRESENTATION('',(#437),#441);
#437 = LINE('',#438,#439);
#438 = CARTESIAN_POINT('',(-0.,0.));
#439 = VECTOR('',#440,1.);
#440 = DIRECTION('',(-1.,0.));
#441 = ( GEOMETRIC_REPRESENTATION_CONTEXT(2) 
PARAMETRIC_REPRESENTATION_CONTEXT() REPRESENTATION_CONTEXT('2D SPACE',''
  ) );
#442 = ORIENTED_EDGE('',*,*,#443,.F.);
#443 = EDGE_CURVE('',#444,#420,#446,.T.);
#444 = VERTEX_POINT('',#445);
#445 = CARTESIAN_POINT('',(-179.05,50.522779515779,93.742258172659));
#446 = SURFACE_CURVE('',#447,(#451,#458),.PCURVE_S1.);
#447 = LINE('',#448,#449);
#448 = CARTESIAN_POINT('',(-179.05,51.583439687559,92.681598000879));
#449 = VECTOR('',#450,1.);
#450 = DIRECTION('',(0.,-0.707106781187,0.707106781187));
#451 = PCURVE('',#100,#452);
#452 = DEFINITIONAL_REPRESENTATION('',(#453),#457);
#453 = LINE('',#454,#455);
#454 = CARTESIAN_POINT('',(1.570796326795,0.));
#455 = VECTOR('',#456,1.);
#456 = DIRECTION('',(0.,-1.));
#457 = ( GEOMETRIC_REPRESENTATION_CONTEXT(2) 
PARAMETRIC_REPRESENTATION_CONTEXT() REPRESENTATION_CONTEXT('2D SPACE',''
  ) );
#458 = PCURVE('',#459,#464);
#459 = PLANE('',#460);
#460 = AXIS2_PLACEMENT_3D('',#461,#462,#463);
#461 = CARTESIAN_POINT('',(-179.05,51.583439687559,92.681598000879));
#462 = DIRECTION('',(0.,0.707106781187,0.707106781187));
#463 = DIRECTION('',(1.,0.,0.));
#464 = DEFINITIONAL_REPRESENTATION('',(#465),#469);
#465 = LINE('',#466,#467);
#466 = CARTESIAN_POINT('',(0.,0.));
#467 = VECTOR('',#468,1.);
#468 = DIRECTION('',(0.,-1.));
#469 = ( GEOMETRIC_REPRESENTATION_CONTEXT(2) 
PARAMETRIC_REPRESENTATION_CONTEXT() REPRESENTATION_CONTEXT('2D SPACE',''
  ) );
#470 = ORIENTED_EDGE('',*,*,#471,.F.);
#471 = EDGE_CURVE('',#85,#444,#472,.T.);
#472 = SURFACE_CURVE('',#473,(#478,#485),.PCURVE_S1.);
#473 = CIRCLE('',#474,14.2);
#474 = AXIS2_PLACEMENT_3D('',#475,#476,#477);
#475 = CARTESIAN_POINT('',(-179.05,40.48186322293,83.70134187981));
#476 = DIRECTION('',(0.,0.707106781187,-0.707106781187));
#477 = DIRECTION('',(-1.,0.,0.));
#478 = PCURVE('',#100,#479);
#479 = DEFINITIONAL_REPRESENTATION('',(#480),#484);
#480 = LINE('',#481,#482);
#481 = CARTESIAN_POINT('',(0.,-1.5));
#482 = VECTOR('',#483,1.);
#483 = DIRECTION('',(1.,0.));
#484 = ( GEOMETRIC_REPRESENTATION_CONTEXT(2) 
PARAMETRIC_REPRESENTATION_CONTEXT() REPRESENTATION_CONTEXT('2D SPACE',''
  ) );
#485 = PCURVE('',#325,#486);
#486 = DEFINITIONAL_REPRESENTATION('',(#487),#491);
#487 = LINE('',#488,#489);
#488 = CARTESIAN_POINT('',(0.,0.));
#489 = VECTOR('',#490,1.);
#490 = DIRECTION('',(1.,0.));
#491 = ( GEOMETRIC_REPRESENTATION_CONTEXT(2) 
PARAMETRIC_REPRESENTATION_CONTEXT() REPRESENTATION_CONTEXT('2D SPACE',''
  ) );
#492 = ADVANCED_FACE('',(#493),#164,.F.);
#493 = FACE_BOUND('',#494,.F.);
#494 = EDGE_LOOP('',(#495,#523,#550,#578,#606,#634,#672,#695,#944,#945)
  );
#495 = ORIENTED_EDGE('',*,*,#496,.T.);
#496 = EDGE_CURVE('',#497,#499,#501,.T.);
#497 = VERTEX_POINT('',#498);
#498 = CARTESIAN_POINT('',(-142.,-45.09815831332,0.));
#499 = VERTEX_POINT('',#500);
#500 = CARTESIAN_POINT('',(-142.,-41.09815831332,0.));
#501 = SURFACE_CURVE('',#502,(#506,#512),.PCURVE_S1.);
#502 = LINE('',#503,#504);
#503 = CARTESIAN_POINT('',(-142.,-773.,0.));
#504 = VECTOR('',#505,1.);
#505 = DIRECTION('',(-0.,1.,0.));
#506 = PCURVE('',#164,#507);
#507 = DEFINITIONAL_REPRESENTATION('',(#508),#511);
#508 = B_SPLINE_CURVE_WITH_KNOTS('',1,(#509,#510),.UNSPECIFIED.,.F.,.F.,
  (2,2),(727.90184168668,803.87633290637),.PIECEWISE_BEZIER_KNOTS.);
#509 = CARTESIAN_POINT('',(631.,727.90184168668));
#510 = CARTESIAN_POINT('',(631.,803.87633290637));
#511 = ( GEOMETRIC_REPRESENTATION_CONTEXT(2) 
PARAMETRIC_REPRESENTATION_CONTEXT() REPRESENTATION_CONTEXT('2D SPACE',''
  ) );
#512 = PCURVE('',#513,#518);
#513 = PLANE('',#514);
#514 = AXIS2_PLACEMENT_3D('',#515,#516,#517);
#515 = CARTESIAN_POINT('',(-142.,-773.,-773.));
#516 = DIRECTION('',(1.,0.,-0.));
#517 = DIRECTION('',(0.,0.,1.));
#518 = DEFINITIONAL_REPRESENTATION('',(#519),#522);
#519 = B_SPLINE_CURVE_WITH_KNOTS('',1,(#520,#521),.UNSPECIFIED.,.F.,.F.,
  (2,2),(727.90184168668,803.87633290637),.PIECEWISE_BEZIER_KNOTS.);
#520 = CARTESIAN_POINT('',(773.,-727.9018416866));
#521 = CARTESIAN_POINT('',(773.,-803.8763329063));
#522 = ( GEOMETRIC_REPRESENTATION_CONTEXT(2) 
PARAMETRIC_REPRESENTATION_CONTEXT() REPRESENTATION_CONTEXT('2D SPACE',''
  ) );
#523 = ORIENTED_EDGE('',*,*,#524,.T.);
#524 = EDGE_CURVE('',#499,#525,#527,.T.);
#525 = VERTEX_POINT('',#526);
#526 = CARTESIAN_POINT('',(-175.25,-41.09815831332,0.));
#527 = SURFACE_CURVE('',#528,(#532,#539),.PCURVE_S1.);
#528 = LINE('',#529,#530);
#529 = CARTESIAN_POINT('',(-386.5,-41.09815831332,0.));
#530 = VECTOR('',#531,1.);
#531 = DIRECTION('',(-1.,0.,0.));
#532 = PCURVE('',#164,#533);
#533 = DEFINITIONAL_REPRESENTATION('',(#534),#538);
#534 = LINE('',#535,#536);
#535 = CARTESIAN_POINT('',(386.5,731.90184168668));
#536 = VECTOR('',#537,1.);
#537 = DIRECTION('',(-1.,0.));
#538 = ( GEOMETRIC_REPRESENTATION_CONTEXT(2) 
PARAMETRIC_REPRESENTATION_CONTEXT() REPRESENTATION_CONTEXT('2D SPACE',''
  ) );
#539 = PCURVE('',#540,#545);
#540 = PLANE('',#541);
#541 = AXIS2_PLACEMENT_3D('',#542,#543,#544);
#542 = CARTESIAN_POINT('',(-9.852656321339E-15,4.242640687119,
    45.340799000439));
#543 = DIRECTION('',(0.,-0.707106781187,0.707106781187));
#544 = DIRECTION('',(1.,0.,0.));
#545 = DEFINITIONAL_REPRESENTATION('',(#546),#549);
#546 = B_SPLINE_CURVE_WITH_KNOTS('',1,(#547,#548),.UNSPECIFIED.,.F.,.F.,
  (2,2),(-571.2048501609,-201.795149839),.PIECEWISE_BEZIER_KNOTS.);
#547 = CARTESIAN_POINT('',(184.70485016095,-64.12157287525));
#548 = CARTESIAN_POINT('',(-184.7048501609,-64.12157287525));
#549 = ( GEOMETRIC_REPRESENTATION_CONTEXT(2) 
PARAMETRIC_REPRESENTATION_CONTEXT() REPRESENTATION_CONTEXT('2D SPACE',''
  ) );
#550 = ORIENTED_EDGE('',*,*,#551,.F.);
#551 = EDGE_CURVE('',#552,#525,#554,.T.);
#552 = VERTEX_POINT('',#553);
#553 = CARTESIAN_POINT('',(-175.25,30.876332906372,0.));
#554 = SURFACE_CURVE('',#555,(#559,#566),.PCURVE_S1.);
#555 = LINE('',#556,#557);
#556 = CARTESIAN_POINT('',(-175.25,50.876332906372,0.));
#557 = VECTOR('',#558,1.);
#558 = DIRECTION('',(0.,-1.,0.));
#559 = PCURVE('',#164,#560);
#560 = DEFINITIONAL_REPRESENTATION('',(#561),#565);
#561 = LINE('',#562,#563);
#562 = CARTESIAN_POINT('',(597.75,823.87633290637));
#563 = VECTOR('',#564,1.);
#564 = DIRECTION('',(0.,-1.));
#565 = ( GEOMETRIC_REPRESENTATION_CONTEXT(2) 
PARAMETRIC_REPRESENTATION_CONTEXT() REPRESENTATION_CONTEXT('2D SPACE',''
  ) );
#566 = PCURVE('',#567,#572);
#567 = PLANE('',#568);
#568 = AXIS2_PLACEMENT_3D('',#569,#570,#571);
#569 = CARTESIAN_POINT('',(-175.25,16.793501916115,34.082830990257));
#570 = DIRECTION('',(-1.,-0.,-0.));
#571 = DIRECTION('',(0.,-1.,0.));
#572 = DEFINITIONAL_REPRESENTATION('',(#573),#577);
#573 = LINE('',#574,#575);
#574 = CARTESIAN_POINT('',(-34.08283099025,-34.08283099025));
#575 = VECTOR('',#576,1.);
#576 = DIRECTION('',(1.,0.));
#577 = ( GEOMETRIC_REPRESENTATION_CONTEXT(2) 
PARAMETRIC_REPRESENTATION_CONTEXT() REPRESENTATION_CONTEXT('2D SPACE',''
  ) );
#578 = ORIENTED_EDGE('',*,*,#579,.F.);
#579 = EDGE_CURVE('',#580,#552,#582,.T.);
#580 = VERTEX_POINT('',#581);
#581 = CARTESIAN_POINT('',(-193.25,30.876332906372,0.));
#582 = SURFACE_CURVE('',#583,(#587,#594),.PCURVE_S1.);
#583 = LINE('',#584,#585);
#584 = CARTESIAN_POINT('',(-193.25,30.876332906372,0.));
#585 = VECTOR('',#586,1.);
#586 = DIRECTION('',(1.,-0.,-0.));
#587 = PCURVE('',#164,#588);
#588 = DEFINITIONAL_REPRESENTATION('',(#589),#593);
#589 = LINE('',#590,#591);
#590 = CARTESIAN_POINT('',(579.75,803.87633290637));
#591 = VECTOR('',#592,1.);
#592 = DIRECTION('',(1.,-0.));
#593 = ( GEOMETRIC_REPRESENTATION_CONTEXT(2) 
PARAMETRIC_REPRESENTATION_CONTEXT() REPRESENTATION_CONTEXT('2D SPACE',''
  ) );
#594 = PCURVE('',#595,#600);
#595 = CYLINDRICAL_SURFACE('',#596,20.);
#596 = AXIS2_PLACEMENT_3D('',#597,#598,#599);
#597 = CARTESIAN_POINT('',(-193.25,30.876332906372,20.));
#598 = DIRECTION('',(-1.,-0.,-0.));
#599 = DIRECTION('',(0.,1.,0.));
#600 = DEFINITIONAL_REPRESENTATION('',(#601),#605);
#601 = LINE('',#602,#603);
#602 = CARTESIAN_POINT('',(-4.712388980385,0.));
#603 = VECTOR('',#604,1.);
#604 = DIRECTION('',(-0.,-1.));
#605 = ( GEOMETRIC_REPRESENTATION_CONTEXT(2) 
PARAMETRIC_REPRESENTATION_CONTEXT() REPRESENTATION_CONTEXT('2D SPACE',''
  ) );
#606 = ORIENTED_EDGE('',*,*,#607,.T.);
#607 = EDGE_CURVE('',#580,#608,#610,.T.);
#608 = VERTEX_POINT('',#609);
#609 = CARTESIAN_POINT('',(-193.25,-25.01632572762,0.));
#610 = SURFACE_CURVE('',#611,(#615,#622),.PCURVE_S1.);
#611 = LINE('',#612,#613);
#612 = CARTESIAN_POINT('',(-193.25,50.876332906372,0.));
#613 = VECTOR('',#614,1.);
#614 = DIRECTION('',(0.,-1.,0.));
#615 = PCURVE('',#164,#616);
#616 = DEFINITIONAL_REPRESENTATION('',(#617),#621);
#617 = LINE('',#618,#619);
#618 = CARTESIAN_POINT('',(579.75,823.87633290637));
#619 = VECTOR('',#620,1.);
#620 = DIRECTION('',(0.,-1.));
#621 = ( GEOMETRIC_REPRESENTATION_CONTEXT(2) 
PARAMETRIC_REPRESENTATION_CONTEXT() REPRESENTATION_CONTEXT('2D SPACE',''
  ) );
#622 = PCURVE('',#623,#628);
#623 = PLANE('',#624);
#624 = AXIS2_PLACEMENT_3D('',#625,#626,#627);
#625 = CARTESIAN_POINT('',(-193.25,16.793501916115,34.082830990257));
#626 = DIRECTION('',(-1.,-0.,-0.));
#627 = DIRECTION('',(0.,-1.,0.));
#628 = DEFINITIONAL_REPRESENTATION('',(#629),#633);
#629 = LINE('',#630,#631);
#630 = CARTESIAN_POINT('',(-34.08283099025,-34.08283099025));
#631 = VECTOR('',#632,1.);
#632 = DIRECTION('',(1.,0.));
#633 = ( GEOMETRIC_REPRESENTATION_CONTEXT(2) 
PARAMETRIC_REPRESENTATION_CONTEXT() REPRESENTATION_CONTEXT('2D SPACE',''
  ) );
#634 = ORIENTED_EDGE('',*,*,#635,.F.);
#635 = EDGE_CURVE('',#636,#608,#638,.T.);
#636 = VERTEX_POINT('',#637);
#637 = CARTESIAN_POINT('',(-186.0202356195,-42.51237187569,
    2.48689957516E-14));
#638 = SURFACE_CURVE('',#639,(#644,#655),.PCURVE_S1.);
#639 = ELLIPSE('',#640,20.081832585698,14.2);
#640 = AXIS2_PLACEMENT_3D('',#641,#642,#643);
#641 = CARTESIAN_POINT('',(-179.05,-25.01632572762,0.));
#642 = DIRECTION('',(0.,-0.,-1.));
#643 = DIRECTION('',(0.,1.,-0.));
#644 = PCURVE('',#164,#645);
#645 = DEFINITIONAL_REPRESENTATION('',(#646),#654);
#646 = ( BOUNDED_CURVE() B_SPLINE_CURVE(2,(#647,#648,#649,#650,#651,#652
,#653),.UNSPECIFIED.,.T.,.F.) B_SPLINE_CURVE_WITH_KNOTS((1,2,2,2,2,1),(
    -2.094395102393,0.,2.094395102393,4.188790204786,6.28318530718,
8.377580409573),.UNSPECIFIED.) CURVE() GEOMETRIC_REPRESENTATION_ITEM() 
RATIONAL_B_SPLINE_CURVE((1.,0.5,1.,0.5,1.,0.5,1.)) REPRESENTATION_ITEM(
  '') );
#647 = CARTESIAN_POINT('',(593.95,768.06550685807));
#648 = CARTESIAN_POINT('',(618.54512146747,768.06550685807));
#649 = CARTESIAN_POINT('',(606.24756073373,737.94275797952));
#650 = CARTESIAN_POINT('',(593.95,707.82000910098));
#651 = CARTESIAN_POINT('',(581.65243926626,737.94275797952));
#652 = CARTESIAN_POINT('',(569.35487853252,768.06550685807));
#653 = CARTESIAN_POINT('',(593.95,768.06550685807));
#654 = ( GEOMETRIC_REPRESENTATION_CONTEXT(2) 
PARAMETRIC_REPRESENTATION_CONTEXT() REPRESENTATION_CONTEXT('2D SPACE',''
  ) );
#655 = PCURVE('',#656,#661);
#656 = CYLINDRICAL_SURFACE('',#657,14.2);
#657 = AXIS2_PLACEMENT_3D('',#658,#659,#660);
#658 = CARTESIAN_POINT('',(-179.05,179.07479233549,-204.0911180631));
#659 = DIRECTION('',(0.,0.707106781187,-0.707106781187));
#660 = DIRECTION('',(-1.,0.,0.));
#661 = DEFINITIONAL_REPRESENTATION('',(#662),#671);
#662 = B_SPLINE_CURVE_WITH_KNOTS('',7,(#663,#664,#665,#666,#667,#668,
    #669,#670),.UNSPECIFIED.,.F.,.F.,(8,8),(3.654671056043,
    4.712388980385),.PIECEWISE_BEZIER_KNOTS.);
#663 = CARTESIAN_POINT('',(5.225467382837,-301.0000006));
#664 = CARTESIAN_POINT('',(5.376569943458,-299.9467803106));
#665 = CARTESIAN_POINT('',(5.527672504078,-298.5640140788));
#666 = CARTESIAN_POINT('',(5.678775064698,-296.8909825916));
#667 = CARTESIAN_POINT('',(5.829877625319,-294.9853818082));
#668 = CARTESIAN_POINT('',(5.980980185939,-292.9197394548));
#669 = CARTESIAN_POINT('',(6.132082746559,-290.7740834855));
#670 = CARTESIAN_POINT('',(6.28318530718,-288.6284271247));
#671 = ( GEOMETRIC_REPRESENTATION_CONTEXT(2) 
PARAMETRIC_REPRESENTATION_CONTEXT() REPRESENTATION_CONTEXT('2D SPACE',''
  ) );
#672 = ORIENTED_EDGE('',*,*,#673,.T.);
#673 = EDGE_CURVE('',#636,#674,#676,.T.);
#674 = VERTEX_POINT('',#675);
#675 = CARTESIAN_POINT('',(-185.8437625125,-42.51237187569,0.));
#676 = SURFACE_CURVE('',#677,(#681,#688),.PCURVE_S1.);
#677 = LINE('',#678,#679);
#678 = CARTESIAN_POINT('',(-193.25,-42.51237187569,0.));
#679 = VECTOR('',#680,1.);
#680 = DIRECTION('',(1.,-0.,-0.));
#681 = PCURVE('',#164,#682);
#682 = DEFINITIONAL_REPRESENTATION('',(#683),#687);
#683 = LINE('',#684,#685);
#684 = CARTESIAN_POINT('',(579.75,730.4876281243));
#685 = VECTOR('',#686,1.);
#686 = DIRECTION('',(1.,-0.));
#687 = ( GEOMETRIC_REPRESENTATION_CONTEXT(2) 
PARAMETRIC_REPRESENTATION_CONTEXT() REPRESENTATION_CONTEXT('2D SPACE',''
  ) );
#688 = PCURVE('',#300,#689);
#689 = DEFINITIONAL_REPRESENTATION('',(#690),#694);
#690 = LINE('',#691,#692);
#691 = CARTESIAN_POINT('',(0.,0.));
#692 = VECTOR('',#693,1.);
#693 = DIRECTION('',(0.,-1.));
#694 = ( GEOMETRIC_REPRESENTATION_CONTEXT(2) 
PARAMETRIC_REPRESENTATION_CONTEXT() REPRESENTATION_CONTEXT('2D SPACE',''
  ) );
#695 = ORIENTED_EDGE('',*,*,#696,.F.);
#696 = EDGE_CURVE('',#142,#674,#697,.T.);
#697 = SURFACE_CURVE('',#698,(#778,#861),.PCURVE_S1.);
#698 = B_SPLINE_CURVE_WITH_KNOTS('',8,(#699,#700,#701,#702,#703,#704,
    #705,#706,#707,#708,#709,#710,#711,#712,#713,#714,#715,#716,#717,
    #718,#719,#720,#721,#722,#723,#724,#725,#726,#727,#728,#729,#730,
    #731,#732,#733,#734,#735,#736,#737,#738,#739,#740,#741,#742,#743,
    #744,#745,#746,#747,#748,#749,#750,#751,#752,#753,#754,#755,#756,
    #757,#758,#759,#760,#761,#762,#763,#764,#765,#766,#767,#768,#769,
    #770,#771,#772,#773,#774,#775,#776,#777),.UNSPECIFIED.,.F.,.F.,(9,7,
    7,7,7,7,7,7,7,7,7,9),(0.,0.206676992958,0.366655182992,
    0.457503359283,0.496278129559,0.519340619277,0.56708283166,
    0.629234888071,0.66053909756,0.722407393764,0.950531311996,1.),
  .UNSPECIFIED.);
#699 = CARTESIAN_POINT('',(-185.0468835003,-43.21947865688,0.));
#700 = CARTESIAN_POINT('',(-185.1291183585,-43.16529542105,0.));
#701 = CARTESIAN_POINT('',(-185.2098749296,-43.10930745633,0.));
#702 = CARTESIAN_POINT('',(-185.2890255881,-43.05142897931,0.));
#703 = CARTESIAN_POINT('',(-185.3663927825,-42.99157495597,0.));
#704 = CARTESIAN_POINT('',(-185.4417523701,-42.92966409316,0.));
#705 = CARTESIAN_POINT('',(-185.5148290087,-42.86561567391,0.));
#706 = CARTESIAN_POINT('',(-185.5852836064,-42.79934023637,0.));
#707 = CARTESIAN_POINT('',(-185.7048708921,-42.67761181881,0.));
#708 = CARTESIAN_POINT('',(-185.7551894344,-42.62313182897,0.));
#709 = CARTESIAN_POINT('',(-185.8034780126,-42.56721306735,0.));
#710 = CARTESIAN_POINT('',(-185.8494910636,-42.50980777623,0.));
#711 = CARTESIAN_POINT('',(-185.8929146253,-42.45089538915,0.));
#712 = CARTESIAN_POINT('',(-185.9333639991,-42.39048288495,0.));
#713 = CARTESIAN_POINT('',(-185.9703723546,-42.32860160674,0.));
#714 = CARTESIAN_POINT('',(-186.0221090855,-42.2293532336,0.));
#715 = CARTESIAN_POINT('',(-186.0395461973,-42.19296333341,0.));
#716 = CARTESIAN_POINT('',(-186.0555780537,-42.15614360671,0.));
#717 = CARTESIAN_POINT('',(-186.0700823141,-42.11892232647,0.));
#718 = CARTESIAN_POINT('',(-186.082921823,-42.08134406937,0.));
#719 = CARTESIAN_POINT('',(-186.0939485783,-42.04347050811,0.));
#720 = CARTESIAN_POINT('',(-186.1030076997,-42.00538120365,0.));
#721 = CARTESIAN_POINT('',(-186.1129007579,-41.95086740937,0.));
#722 = CARTESIAN_POINT('',(-186.1154727462,-41.93454037035,0.));
#723 = CARTESIAN_POINT('',(-186.1176451766,-41.91820169116,0.));
#724 = CARTESIAN_POINT('',(-186.1194058499,-41.90186072364,0.));
#725 = CARTESIAN_POINT('',(-186.1207427757,-41.88552774999,0.));
#726 = CARTESIAN_POINT('',(-186.1216443964,-41.86921397202,0.));
#727 = CARTESIAN_POINT('',(-186.1220998096,-41.85293150031,0.));
#728 = CARTESIAN_POINT('',(-186.122098505,-41.82703519918,0.));
#729 = CARTESIAN_POINT('',(-186.1219366436,-41.81739272457,0.));
#730 = CARTESIAN_POINT('',(-186.1216112632,-41.80776868487,0.));
#731 = CARTESIAN_POINT('',(-186.1211203772,-41.79816593172,0.));
#732 = CARTESIAN_POINT('',(-186.1204621573,-41.78858740317,0.));
#733 = CARTESIAN_POINT('',(-186.1196349325,-41.77903612368,0.));
#734 = CARTESIAN_POINT('',(-186.1186371899,-41.76951520412,0.));
#735 = CARTESIAN_POINT('',(-186.1150463251,-41.74038782573,0.));
#736 = CARTESIAN_POINT('',(-186.111888471,-41.7208904707,0.));
#737 = CARTESIAN_POINT('',(-186.1079824157,-41.70156541839,0.));
#738 = CARTESIAN_POINT('',(-186.1033203041,-41.68244225164,0.));
#739 = CARTESIAN_POINT('',(-186.0978985017,-41.66355030143,0.));
#740 = CARTESIAN_POINT('',(-186.0917180738,-41.64491845401,0.));
#741 = CARTESIAN_POINT('',(-186.0847852653,-41.62657495793,0.));
#742 = CARTESIAN_POINT('',(-186.0671226966,-41.58507826657,0.));
#743 = CARTESIAN_POINT('',(-186.055876652,-41.56214021323,0.));
#744 = CARTESIAN_POINT('',(-186.0434002667,-41.53979557562,0.));
#745 = CARTESIAN_POINT('',(-186.0297327391,-41.51809515558,0.));
#746 = CARTESIAN_POINT('',(-186.0149241388,-41.49707905304,0.));
#747 = CARTESIAN_POINT('',(-185.9990334993,-41.47677766673,0.));
#748 = CARTESIAN_POINT('',(-185.9821269109,-41.45721269495,0.));
#749 = CARTESIAN_POINT('',(-185.9552844275,-41.42892178228,0.));
#750 = CARTESIAN_POINT('',(-185.9460528254,-41.41963512201,0.));
#751 = CARTESIAN_POINT('',(-185.9365895728,-41.41053940453,0.));
#752 = CARTESIAN_POINT('',(-185.9269033824,-41.40163536392,0.));
#753 = CARTESIAN_POINT('',(-185.9170029152,-41.39292321927,0.));
#754 = CARTESIAN_POINT('',(-185.9068967799,-41.38440267468,0.));
#755 = CARTESIAN_POINT('',(-185.8965935332,-41.37607291924,0.));
#756 = CARTESIAN_POINT('',(-185.8653660303,-41.35184450291,0.));
#757 = CARTESIAN_POINT('',(-185.8438941712,-41.33649734639,0.));
#758 = CARTESIAN_POINT('',(-185.8217496363,-41.32188046316,0.));
#759 = CARTESIAN_POINT('',(-185.798993099,-41.30797816008,0.));
#760 = CARTESIAN_POINT('',(-185.7756815149,-41.29477081594,0.));
#761 = CARTESIAN_POINT('',(-185.7518672654,-41.28223595219,0.));
#762 = CARTESIAN_POINT('',(-185.7275973005,-41.27034930366,0.));
#763 = CARTESIAN_POINT('',(-185.6118924335,-41.21755485699,0.));
#764 = CARTESIAN_POINT('',(-185.515495706,-41.18461721278,0.));
#765 = CARTESIAN_POINT('',(-185.4154200459,-41.15874243196,0.));
#766 = CARTESIAN_POINT('',(-185.3128866638,-41.13881557468,0.));
#767 = CARTESIAN_POINT('',(-185.2087903946,-41.12385436178,0.));
#768 = CARTESIAN_POINT('',(-185.1036711737,-41.11307758199,0.));
#769 = CARTESIAN_POINT('',(-184.9977508596,-41.10584286471,0.));
#770 = CARTESIAN_POINT('',(-184.8677565424,-41.10075169933,0.));
#771 = CARTESIAN_POINT('',(-184.8445602375,-41.09998833612,0.));
#772 = CARTESIAN_POINT('',(-184.8213355537,-41.09936375842,0.));
#773 = CARTESIAN_POINT('',(-184.7980844759,-41.09887305456,0.));
#774 = CARTESIAN_POINT('',(-184.7748088242,-41.09851152915,0.));
#775 = CARTESIAN_POINT('',(-184.7515102544,-41.09827470304,0.));
#776 = CARTESIAN_POINT('',(-184.7281902578,-41.09815831332,0.));
#777 = CARTESIAN_POINT('',(-184.7048501609,-41.09815831332,0.));
#778 = PCURVE('',#164,#779);
#779 = DEFINITIONAL_REPRESENTATION('',(#780),#860);
#780 = B_SPLINE_CURVE_WITH_KNOTS('',8,(#781,#782,#783,#784,#785,#786,
    #787,#788,#789,#790,#791,#792,#793,#794,#795,#796,#797,#798,#799,
    #800,#801,#802,#803,#804,#805,#806,#807,#808,#809,#810,#811,#812,
    #813,#814,#815,#816,#817,#818,#819,#820,#821,#822,#823,#824,#825,
    #826,#827,#828,#829,#830,#831,#832,#833,#834,#835,#836,#837,#838,
    #839,#840,#841,#842,#843,#844,#845,#846,#847,#848,#849,#850,#851,
    #852,#853,#854,#855,#856,#857,#858,#859),.UNSPECIFIED.,.F.,.F.,(9,7,
    7,7,7,7,7,7,7,7,7,9),(0.,0.206676992958,0.366655182992,
    0.457503359283,0.496278129559,0.519340619277,0.56708283166,
    0.629234888071,0.66053909756,0.722407393764,0.950531311996,1.),
  .UNSPECIFIED.);
#781 = CARTESIAN_POINT('',(587.95311649962,729.78052134312));
#782 = CARTESIAN_POINT('',(587.87088164148,729.83470457894));
#783 = CARTESIAN_POINT('',(587.79012507033,729.89069254366));
#784 = CARTESIAN_POINT('',(587.71097441186,729.94857102068));
#785 = CARTESIAN_POINT('',(587.63360721744,730.00842504402));
#786 = CARTESIAN_POINT('',(587.55824762983,730.07033590683));
#787 = CARTESIAN_POINT('',(587.4851709912,730.13438432608));
#788 = CARTESIAN_POINT('',(587.41471639358,730.20065976362));
#789 = CARTESIAN_POINT('',(587.29512910787,730.32238818118));
#790 = CARTESIAN_POINT('',(587.24481056559,730.37686817102));
#791 = CARTESIAN_POINT('',(587.19652198739,730.43278693265));
#792 = CARTESIAN_POINT('',(587.15050893632,730.49019222376));
#793 = CARTESIAN_POINT('',(587.10708537462,730.54910461084));
#794 = CARTESIAN_POINT('',(587.06663600084,730.60951711504));
#795 = CARTESIAN_POINT('',(587.02962764539,730.67139839325));
#796 = CARTESIAN_POINT('',(586.97789091449,730.77064676639));
#797 = CARTESIAN_POINT('',(586.96045380267,730.80703666658));
#798 = CARTESIAN_POINT('',(586.9444219463,730.84385639328));
#799 = CARTESIAN_POINT('',(586.92991768589,730.88107767352));
#800 = CARTESIAN_POINT('',(586.91707817697,730.91865593062));
#801 = CARTESIAN_POINT('',(586.90605142164,730.95652949188));
#802 = CARTESIAN_POINT('',(586.89699230021,730.99461879634));
#803 = CARTESIAN_POINT('',(586.88709924203,731.04913259063));
#804 = CARTESIAN_POINT('',(586.88452725379,731.06545962964));
#805 = CARTESIAN_POINT('',(586.88235482336,731.08179830883));
#806 = CARTESIAN_POINT('',(586.8805941501,731.09813927635));
#807 = CARTESIAN_POINT('',(586.8792572242,731.11447225));
#808 = CARTESIAN_POINT('',(586.87835560352,731.13078602797));
#809 = CARTESIAN_POINT('',(586.87790019039,731.14706849968));
#810 = CARTESIAN_POINT('',(586.87790149497,731.17296480082));
#811 = CARTESIAN_POINT('',(586.87806335635,731.18260727542));
#812 = CARTESIAN_POINT('',(586.87838873679,731.19223131512));
#813 = CARTESIAN_POINT('',(586.8788796227,731.20183406827));
#814 = CARTESIAN_POINT('',(586.87953784266,731.21141259682));
#815 = CARTESIAN_POINT('',(586.88036506746,731.22096387631));
#816 = CARTESIAN_POINT('',(586.88136281007,731.23048479587));
#817 = CARTESIAN_POINT('',(586.88495367486,731.25961217426));
#818 = CARTESIAN_POINT('',(586.88811152898,731.27910952929));
#819 = CARTESIAN_POINT('',(586.89201758428,731.2984345816));
#820 = CARTESIAN_POINT('',(586.89667969586,731.31755774835));
#821 = CARTESIAN_POINT('',(586.90210149828,731.33644969856));
#822 = CARTESIAN_POINT('',(586.90828192613,731.35508154598));
#823 = CARTESIAN_POINT('',(586.91521473462,731.37342504206));
#824 = CARTESIAN_POINT('',(586.93287730339,731.41492173342));
#825 = CARTESIAN_POINT('',(586.94412334794,731.43785978676));
#826 = CARTESIAN_POINT('',(586.95659973326,731.46020442437));
#827 = CARTESIAN_POINT('',(586.97026726081,731.48190484441));
#828 = CARTESIAN_POINT('',(586.9850758611,731.50292094695));
#829 = CARTESIAN_POINT('',(587.00096650067,731.52322233326));
#830 = CARTESIAN_POINT('',(587.01787308907,731.54278730504));
#831 = CARTESIAN_POINT('',(587.04471557241,731.57107821771));
#832 = CARTESIAN_POINT('',(587.05394717451,731.58036487798));
#833 = CARTESIAN_POINT('',(587.06341042718,731.58946059546));
#834 = CARTESIAN_POINT('',(587.07309661752,731.59836463607));
#835 = CARTESIAN_POINT('',(587.08299708471,731.60707678072));
#836 = CARTESIAN_POINT('',(587.09310322001,731.61559732531));
#837 = CARTESIAN_POINT('',(587.10340646676,731.62392708075));
#838 = CARTESIAN_POINT('',(587.13463396961,731.64815549708));
#839 = CARTESIAN_POINT('',(587.15610582874,731.6635026536));
#840 = CARTESIAN_POINT('',(587.17825036362,731.67811953683));
#841 = CARTESIAN_POINT('',(587.20100690095,731.69202183991));
#842 = CARTESIAN_POINT('',(587.22431848503,731.70522918405));
#843 = CARTESIAN_POINT('',(587.24813273457,731.7177640478));
#844 = CARTESIAN_POINT('',(587.2724026994,731.72965069633));
#845 = CARTESIAN_POINT('',(587.38810756646,731.782445143));
#846 = CARTESIAN_POINT('',(587.48450429393,731.81538278721));
#847 = CARTESIAN_POINT('',(587.58457995407,731.84125756803));
#848 = CARTESIAN_POINT('',(587.68711333614,731.86118442531));
#849 = CARTESIAN_POINT('',(587.7912096053,731.87614563821));
#850 = CARTESIAN_POINT('',(587.89632882621,731.886922418));
#851 = CARTESIAN_POINT('',(588.00224914033,731.89415713528));
#852 = CARTESIAN_POINT('',(588.13224345752,731.89924830066));
#853 = CARTESIAN_POINT('',(588.15543976243,731.90001166387));
#854 = CARTESIAN_POINT('',(588.17866444622,731.90063624157));
#855 = CARTESIAN_POINT('',(588.20191552408,731.90112694543));
#856 = CARTESIAN_POINT('',(588.22519117576,731.90148847084));
#857 = CARTESIAN_POINT('',(588.24848974551,731.90172529695));
#858 = CARTESIAN_POINT('',(588.27180974216,731.90184168668));
#859 = CARTESIAN_POINT('',(588.29514983905,731.90184168668));
#860 = ( GEOMETRIC_REPRESENTATION_CONTEXT(2) 
PARAMETRIC_REPRESENTATION_CONTEXT() REPRESENTATION_CONTEXT('2D SPACE',''
  ) );
#861 = PCURVE('',#247,#862);
#862 = DEFINITIONAL_REPRESENTATION('',(#863),#943);
#863 = B_SPLINE_CURVE_WITH_KNOTS('',8,(#864,#865,#866,#867,#868,#869,
    #870,#871,#872,#873,#874,#875,#876,#877,#878,#879,#880,#881,#882,
    #883,#884,#885,#886,#887,#888,#889,#890,#891,#892,#893,#894,#895,
    #896,#897,#898,#899,#900,#901,#902,#903,#904,#905,#906,#907,#908,
    #909,#910,#911,#912,#913,#914,#915,#916,#917,#918,#919,#920,#921,
    #922,#923,#924,#925,#926,#927,#928,#929,#930,#931,#932,#933,#934,
    #935,#936,#937,#938,#939,#940,#941,#942),.UNSPECIFIED.,.F.,.F.,(9,7,
    7,7,7,7,7,7,7,7,7,9),(0.,0.206676992958,0.366655182992,
    0.457503359283,0.496278129559,0.519340619277,0.56708283166,
    0.629234888071,0.66053909756,0.722407393764,0.950531311996,1.),
  .UNSPECIFIED.);
#864 = CARTESIAN_POINT('',(0.435998542565,0.));
#865 = CARTESIAN_POINT('',(0.442387416632,2.55422223173E-02));
#866 = CARTESIAN_POINT('',(0.448719879345,5.193529516807E-02));
#867 = CARTESIAN_POINT('',(0.4549919925,7.924464424639E-02));
#868 = CARTESIAN_POINT('',(0.461196924815,0.107543458413));
#869 = CARTESIAN_POINT('',(0.467325143884,0.136911878182));
#870 = CARTESIAN_POINT('',(0.473364249206,0.167442128946));
#871 = CARTESIAN_POINT('',(0.479298446285,0.199249598943));
#872 = CARTESIAN_POINT('',(0.489604281269,0.258219465624));
#873 = CARTESIAN_POINT('',(0.494023029597,0.284790874734));
#874 = CARTESIAN_POINT('',(0.498356632584,0.312284561258));
#875 = CARTESIAN_POINT('',(0.502592728917,0.340781728553));
#876 = CARTESIAN_POINT('',(0.506714209338,0.370363562077));
#877 = CARTESIAN_POINT('',(0.51069899506,0.401115223755));
#878 = CARTESIAN_POINT('',(0.514519255439,0.433134590031));
#879 = CARTESIAN_POINT('',(0.520196244809,0.485519204017));
#880 = CARTESIAN_POINT('',(0.522187206309,0.504933581357));
#881 = CARTESIAN_POINT('',(0.524106488419,0.524809080499));
#882 = CARTESIAN_POINT('',(0.525946056982,0.545161907151));
#883 = CARTESIAN_POINT('',(0.527696482646,0.566003401899));
#884 = CARTESIAN_POINT('',(0.529347118818,0.587339184284));
#885 = CARTESIAN_POINT('',(0.530886279627,0.609168296879));
#886 = CARTESIAN_POINT('',(0.532905410859,0.641006175746));
#887 = CARTESIAN_POINT('',(0.533486763895,0.650617531786));
#888 = CARTESIAN_POINT('',(0.534044486044,0.660315251008));
#889 = CARTESIAN_POINT('',(0.534577553884,0.67009770016));
#890 = CARTESIAN_POINT('',(0.535084924889,0.679962730144));
#891 = CARTESIAN_POINT('',(0.535565550792,0.689907626945));
#892 = CARTESIAN_POINT('',(0.536018390957,0.699929062567));
#893 = CARTESIAN_POINT('',(0.536694633501,0.716026753706));
#894 = CARTESIAN_POINT('',(0.536936652602,0.72205612349));
#895 = CARTESIAN_POINT('',(0.537168265633,0.728110308142));
#896 = CARTESIAN_POINT('',(0.537389261462,0.734188379011));
#897 = CARTESIAN_POINT('',(0.537599435237,0.740289325974));
#898 = CARTESIAN_POINT('',(0.537798588387,0.746412057435));
#899 = CARTESIAN_POINT('',(0.537986528624,0.752555400323));
#900 = CARTESIAN_POINT('',(0.538528532342,0.771475652507));
#901 = CARTESIAN_POINT('',(0.538845171743,0.784316877692));
#902 = CARTESIAN_POINT('',(0.539111332325,0.797229717811));
#903 = CARTESIAN_POINT('',(0.539325567113,0.810201398104));
#904 = CARTESIAN_POINT('',(0.539486676954,0.823218338341));
#905 = CARTESIAN_POINT('',(0.539593749502,0.836266064271));
#906 = CARTESIAN_POINT('',(0.539646198194,0.849329119077));
#907 = CARTESIAN_POINT('',(0.539640680822,0.879395239071));
#908 = CARTESIAN_POINT('',(0.539544609478,0.896400521433));
#909 = CARTESIAN_POINT('',(0.539355054838,0.913369152023));
#910 = CARTESIAN_POINT('',(0.539072571341,0.930266835065));
#911 = CARTESIAN_POINT('',(0.538698675254,0.947062353979));
#912 = CARTESIAN_POINT('',(0.538235719694,0.963727276464));
#913 = CARTESIAN_POINT('',(0.537686769651,0.980235659574));
#914 = CARTESIAN_POINT('',(0.536737512995,1.004787748405));
#915 = CARTESIAN_POINT('',(0.536398629801,1.01296663148));
#916 = CARTESIAN_POINT('',(0.536039286056,1.021097799029));
#917 = CARTESIAN_POINT('',(0.535659954276,1.029178916762));
#918 = CARTESIAN_POINT('',(0.535261120857,1.037207921103));
#919 = CARTESIAN_POINT('',(0.534843286081,1.045183019195));
#920 = CARTESIAN_POINT('',(0.534406964111,1.053102688893));
#921 = CARTESIAN_POINT('',(0.533054861283,1.076505754525));
#922 = CARTESIAN_POINT('',(0.532086899225,1.091823746854));
#923 = CARTESIAN_POINT('',(0.531052749933,1.106910897256));
#924 = CARTESIAN_POINT('',(0.529956377275,1.121761477664));
#925 = CARTESIAN_POINT('',(0.52880166685,1.136372498233));
#926 = CARTESIAN_POINT('',(0.527592336974,1.15074341512));
#927 = CARTESIAN_POINT('',(0.526331849658,1.164875838274));
#928 = CARTESIAN_POINT('',(0.520198450574,1.230016440508));
#929 = CARTESIAN_POINT('',(0.514734558391,1.277915389604));
#930 = CARTESIAN_POINT('',(0.508773605024,1.322906964269));
#931 = CARTESIAN_POINT('',(0.502421748983,1.365252792004));
#932 = CARTESIAN_POINT('',(0.495764120891,1.405216244464));
#933 = CARTESIAN_POINT('',(0.488859029336,1.443042622876));
#934 = CARTESIAN_POINT('',(0.481740046317,1.478993619156));
#935 = CARTESIAN_POINT('',(0.472824664249,1.520786585485));
#936 = CARTESIAN_POINT('',(0.471226961527,1.528154935537));
#937 = CARTESIAN_POINT('',(0.469620629869,1.53544573364));
#938 = CARTESIAN_POINT('',(0.46800595156,1.542660764435));
#939 = CARTESIAN_POINT('',(0.466383192603,1.549801738833));
#940 = CARTESIAN_POINT('',(0.464752602722,1.556870294013));
#941 = CARTESIAN_POINT('',(0.463114415357,1.563867993427));
#942 = CARTESIAN_POINT('',(0.461468847667,1.570796326795));
#943 = ( GEOMETRIC_REPRESENTATION_CONTEXT(2) 
PARAMETRIC_REPRESENTATION_CONTEXT() REPRESENTATION_CONTEXT('2D SPACE',''
  ) );
#944 = ORIENTED_EDGE('',*,*,#141,.T.);
#945 = ORIENTED_EDGE('',*,*,#946,.T.);
#946 = EDGE_CURVE('',#144,#497,#947,.T.);
#947 = SURFACE_CURVE('',#948,(#952,#959),.PCURVE_S1.);
#948 = LINE('',#949,#950);
#949 = CARTESIAN_POINT('',(-476.025,-45.09815831332,0.));
#950 = VECTOR('',#951,1.);
#951 = DIRECTION('',(1.,0.,0.));
#952 = PCURVE('',#164,#953);
#953 = DEFINITIONAL_REPRESENTATION('',(#954),#958);
#954 = LINE('',#955,#956);
#955 = CARTESIAN_POINT('',(296.975,727.90184168668));
#956 = VECTOR('',#957,1.);
#957 = DIRECTION('',(1.,0.));
#958 = ( GEOMETRIC_REPRESENTATION_CONTEXT(2) 
PARAMETRIC_REPRESENTATION_CONTEXT() REPRESENTATION_CONTEXT('2D SPACE',''
  ) );
#959 = PCURVE('',#192,#960);
#960 = DEFINITIONAL_REPRESENTATION('',(#961),#964);
#961 = B_SPLINE_CURVE_WITH_KNOTS('',1,(#962,#963),.UNSPECIFIED.,.F.,.F.,
  (2,2),(296.975,655.075),.PIECEWISE_BEZIER_KNOTS.);
#962 = CARTESIAN_POINT('',(0.,-2.828427124746));
#963 = CARTESIAN_POINT('',(358.1,-2.828427124746));
#964 = ( GEOMETRIC_REPRESENTATION_CONTEXT(2) 
PARAMETRIC_REPRESENTATION_CONTEXT() REPRESENTATION_CONTEXT('2D SPACE',''
  ) );
#965 = ADVANCED_FACE('',(#966),#247,.T.);
#966 = FACE_BOUND('',#967,.T.);
#967 = EDGE_LOOP('',(#968,#969,#970,#971));
#968 = ORIENTED_EDGE('',*,*,#696,.F.);
#969 = ORIENTED_EDGE('',*,*,#232,.T.);
#970 = ORIENTED_EDGE('',*,*,#263,.T.);
#971 = ORIENTED_EDGE('',*,*,#972,.F.);
#972 = EDGE_CURVE('',#674,#264,#973,.T.);
#973 = SURFACE_CURVE('',#974,(#979,#986),.PCURVE_S1.);
#974 = CIRCLE('',#975,14.114213562373);
#975 = AXIS2_PLACEMENT_3D('',#976,#977,#978);
#976 = CARTESIAN_POINT('',(-179.05,-33.76434880165,8.748023074036));
#977 = DIRECTION('',(0.,0.707106781187,-0.707106781187));
#978 = DIRECTION('',(0.,-0.707106781187,-0.707106781187));
#979 = PCURVE('',#247,#980);
#980 = DEFINITIONAL_REPRESENTATION('',(#981),#985);
#981 = LINE('',#982,#983);
#982 = CARTESIAN_POINT('',(0.,0.339836909454));
#983 = VECTOR('',#984,1.);
#984 = DIRECTION('',(1.,0.));
#985 = ( GEOMETRIC_REPRESENTATION_CONTEXT(2) 
PARAMETRIC_REPRESENTATION_CONTEXT() REPRESENTATION_CONTEXT('2D SPACE',''
  ) );
#986 = PCURVE('',#300,#987);
#987 = DEFINITIONAL_REPRESENTATION('',(#988),#996);
#988 = ( BOUNDED_CURVE() B_SPLINE_CURVE(2,(#989,#990,#991,#992,#993,#994
,#995),.UNSPECIFIED.,.T.,.F.) B_SPLINE_CURVE_WITH_KNOTS((1,2,2,2,2,1),(
    -2.094395102393,0.,2.094395102393,4.188790204786,6.28318530718,
8.377580409573),.UNSPECIFIED.) CURVE() GEOMETRIC_REPRESENTATION_ITEM() 
RATIONAL_B_SPLINE_CURVE((1.,0.5,1.,0.5,1.,0.5,1.)) REPRESENTATION_ITEM(
  '') );
#989 = CARTESIAN_POINT('',(-1.742640687119,-14.2));
#990 = CARTESIAN_POINT('',(-1.742640687119,10.246534998908));
#991 = CARTESIAN_POINT('',(19.42867965644,-1.976732500546));
#992 = CARTESIAN_POINT('',(40.6,-14.2));
#993 = CARTESIAN_POINT('',(19.42867965644,-26.42326749945));
#994 = CARTESIAN_POINT('',(-1.742640687119,-38.6465349989));
#995 = CARTESIAN_POINT('',(-1.742640687119,-14.2));
#996 = ( GEOMETRIC_REPRESENTATION_CONTEXT(2) 
PARAMETRIC_REPRESENTATION_CONTEXT() REPRESENTATION_CONTEXT('2D SPACE',''
  ) );
#997 = ADVANCED_FACE('',(#998),#219,.T.);
#998 = FACE_BOUND('',#999,.F.);
#999 = EDGE_LOOP('',(#1000,#1027,#1028,#1029));
#1000 = ORIENTED_EDGE('',*,*,#1001,.F.);
#1001 = EDGE_CURVE('',#177,#1002,#1004,.T.);
#1002 = VERTEX_POINT('',#1003);
#1003 = CARTESIAN_POINT('',(-179.05,-61.87184335382,18.895005384062));
#1004 = SURFACE_CURVE('',#1005,(#1010,#1016),.PCURVE_S1.);
#1005 = CIRCLE('',#1006,1.5);
#1006 = AXIS2_PLACEMENT_3D('',#1007,#1008,#1009);
#1007 = CARTESIAN_POINT('',(-179.05,-60.81118318204,17.834345212283));
#1008 = DIRECTION('',(-1.,-0.,0.));
#1009 = DIRECTION('',(0.,-0.707106781187,-0.707106781187));
#1010 = PCURVE('',#219,#1011);
#1011 = DEFINITIONAL_REPRESENTATION('',(#1012),#1015);
#1012 = B_SPLINE_CURVE_WITH_KNOTS('',1,(#1013,#1014),.UNSPECIFIED.,.F.,
  .F.,(2,2),(0.,1.570796326795),.PIECEWISE_BEZIER_KNOTS.);
#1013 = CARTESIAN_POINT('',(0.,0.));
#1014 = CARTESIAN_POINT('',(0.,1.570796326795));
#1015 = ( GEOMETRIC_REPRESENTATION_CONTEXT(2) 
PARAMETRIC_REPRESENTATION_CONTEXT() REPRESENTATION_CONTEXT('2D SPACE',''
  ) );
#1016 = PCURVE('',#1017,#1022);
#1017 = CYLINDRICAL_SURFACE('',#1018,1.5);
#1018 = AXIS2_PLACEMENT_3D('',#1019,#1020,#1021);
#1019 = CARTESIAN_POINT('',(179.05,-60.81118318204,17.834345212283));
#1020 = DIRECTION('',(-1.,0.,-0.));
#1021 = DIRECTION('',(0.,-0.707106781187,-0.707106781187));
#1022 = DEFINITIONAL_REPRESENTATION('',(#1023),#1026);
#1023 = B_SPLINE_CURVE_WITH_KNOTS('',1,(#1024,#1025),.UNSPECIFIED.,.F.,
  .F.,(2,2),(0.,1.570796326795),.PIECEWISE_BEZIER_KNOTS.);
#1024 = CARTESIAN_POINT('',(0.,358.1));
#1025 = CARTESIAN_POINT('',(1.570796326795,358.1));
#1026 = ( GEOMETRIC_REPRESENTATION_CONTEXT(2) 
PARAMETRIC_REPRESENTATION_CONTEXT() REPRESENTATION_CONTEXT('2D SPACE',''
  ) );
#1027 = ORIENTED_EDGE('',*,*,#204,.T.);
#1028 = ORIENTED_EDGE('',*,*,#339,.T.);
#1029 = ORIENTED_EDGE('',*,*,#1030,.F.);
#1030 = EDGE_CURVE('',#1002,#340,#1031,.T.);
#1031 = SURFACE_CURVE('',#1032,(#1037,#1044),.PCURVE_S1.);
#1032 = CIRCLE('',#1033,12.7);
#1033 = AXIS2_PLACEMENT_3D('',#1034,#1035,#1036);
#1034 = CARTESIAN_POINT('',(-179.05,-52.89158723275,27.875261505132));
#1035 = DIRECTION('',(0.,0.707106781187,-0.707106781187));
#1036 = DIRECTION('',(0.,-0.707106781187,-0.707106781187));
#1037 = PCURVE('',#219,#1038);
#1038 = DEFINITIONAL_REPRESENTATION('',(#1039),#1043);
#1039 = LINE('',#1040,#1041);
#1040 = CARTESIAN_POINT('',(-0.,1.570796326795));
#1041 = VECTOR('',#1042,1.);
#1042 = DIRECTION('',(-1.,0.));
#1043 = ( GEOMETRIC_REPRESENTATION_CONTEXT(2) 
PARAMETRIC_REPRESENTATION_CONTEXT() REPRESENTATION_CONTEXT('2D SPACE',''
  ) );
#1044 = PCURVE('',#377,#1045);
#1045 = DEFINITIONAL_REPRESENTATION('',(#1046),#1054);
#1046 = ( BOUNDED_CURVE() B_SPLINE_CURVE(2,(#1047,#1048,#1049,#1050,
#1051,#1052,#1053),.UNSPECIFIED.,.T.,.F.) B_SPLINE_CURVE_WITH_KNOTS((1,2
    ,2,2,2,1),(-2.094395102393,0.,2.094395102393,4.188790204786,
6.28318530718,8.377580409573),.UNSPECIFIED.) CURVE() 
GEOMETRIC_REPRESENTATION_ITEM() RATIONAL_B_SPLINE_CURVE((1.,0.5,1.,0.5,
1.,0.5,1.)) REPRESENTATION_ITEM('') );
#1047 = CARTESIAN_POINT('',(-179.05,-65.45));
#1048 = CARTESIAN_POINT('',(-201.0470452561,-65.45));
#1049 = CARTESIAN_POINT('',(-190.048522628,-46.4));
#1050 = CARTESIAN_POINT('',(-179.05,-27.35));
#1051 = CARTESIAN_POINT('',(-168.0514773719,-46.4));
#1052 = CARTESIAN_POINT('',(-157.0529547438,-65.45));
#1053 = CARTESIAN_POINT('',(-179.05,-65.45));
#1054 = ( GEOMETRIC_REPRESENTATION_CONTEXT(2) 
PARAMETRIC_REPRESENTATION_CONTEXT() REPRESENTATION_CONTEXT('2D SPACE',''
  ) );
#1055 = ADVANCED_FACE('',(#1056),#192,.F.);
#1056 = FACE_BOUND('',#1057,.F.);
#1057 = EDGE_LOOP('',(#1058,#1059,#1060,#1083));
#1058 = ORIENTED_EDGE('',*,*,#946,.F.);
#1059 = ORIENTED_EDGE('',*,*,#176,.T.);
#1060 = ORIENTED_EDGE('',*,*,#1061,.F.);
#1061 = EDGE_CURVE('',#1062,#177,#1064,.T.);
#1062 = VERTEX_POINT('',#1063);
#1063 = CARTESIAN_POINT('',(-142.,-61.87184335382,16.773685040503));
#1064 = SURFACE_CURVE('',#1065,(#1069,#1076),.PCURVE_S1.);
#1065 = LINE('',#1066,#1067);
#1066 = CARTESIAN_POINT('',(179.05,-61.87184335382,16.773685040503));
#1067 = VECTOR('',#1068,1.);
#1068 = DIRECTION('',(-1.,0.,-0.));
#1069 = PCURVE('',#192,#1070);
#1070 = DEFINITIONAL_REPRESENTATION('',(#1071),#1075);
#1071 = LINE('',#1072,#1073);
#1072 = CARTESIAN_POINT('',(358.1,-26.55));
#1073 = VECTOR('',#1074,1.);
#1074 = DIRECTION('',(-1.,0.));
#1075 = ( GEOMETRIC_REPRESENTATION_CONTEXT(2) 
PARAMETRIC_REPRESENTATION_CONTEXT() REPRESENTATION_CONTEXT('2D SPACE',''
  ) );
#1076 = PCURVE('',#1017,#1077);
#1077 = DEFINITIONAL_REPRESENTATION('',(#1078),#1082);
#1078 = LINE('',#1079,#1080);
#1079 = CARTESIAN_POINT('',(0.,0.));
#1080 = VECTOR('',#1081,1.);
#1081 = DIRECTION('',(0.,1.));
#1082 = ( GEOMETRIC_REPRESENTATION_CONTEXT(2) 
PARAMETRIC_REPRESENTATION_CONTEXT() REPRESENTATION_CONTEXT('2D SPACE',''
  ) );
#1083 = ORIENTED_EDGE('',*,*,#1084,.T.);
#1084 = EDGE_CURVE('',#1062,#497,#1085,.T.);
#1085 = SURFACE_CURVE('',#1086,(#1090,#1096),.PCURVE_S1.);
#1086 = LINE('',#1087,#1088);
#1087 = CARTESIAN_POINT('',(-142.,-32.82361873499,-12.27453957833));
#1088 = VECTOR('',#1089,1.);
#1089 = DIRECTION('',(-0.,0.707106781187,-0.707106781187));
#1090 = PCURVE('',#192,#1091);
#1091 = DEFINITIONAL_REPRESENTATION('',(#1092),#1095);
#1092 = B_SPLINE_CURVE_WITH_KNOTS('',1,(#1093,#1094),.UNSPECIFIED.,.F.,
  .F.,(2,2),(-41.08039321881,-17.35882034356),.PIECEWISE_BEZIER_KNOTS.);
#1093 = CARTESIAN_POINT('',(37.05,-26.55));
#1094 = CARTESIAN_POINT('',(37.05,-2.828427124746));
#1095 = ( GEOMETRIC_REPRESENTATION_CONTEXT(2) 
PARAMETRIC_REPRESENTATION_CONTEXT() REPRESENTATION_CONTEXT('2D SPACE',''
  ) );
#1096 = PCURVE('',#513,#1097);
#1097 = DEFINITIONAL_REPRESENTATION('',(#1098),#1101);
#1098 = B_SPLINE_CURVE_WITH_KNOTS('',1,(#1099,#1100),.UNSPECIFIED.,.F.,
  .F.,(2,2),(-41.08039321881,-17.35882034356),.PIECEWISE_BEZIER_KNOTS.);
#1099 = CARTESIAN_POINT('',(789.7736850405,-711.1281566461));
#1100 = CARTESIAN_POINT('',(773.,-727.9018416866));
#1101 = ( GEOMETRIC_REPRESENTATION_CONTEXT(2) 
PARAMETRIC_REPRESENTATION_CONTEXT() REPRESENTATION_CONTEXT('2D SPACE',''
  ) );
#1102 = ADVANCED_FACE('',(#1103),#325,.T.);
#1103 = FACE_BOUND('',#1104,.T.);
#1104 = EDGE_LOOP('',(#1105,#1106,#1107,#1134));
#1105 = ORIENTED_EDGE('',*,*,#311,.F.);
#1106 = ORIENTED_EDGE('',*,*,#471,.T.);
#1107 = ORIENTED_EDGE('',*,*,#1108,.T.);
#1108 = EDGE_CURVE('',#444,#1109,#1111,.T.);
#1109 = VERTEX_POINT('',#1110);
#1110 = CARTESIAN_POINT('',(-179.05,50.815672734592,93.328044610285));
#1111 = SURFACE_CURVE('',#1112,(#1117,#1123),.PCURVE_S1.);
#1112 = CIRCLE('',#1113,1.5);
#1113 = AXIS2_PLACEMENT_3D('',#1114,#1115,#1116);
#1114 = CARTESIAN_POINT('',(-179.05,49.462119343999,92.681598000879));
#1115 = DIRECTION('',(-1.,-4.329780281177E-17,-4.329780281177E-17));
#1116 = DIRECTION('',(-6.123233995737E-17,0.707106781187,0.707106781187)
  );
#1117 = PCURVE('',#325,#1118);
#1118 = DEFINITIONAL_REPRESENTATION('',(#1119),#1122);
#1119 = B_SPLINE_CURVE_WITH_KNOTS('',1,(#1120,#1121),.UNSPECIFIED.,.F.,
  .F.,(2,2),(0.,1.570796326795),.PIECEWISE_BEZIER_KNOTS.);
#1120 = CARTESIAN_POINT('',(1.570796326795,0.));
#1121 = CARTESIAN_POINT('',(1.570796326795,1.570796326795));
#1122 = ( GEOMETRIC_REPRESENTATION_CONTEXT(2) 
PARAMETRIC_REPRESENTATION_CONTEXT() REPRESENTATION_CONTEXT('2D SPACE',''
  ) );
#1123 = PCURVE('',#1124,#1129);
#1124 = CYLINDRICAL_SURFACE('',#1125,1.5);
#1125 = AXIS2_PLACEMENT_3D('',#1126,#1127,#1128);
#1126 = CARTESIAN_POINT('',(-179.05,49.462119343999,92.681598000879));
#1127 = DIRECTION('',(1.,0.,0.));
#1128 = DIRECTION('',(0.,0.707106781187,0.707106781187));
#1129 = DEFINITIONAL_REPRESENTATION('',(#1130),#1133);
#1130 = B_SPLINE_CURVE_WITH_KNOTS('',1,(#1131,#1132),.UNSPECIFIED.,.F.,
  .F.,(2,2),(0.,1.570796326795),.PIECEWISE_BEZIER_KNOTS.);
#1131 = CARTESIAN_POINT('',(0.,0.));
#1132 = CARTESIAN_POINT('',(-1.570796326795,0.));
#1133 = ( GEOMETRIC_REPRESENTATION_CONTEXT(2) 
PARAMETRIC_REPRESENTATION_CONTEXT() REPRESENTATION_CONTEXT('2D SPACE',''
  ) );
#1134 = ORIENTED_EDGE('',*,*,#1135,.F.);
#1135 = EDGE_CURVE('',#286,#1109,#1136,.T.);
#1136 = SURFACE_CURVE('',#1137,(#1142,#1149),.PCURVE_S1.);
#1137 = CIRCLE('',#1138,14.114213562373);
#1138 = AXIS2_PLACEMENT_3D('',#1139,#1140,#1141);
#1139 = CARTESIAN_POINT('',(-179.05,40.835416613523,83.347788489216));
#1140 = DIRECTION('',(0.,0.707106781187,-0.707106781187));
#1141 = DIRECTION('',(-1.,0.,0.));
#1142 = PCURVE('',#325,#1143);
#1143 = DEFINITIONAL_REPRESENTATION('',(#1144),#1148);
#1144 = LINE('',#1145,#1146);
#1145 = CARTESIAN_POINT('',(0.,0.339836909454));
#1146 = VECTOR('',#1147,1.);
#1147 = DIRECTION('',(1.,0.));
#1148 = ( GEOMETRIC_REPRESENTATION_CONTEXT(2) 
PARAMETRIC_REPRESENTATION_CONTEXT() REPRESENTATION_CONTEXT('2D SPACE',''
  ) );
#1149 = PCURVE('',#300,#1150);
#1150 = DEFINITIONAL_REPRESENTATION('',(#1151),#1159);
#1151 = ( BOUNDED_CURVE() B_SPLINE_CURVE(2,(#1152,#1153,#1154,#1155,
#1156,#1157,#1158),.UNSPECIFIED.,.T.,.F.) B_SPLINE_CURVE_WITH_KNOTS((1,2
    ,2,2,2,1),(-2.094395102393,0.,2.094395102393,4.188790204786,
6.28318530718,8.377580409573),.UNSPECIFIED.) CURVE() 
GEOMETRIC_REPRESENTATION_ITEM() RATIONAL_B_SPLINE_CURVE((1.,0.5,1.,0.5,
1.,0.5,1.)) REPRESENTATION_ITEM('') );
#1152 = CARTESIAN_POINT('',(117.87157287525,-8.57864376269E-02));
#1153 = CARTESIAN_POINT('',(142.31810787416,-8.57864376269E-02));
#1154 = CARTESIAN_POINT('',(130.0948403747,-21.25710678118));
#1155 = CARTESIAN_POINT('',(117.87157287525,-42.42842712474));
#1156 = CARTESIAN_POINT('',(105.6483053758,-21.25710678118));
#1157 = CARTESIAN_POINT('',(93.425037876346,-8.578643762692E-02));
#1158 = CARTESIAN_POINT('',(117.87157287525,-8.57864376269E-02));
#1159 = ( GEOMETRIC_REPRESENTATION_CONTEXT(2) 
PARAMETRIC_REPRESENTATION_CONTEXT() REPRESENTATION_CONTEXT('2D SPACE',''
  ) );
#1160 = ADVANCED_FACE('',(#1161),#300,.T.);
#1161 = FACE_BOUND('',#1162,.T.);
#1162 = EDGE_LOOP('',(#1163,#1191,#1192,#1193,#1194,#1195,#1216,#1244,
    #1272,#1305));
#1163 = ORIENTED_EDGE('',*,*,#1164,.F.);
#1164 = EDGE_CURVE('',#636,#1165,#1167,.T.);
#1165 = VERTEX_POINT('',#1166);
#1166 = CARTESIAN_POINT('',(-193.25,-33.76434880165,8.748023074036));
#1167 = SURFACE_CURVE('',#1168,(#1173,#1184),.PCURVE_S1.);
#1168 = CIRCLE('',#1169,14.2);
#1169 = AXIS2_PLACEMENT_3D('',#1170,#1171,#1172);
#1170 = CARTESIAN_POINT('',(-179.05,-33.76434880165,8.748023074036));
#1171 = DIRECTION('',(0.,0.707106781187,-0.707106781187));
#1172 = DIRECTION('',(-1.,0.,0.));
#1173 = PCURVE('',#300,#1174);
#1174 = DEFINITIONAL_REPRESENTATION('',(#1175),#1183);
#1175 = ( BOUNDED_CURVE() B_SPLINE_CURVE(2,(#1176,#1177,#1178,#1179,
#1180,#1181,#1182),.UNSPECIFIED.,.T.,.F.) B_SPLINE_CURVE_WITH_KNOTS((1,2
    ,2,2,2,1),(-2.094395102393,0.,2.094395102393,4.188790204786,
6.28318530718,8.377580409573),.UNSPECIFIED.) CURVE() 
GEOMETRIC_REPRESENTATION_ITEM() RATIONAL_B_SPLINE_CURVE((1.,0.5,1.,0.5,
1.,0.5,1.)) REPRESENTATION_ITEM('') );
#1176 = CARTESIAN_POINT('',(12.371572875254,0.));
#1177 = CARTESIAN_POINT('',(36.966694342732,0.));
#1178 = CARTESIAN_POINT('',(24.669133608993,-21.3));
#1179 = CARTESIAN_POINT('',(12.371572875254,-42.6));
#1180 = CARTESIAN_POINT('',(7.401214151479E-02,-21.3));
#1181 = CARTESIAN_POINT('',(-12.22354859222,-2.13162820728E-14));
#1182 = CARTESIAN_POINT('',(12.371572875254,0.));
#1183 = ( GEOMETRIC_REPRESENTATION_CONTEXT(2) 
PARAMETRIC_REPRESENTATION_CONTEXT() REPRESENTATION_CONTEXT('2D SPACE',''
  ) );
#1184 = PCURVE('',#656,#1185);
#1185 = DEFINITIONAL_REPRESENTATION('',(#1186),#1190);
#1186 = LINE('',#1187,#1188);
#1187 = CARTESIAN_POINT('',(0.,-301.));
#1188 = VECTOR('',#1189,1.);
#1189 = DIRECTION('',(1.,0.));
#1190 = ( GEOMETRIC_REPRESENTATION_CONTEXT(2) 
PARAMETRIC_REPRESENTATION_CONTEXT() REPRESENTATION_CONTEXT('2D SPACE',''
  ) );
#1191 = ORIENTED_EDGE('',*,*,#673,.T.);
#1192 = ORIENTED_EDGE('',*,*,#972,.T.);
#1193 = ORIENTED_EDGE('',*,*,#285,.T.);
#1194 = ORIENTED_EDGE('',*,*,#1135,.T.);
#1195 = ORIENTED_EDGE('',*,*,#1196,.T.);
#1196 = EDGE_CURVE('',#1109,#1197,#1199,.T.);
#1197 = VERTEX_POINT('',#1198);
#1198 = CARTESIAN_POINT('',(-175.25,50.815672734593,93.328044610286));
#1199 = SURFACE_CURVE('',#1200,(#1204,#1210),.PCURVE_S1.);
#1200 = LINE('',#1201,#1202);
#1201 = CARTESIAN_POINT('',(-179.05,50.815672734592,93.328044610285));
#1202 = VECTOR('',#1203,1.);
#1203 = DIRECTION('',(1.,0.,0.));
#1204 = PCURVE('',#300,#1205);
#1205 = DEFINITIONAL_REPRESENTATION('',(#1206),#1209);
#1206 = B_SPLINE_CURVE_WITH_KNOTS('',1,(#1207,#1208),.UNSPECIFIED.,.F.,
  .F.,(2,2),(-2.399999999625E-06,5.6),.PIECEWISE_BEZIER_KNOTS.);
#1207 = CARTESIAN_POINT('',(131.98578643762,-14.1999976));
#1208 = CARTESIAN_POINT('',(131.98578643762,-19.8));
#1209 = ( GEOMETRIC_REPRESENTATION_CONTEXT(2) 
PARAMETRIC_REPRESENTATION_CONTEXT() REPRESENTATION_CONTEXT('2D SPACE',''
  ) );
#1210 = PCURVE('',#1124,#1211);
#1211 = DEFINITIONAL_REPRESENTATION('',(#1212),#1215);
#1212 = B_SPLINE_CURVE_WITH_KNOTS('',1,(#1213,#1214),.UNSPECIFIED.,.F.,
  .F.,(2,2),(-2.399999999625E-06,5.6),.PIECEWISE_BEZIER_KNOTS.);
#1213 = CARTESIAN_POINT('',(-0.339836909454,-2.399999999625E-06));
#1214 = CARTESIAN_POINT('',(-0.339836909454,5.6));
#1215 = ( GEOMETRIC_REPRESENTATION_CONTEXT(2) 
PARAMETRIC_REPRESENTATION_CONTEXT() REPRESENTATION_CONTEXT('2D SPACE',''
  ) );
#1216 = ORIENTED_EDGE('',*,*,#1217,.T.);
#1217 = EDGE_CURVE('',#1197,#1218,#1220,.T.);
#1218 = VERTEX_POINT('',#1219);
#1219 = CARTESIAN_POINT('',(-175.25,50.876332906372,93.388704782065));
#1220 = SURFACE_CURVE('',#1221,(#1225,#1232),.PCURVE_S1.);
#1221 = LINE('',#1222,#1223);
#1222 = CARTESIAN_POINT('',(-175.25,-42.51237187569,0.));
#1223 = VECTOR('',#1224,1.);
#1224 = DIRECTION('',(0.,0.707106781187,0.707106781187));
#1225 = PCURVE('',#300,#1226);
#1226 = DEFINITIONAL_REPRESENTATION('',(#1227),#1231);
#1227 = LINE('',#1228,#1229);
#1228 = CARTESIAN_POINT('',(0.,-18.));
#1229 = VECTOR('',#1230,1.);
#1230 = DIRECTION('',(1.,0.));
#1231 = ( GEOMETRIC_REPRESENTATION_CONTEXT(2) 
PARAMETRIC_REPRESENTATION_CONTEXT() REPRESENTATION_CONTEXT('2D SPACE',''
  ) );
#1232 = PCURVE('',#1233,#1238);
#1233 = PLANE('',#1234);
#1234 = AXIS2_PLACEMENT_3D('',#1235,#1236,#1237);
#1235 = CARTESIAN_POINT('',(-175.25,16.793501916115,34.082830990257));
#1236 = DIRECTION('',(-1.,-0.,-0.));
#1237 = DIRECTION('',(0.,-1.,0.));
#1238 = DEFINITIONAL_REPRESENTATION('',(#1239),#1243);
#1239 = LINE('',#1240,#1241);
#1240 = CARTESIAN_POINT('',(59.305873791808,-34.08283099025));
#1241 = VECTOR('',#1242,1.);
#1242 = DIRECTION('',(-0.707106781187,0.707106781187));
#1243 = ( GEOMETRIC_REPRESENTATION_CONTEXT(2) 
PARAMETRIC_REPRESENTATION_CONTEXT() REPRESENTATION_CONTEXT('2D SPACE',''
  ) );
#1244 = ORIENTED_EDGE('',*,*,#1245,.F.);
#1245 = EDGE_CURVE('',#1246,#1218,#1248,.T.);
#1246 = VERTEX_POINT('',#1247);
#1247 = CARTESIAN_POINT('',(-179.05,50.876332906372,93.388704782065));
#1248 = SURFACE_CURVE('',#1249,(#1253,#1260),.PCURVE_S1.);
#1249 = LINE('',#1250,#1251);
#1250 = CARTESIAN_POINT('',(-193.25,50.876332906372,93.388704782065));
#1251 = VECTOR('',#1252,1.);
#1252 = DIRECTION('',(1.,-0.,-0.));
#1253 = PCURVE('',#300,#1254);
#1254 = DEFINITIONAL_REPRESENTATION('',(#1255),#1259);
#1255 = LINE('',#1256,#1257);
#1256 = CARTESIAN_POINT('',(132.07157287525,0.));
#1257 = VECTOR('',#1258,1.);
#1258 = DIRECTION('',(0.,-1.));
#1259 = ( GEOMETRIC_REPRESENTATION_CONTEXT(2) 
PARAMETRIC_REPRESENTATION_CONTEXT() REPRESENTATION_CONTEXT('2D SPACE',''
  ) );
#1260 = PCURVE('',#1261,#1266);
#1261 = PLANE('',#1262);
#1262 = AXIS2_PLACEMENT_3D('',#1263,#1264,#1265);
#1263 = CARTESIAN_POINT('',(-193.25,50.876332906372,93.388704782065));
#1264 = DIRECTION('',(0.,1.,0.));
#1265 = DIRECTION('',(0.,0.,-1.));
#1266 = DEFINITIONAL_REPRESENTATION('',(#1267),#1271);
#1267 = LINE('',#1268,#1269);
#1268 = CARTESIAN_POINT('',(0.,0.));
#1269 = VECTOR('',#1270,1.);
#1270 = DIRECTION('',(0.,-1.));
#1271 = ( GEOMETRIC_REPRESENTATION_CONTEXT(2) 
PARAMETRIC_REPRESENTATION_CONTEXT() REPRESENTATION_CONTEXT('2D SPACE',''
  ) );
#1272 = ORIENTED_EDGE('',*,*,#1273,.F.);
#1273 = EDGE_CURVE('',#1274,#1246,#1276,.T.);
#1274 = VERTEX_POINT('',#1275);
#1275 = CARTESIAN_POINT('',(-193.25,40.835416613523,83.347788489216));
#1276 = SURFACE_CURVE('',#1277,(#1282,#1293),.PCURVE_S1.);
#1277 = CIRCLE('',#1278,14.2);
#1278 = AXIS2_PLACEMENT_3D('',#1279,#1280,#1281);
#1279 = CARTESIAN_POINT('',(-179.05,40.835416613523,83.347788489216));
#1280 = DIRECTION('',(0.,0.707106781187,-0.707106781187));
#1281 = DIRECTION('',(-1.,0.,0.));
#1282 = PCURVE('',#300,#1283);
#1283 = DEFINITIONAL_REPRESENTATION('',(#1284),#1292);
#1284 = ( BOUNDED_CURVE() B_SPLINE_CURVE(2,(#1285,#1286,#1287,#1288,
#1289,#1290,#1291),.UNSPECIFIED.,.T.,.F.) B_SPLINE_CURVE_WITH_KNOTS((1,2
    ,2,2,2,1),(-2.094395102393,0.,2.094395102393,4.188790204786,
6.28318530718,8.377580409573),.UNSPECIFIED.) CURVE() 
GEOMETRIC_REPRESENTATION_ITEM() RATIONAL_B_SPLINE_CURVE((1.,0.5,1.,0.5,
1.,0.5,1.)) REPRESENTATION_ITEM('') );
#1285 = CARTESIAN_POINT('',(117.87157287525,0.));
#1286 = CARTESIAN_POINT('',(142.46669434273,0.));
#1287 = CARTESIAN_POINT('',(130.16913360899,-21.3));
#1288 = CARTESIAN_POINT('',(117.87157287525,-42.6));
#1289 = CARTESIAN_POINT('',(105.57401214151,-21.3));
#1290 = CARTESIAN_POINT('',(93.276451407776,-2.13162820728E-14));
#1291 = CARTESIAN_POINT('',(117.87157287525,0.));
#1292 = ( GEOMETRIC_REPRESENTATION_CONTEXT(2) 
PARAMETRIC_REPRESENTATION_CONTEXT() REPRESENTATION_CONTEXT('2D SPACE',''
  ) );
#1293 = PCURVE('',#1294,#1299);
#1294 = CYLINDRICAL_SURFACE('',#1295,14.2);
#1295 = AXIS2_PLACEMENT_3D('',#1296,#1297,#1298);
#1296 = CARTESIAN_POINT('',(-179.05,253.67455775067,-129.4913526479));
#1297 = DIRECTION('',(0.,0.707106781187,-0.707106781187));
#1298 = DIRECTION('',(-1.,0.,0.));
#1299 = DEFINITIONAL_REPRESENTATION('',(#1300),#1304);
#1300 = LINE('',#1301,#1302);
#1301 = CARTESIAN_POINT('',(0.,-301.));
#1302 = VECTOR('',#1303,1.);
#1303 = DIRECTION('',(1.,0.));
#1304 = ( GEOMETRIC_REPRESENTATION_CONTEXT(2) 
PARAMETRIC_REPRESENTATION_CONTEXT() REPRESENTATION_CONTEXT('2D SPACE',''
  ) );
#1305 = ORIENTED_EDGE('',*,*,#1306,.F.);
#1306 = EDGE_CURVE('',#1165,#1274,#1307,.T.);
#1307 = SURFACE_CURVE('',#1308,(#1312,#1319),.PCURVE_S1.);
#1308 = LINE('',#1309,#1310);
#1309 = CARTESIAN_POINT('',(-193.25,3.535533905933,46.047905781626));
#1310 = VECTOR('',#1311,1.);
#1311 = DIRECTION('',(0.,0.707106781187,0.707106781187));
#1312 = PCURVE('',#300,#1313);
#1313 = DEFINITIONAL_REPRESENTATION('',(#1314),#1318);
#1314 = LINE('',#1315,#1316);
#1315 = CARTESIAN_POINT('',(65.121572875254,0.));
#1316 = VECTOR('',#1317,1.);
#1317 = DIRECTION('',(1.,0.));
#1318 = ( GEOMETRIC_REPRESENTATION_CONTEXT(2) 
PARAMETRIC_REPRESENTATION_CONTEXT() REPRESENTATION_CONTEXT('2D SPACE',''
  ) );
#1319 = PCURVE('',#623,#1320);
#1320 = DEFINITIONAL_REPRESENTATION('',(#1321),#1325);
#1321 = LINE('',#1322,#1323);
#1322 = CARTESIAN_POINT('',(13.257968010182,11.965074791369));
#1323 = VECTOR('',#1324,1.);
#1324 = DIRECTION('',(-0.707106781187,0.707106781187));
#1325 = ( GEOMETRIC_REPRESENTATION_CONTEXT(2) 
PARAMETRIC_REPRESENTATION_CONTEXT() REPRESENTATION_CONTEXT('2D SPACE',''
  ) );
#1326 = ADVANCED_FACE('',(#1327),#377,.T.);
#1327 = FACE_BOUND('',#1328,.T.);
#1328 = EDGE_LOOP('',(#1329,#1330,#1331,#1354,#1375,#1403,#1432,#1460,
    #1489,#1517,#1538,#1566));
#1329 = ORIENTED_EDGE('',*,*,#361,.F.);
#1330 = ORIENTED_EDGE('',*,*,#1030,.F.);
#1331 = ORIENTED_EDGE('',*,*,#1332,.F.);
#1332 = EDGE_CURVE('',#1333,#1002,#1335,.T.);
#1333 = VERTEX_POINT('',#1334);
#1334 = CARTESIAN_POINT('',(-142.,-61.87184335382,18.895005384062));
#1335 = SURFACE_CURVE('',#1336,(#1340,#1347),.PCURVE_S1.);
#1336 = LINE('',#1337,#1338);
#1337 = CARTESIAN_POINT('',(179.05,-61.87184335382,18.895005384062));
#1338 = VECTOR('',#1339,1.);
#1339 = DIRECTION('',(-1.,0.,-0.));
#1340 = PCURVE('',#377,#1341);
#1341 = DEFINITIONAL_REPRESENTATION('',(#1342),#1346);
#1342 = LINE('',#1343,#1344);
#1343 = CARTESIAN_POINT('',(179.05,-65.45));
#1344 = VECTOR('',#1345,1.);
#1345 = DIRECTION('',(-1.,-0.));
#1346 = ( GEOMETRIC_REPRESENTATION_CONTEXT(2) 
PARAMETRIC_REPRESENTATION_CONTEXT() REPRESENTATION_CONTEXT('2D SPACE',''
  ) );
#1347 = PCURVE('',#1017,#1348);
#1348 = DEFINITIONAL_REPRESENTATION('',(#1349),#1353);
#1349 = LINE('',#1350,#1351);
#1350 = CARTESIAN_POINT('',(1.570796326795,0.));
#1351 = VECTOR('',#1352,1.);
#1352 = DIRECTION('',(0.,1.));
#1353 = ( GEOMETRIC_REPRESENTATION_CONTEXT(2) 
PARAMETRIC_REPRESENTATION_CONTEXT() REPRESENTATION_CONTEXT('2D SPACE',''
  ) );
#1354 = ORIENTED_EDGE('',*,*,#1355,.T.);
#1355 = EDGE_CURVE('',#1333,#1356,#1358,.T.);
#1356 = VERTEX_POINT('',#1357);
#1357 = CARTESIAN_POINT('',(-142.,-60.6697618258,20.09708691208));
#1358 = SURFACE_CURVE('',#1359,(#1363,#1369),.PCURVE_S1.);
#1359 = LINE('',#1360,#1361);
#1360 = CARTESIAN_POINT('',(-142.,-414.487564447,-333.7207157091));
#1361 = VECTOR('',#1362,1.);
#1362 = DIRECTION('',(0.,0.707106781187,0.707106781187));
#1363 = PCURVE('',#377,#1364);
#1364 = DEFINITIONAL_REPRESENTATION('',(#1365),#1368);
#1365 = B_SPLINE_CURVE_WITH_KNOTS('',1,(#1366,#1367),.UNSPECIFIED.,.F.,
  .F.,(2,2),(498.67393507601,629.57393507601),.PIECEWISE_BEZIER_KNOTS.);
#1366 = CARTESIAN_POINT('',(-142.,-65.45));
#1367 = CARTESIAN_POINT('',(-142.,65.45));
#1368 = ( GEOMETRIC_REPRESENTATION_CONTEXT(2) 
PARAMETRIC_REPRESENTATION_CONTEXT() REPRESENTATION_CONTEXT('2D SPACE',''
  ) );
#1369 = PCURVE('',#513,#1370);
#1370 = DEFINITIONAL_REPRESENTATION('',(#1371),#1374);
#1371 = B_SPLINE_CURVE_WITH_KNOTS('',1,(#1372,#1373),.UNSPECIFIED.,.F.,
  .F.,(2,2),(498.67393507601,629.57393507601),.PIECEWISE_BEZIER_KNOTS.);
#1372 = CARTESIAN_POINT('',(791.89500538406,-711.1281566461));
#1373 = CARTESIAN_POINT('',(884.45528304138,-803.6884343034));
#1374 = ( GEOMETRIC_REPRESENTATION_CONTEXT(2) 
PARAMETRIC_REPRESENTATION_CONTEXT() REPRESENTATION_CONTEXT('2D SPACE',''
  ) );
#1375 = ORIENTED_EDGE('',*,*,#1376,.F.);
#1376 = EDGE_CURVE('',#1377,#1356,#1379,.T.);
#1377 = VERTEX_POINT('',#1378);
#1378 = CARTESIAN_POINT('',(-179.05,-60.6697618258,20.09708691208));
#1379 = SURFACE_CURVE('',#1380,(#1384,#1391),.PCURVE_S1.);
#1380 = LINE('',#1381,#1382);
#1381 = CARTESIAN_POINT('',(0.,-60.6697618258,20.09708691208));
#1382 = VECTOR('',#1383,1.);
#1383 = DIRECTION('',(1.,0.,0.));
#1384 = PCURVE('',#377,#1385);
#1385 = DEFINITIONAL_REPRESENTATION('',(#1386),#1390);
#1386 = LINE('',#1387,#1388);
#1387 = CARTESIAN_POINT('',(9.852656321339E-15,-63.75));
#1388 = VECTOR('',#1389,1.);
#1389 = DIRECTION('',(1.,0.));
#1390 = ( GEOMETRIC_REPRESENTATION_CONTEXT(2) 
PARAMETRIC_REPRESENTATION_CONTEXT() REPRESENTATION_CONTEXT('2D SPACE',''
  ) );
#1391 = PCURVE('',#1392,#1397);
#1392 = PLANE('',#1393);
#1393 = AXIS2_PLACEMENT_3D('',#1394,#1395,#1396);
#1394 = CARTESIAN_POINT('',(-179.05,-43.66384373826,3.091168824543));
#1395 = DIRECTION('',(0.,0.707106781187,0.707106781187));
#1396 = DIRECTION('',(1.,0.,0.));
#1397 = DEFINITIONAL_REPRESENTATION('',(#1398),#1402);
#1398 = LINE('',#1399,#1400);
#1399 = CARTESIAN_POINT('',(179.05,-24.05));
#1400 = VECTOR('',#1401,1.);
#1401 = DIRECTION('',(1.,0.));
#1402 = ( GEOMETRIC_REPRESENTATION_CONTEXT(2) 
PARAMETRIC_REPRESENTATION_CONTEXT() REPRESENTATION_CONTEXT('2D SPACE',''
  ) );
#1403 = ORIENTED_EDGE('',*,*,#1404,.F.);
#1404 = EDGE_CURVE('',#1405,#1377,#1407,.T.);
#1405 = VERTEX_POINT('',#1406);
#1406 = CARTESIAN_POINT('',(-190.05,-52.89158723275,27.875261505132));
#1407 = SURFACE_CURVE('',#1408,(#1413,#1420),.PCURVE_S1.);
#1408 = CIRCLE('',#1409,11.);
#1409 = AXIS2_PLACEMENT_3D('',#1410,#1411,#1412);
#1410 = CARTESIAN_POINT('',(-179.05,-52.89158723275,27.875261505132));
#1411 = DIRECTION('',(0.,-0.707106781187,0.707106781187));
#1412 = DIRECTION('',(1.,0.,0.));
#1413 = PCURVE('',#377,#1414);
#1414 = DEFINITIONAL_REPRESENTATION('',(#1415),#1419);
#1415 = CIRCLE('',#1416,11.);
#1416 = AXIS2_PLACEMENT_2D('',#1417,#1418);
#1417 = CARTESIAN_POINT('',(-179.05,-52.75));
#1418 = DIRECTION('',(1.,0.));
#1419 = ( GEOMETRIC_REPRESENTATION_CONTEXT(2) 
PARAMETRIC_REPRESENTATION_CONTEXT() REPRESENTATION_CONTEXT('2D SPACE',''
  ) );
#1420 = PCURVE('',#1421,#1426);
#1421 = CYLINDRICAL_SURFACE('',#1422,11.);
#1422 = AXIS2_PLACEMENT_3D('',#1423,#1424,#1425);
#1423 = CARTESIAN_POINT('',(-179.05,-35.88566914521,10.869343417595));
#1424 = DIRECTION('',(0.,0.707106781187,-0.707106781187));
#1425 = DIRECTION('',(1.,0.,0.));
#1426 = DEFINITIONAL_REPRESENTATION('',(#1427),#1431);
#1427 = LINE('',#1428,#1429);
#1428 = CARTESIAN_POINT('',(-0.,-24.05));
#1429 = VECTOR('',#1430,1.);
#1430 = DIRECTION('',(-1.,0.));
#1431 = ( GEOMETRIC_REPRESENTATION_CONTEXT(2) 
PARAMETRIC_REPRESENTATION_CONTEXT() REPRESENTATION_CONTEXT('2D SPACE',''
  ) );
#1432 = ORIENTED_EDGE('',*,*,#1433,.T.);
#1433 = EDGE_CURVE('',#1405,#1434,#1436,.T.);
#1434 = VERTEX_POINT('',#1435);
#1435 = CARTESIAN_POINT('',(-190.05,21.708178182427,102.47502692031));
#1436 = SURFACE_CURVE('',#1437,(#1441,#1448),.PCURVE_S1.);
#1437 = LINE('',#1438,#1439);
#1438 = CARTESIAN_POINT('',(-190.05,-15.59170452516,65.175144212722));
#1439 = VECTOR('',#1440,1.);
#1440 = DIRECTION('',(0.,0.707106781187,0.707106781187));
#1441 = PCURVE('',#377,#1442);
#1442 = DEFINITIONAL_REPRESENTATION('',(#1443),#1447);
#1443 = LINE('',#1444,#1445);
#1444 = CARTESIAN_POINT('',(-190.05,1.287563041993E-15));
#1445 = VECTOR('',#1446,1.);
#1446 = DIRECTION('',(0.,1.));
#1447 = ( GEOMETRIC_REPRESENTATION_CONTEXT(2) 
PARAMETRIC_REPRESENTATION_CONTEXT() REPRESENTATION_CONTEXT('2D SPACE',''
  ) );
#1448 = PCURVE('',#1449,#1454);
#1449 = PLANE('',#1450);
#1450 = AXIS2_PLACEMENT_3D('',#1451,#1452,#1453);
#1451 = CARTESIAN_POINT('',(-190.05,-35.88566914521,10.869343417595));
#1452 = DIRECTION('',(-1.,0.,0.));
#1453 = DIRECTION('',(0.,0.707106781187,0.707106781187));
#1454 = DEFINITIONAL_REPRESENTATION('',(#1455),#1459);
#1455 = LINE('',#1456,#1457);
#1456 = CARTESIAN_POINT('',(52.75,-24.05));
#1457 = VECTOR('',#1458,1.);
#1458 = DIRECTION('',(1.,0.));
#1459 = ( GEOMETRIC_REPRESENTATION_CONTEXT(2) 
PARAMETRIC_REPRESENTATION_CONTEXT() REPRESENTATION_CONTEXT('2D SPACE',''
  ) );
#1460 = ORIENTED_EDGE('',*,*,#1461,.F.);
#1461 = EDGE_CURVE('',#1462,#1434,#1464,.T.);
#1462 = VERTEX_POINT('',#1463);
#1463 = CARTESIAN_POINT('',(-179.05,29.486352775479,110.25320151336));
#1464 = SURFACE_CURVE('',#1465,(#1470,#1477),.PCURVE_S1.);
#1465 = CIRCLE('',#1466,11.);
#1466 = AXIS2_PLACEMENT_3D('',#1467,#1468,#1469);
#1467 = CARTESIAN_POINT('',(-179.05,21.708178182427,102.47502692031));
#1468 = DIRECTION('',(0.,-0.707106781187,0.707106781187));
#1469 = DIRECTION('',(1.,0.,0.));
#1470 = PCURVE('',#377,#1471);
#1471 = DEFINITIONAL_REPRESENTATION('',(#1472),#1476);
#1472 = CIRCLE('',#1473,11.);
#1473 = AXIS2_PLACEMENT_2D('',#1474,#1475);
#1474 = CARTESIAN_POINT('',(-179.05,52.75));
#1475 = DIRECTION('',(1.,0.));
#1476 = ( GEOMETRIC_REPRESENTATION_CONTEXT(2) 
PARAMETRIC_REPRESENTATION_CONTEXT() REPRESENTATION_CONTEXT('2D SPACE',''
  ) );
#1477 = PCURVE('',#1478,#1483);
#1478 = CYLINDRICAL_SURFACE('',#1479,11.);
#1479 = AXIS2_PLACEMENT_3D('',#1480,#1481,#1482);
#1480 = CARTESIAN_POINT('',(-179.05,38.714096269963,85.469108832776));
#1481 = DIRECTION('',(0.,0.707106781187,-0.707106781187));
#1482 = DIRECTION('',(1.,0.,0.));
#1483 = DEFINITIONAL_REPRESENTATION('',(#1484),#1488);
#1484 = LINE('',#1485,#1486);
#1485 = CARTESIAN_POINT('',(-0.,-24.05));
#1486 = VECTOR('',#1487,1.);
#1487 = DIRECTION('',(-1.,0.));
#1488 = ( GEOMETRIC_REPRESENTATION_CONTEXT(2) 
PARAMETRIC_REPRESENTATION_CONTEXT() REPRESENTATION_CONTEXT('2D SPACE',''
  ) );
#1489 = ORIENTED_EDGE('',*,*,#1490,.T.);
#1490 = EDGE_CURVE('',#1462,#1491,#1493,.T.);
#1491 = VERTEX_POINT('',#1492);
#1492 = CARTESIAN_POINT('',(-142.,29.486352775479,110.25320151336));
#1493 = SURFACE_CURVE('',#1494,(#1498,#1505),.PCURVE_S1.);
#1494 = LINE('',#1495,#1496);
#1495 = CARTESIAN_POINT('',(0.,29.486352775479,110.25320151336));
#1496 = VECTOR('',#1497,1.);
#1497 = DIRECTION('',(1.,0.,0.));
#1498 = PCURVE('',#377,#1499);
#1499 = DEFINITIONAL_REPRESENTATION('',(#1500),#1504);
#1500 = LINE('',#1501,#1502);
#1501 = CARTESIAN_POINT('',(9.852656321339E-15,63.75));
#1502 = VECTOR('',#1503,1.);
#1503 = DIRECTION('',(1.,0.));
#1504 = ( GEOMETRIC_REPRESENTATION_CONTEXT(2) 
PARAMETRIC_REPRESENTATION_CONTEXT() REPRESENTATION_CONTEXT('2D SPACE',''
  ) );
#1505 = PCURVE('',#1506,#1511);
#1506 = PLANE('',#1507);
#1507 = AXIS2_PLACEMENT_3D('',#1508,#1509,#1510);
#1508 = CARTESIAN_POINT('',(-179.05,46.492270863015,93.247283425828));
#1509 = DIRECTION('',(0.,0.707106781187,0.707106781187));
#1510 = DIRECTION('',(1.,0.,0.));
#1511 = DEFINITIONAL_REPRESENTATION('',(#1512),#1516);
#1512 = LINE('',#1513,#1514);
#1513 = CARTESIAN_POINT('',(179.05,-24.05));
#1514 = VECTOR('',#1515,1.);
#1515 = DIRECTION('',(1.,0.));
#1516 = ( GEOMETRIC_REPRESENTATION_CONTEXT(2) 
PARAMETRIC_REPRESENTATION_CONTEXT() REPRESENTATION_CONTEXT('2D SPACE',''
  ) );
#1517 = ORIENTED_EDGE('',*,*,#1518,.T.);
#1518 = EDGE_CURVE('',#1491,#1519,#1521,.T.);
#1519 = VERTEX_POINT('',#1520);
#1520 = CARTESIAN_POINT('',(-142.,30.688434303496,111.45528304138));
#1521 = SURFACE_CURVE('',#1522,(#1526,#1532),.PCURVE_S1.);
#1522 = LINE('',#1523,#1524);
#1523 = CARTESIAN_POINT('',(-142.,-414.487564447,-333.7207157091));
#1524 = VECTOR('',#1525,1.);
#1525 = DIRECTION('',(0.,0.707106781187,0.707106781187));
#1526 = PCURVE('',#377,#1527);
#1527 = DEFINITIONAL_REPRESENTATION('',(#1528),#1531);
#1528 = B_SPLINE_CURVE_WITH_KNOTS('',1,(#1529,#1530),.UNSPECIFIED.,.F.,
  .F.,(2,2),(498.67393507601,629.57393507601),.PIECEWISE_BEZIER_KNOTS.);
#1529 = CARTESIAN_POINT('',(-142.,-65.45));
#1530 = CARTESIAN_POINT('',(-142.,65.45));
#1531 = ( GEOMETRIC_REPRESENTATION_CONTEXT(2) 
PARAMETRIC_REPRESENTATION_CONTEXT() REPRESENTATION_CONTEXT('2D SPACE',''
  ) );
#1532 = PCURVE('',#513,#1533);
#1533 = DEFINITIONAL_REPRESENTATION('',(#1534),#1537);
#1534 = B_SPLINE_CURVE_WITH_KNOTS('',1,(#1535,#1536),.UNSPECIFIED.,.F.,
  .F.,(2,2),(498.67393507601,629.57393507601),.PIECEWISE_BEZIER_KNOTS.);
#1535 = CARTESIAN_POINT('',(791.89500538406,-711.1281566461));
#1536 = CARTESIAN_POINT('',(884.45528304138,-803.6884343034));
#1537 = ( GEOMETRIC_REPRESENTATION_CONTEXT(2) 
PARAMETRIC_REPRESENTATION_CONTEXT() REPRESENTATION_CONTEXT('2D SPACE',''
  ) );
#1538 = ORIENTED_EDGE('',*,*,#1539,.F.);
#1539 = EDGE_CURVE('',#1540,#1519,#1542,.T.);
#1540 = VERTEX_POINT('',#1541);
#1541 = CARTESIAN_POINT('',(-179.05,30.688434303496,111.45528304138));
#1542 = SURFACE_CURVE('',#1543,(#1547,#1554),.PCURVE_S1.);
#1543 = LINE('',#1544,#1545);
#1544 = CARTESIAN_POINT('',(-179.05,30.688434303496,111.45528304138));
#1545 = VECTOR('',#1546,1.);
#1546 = DIRECTION('',(1.,0.,0.));
#1547 = PCURVE('',#377,#1548);
#1548 = DEFINITIONAL_REPRESENTATION('',(#1549),#1553);
#1549 = LINE('',#1550,#1551);
#1550 = CARTESIAN_POINT('',(-179.05,65.45));
#1551 = VECTOR('',#1552,1.);
#1552 = DIRECTION('',(1.,0.));
#1553 = ( GEOMETRIC_REPRESENTATION_CONTEXT(2) 
PARAMETRIC_REPRESENTATION_CONTEXT() REPRESENTATION_CONTEXT('2D SPACE',''
  ) );
#1554 = PCURVE('',#1555,#1560);
#1555 = CYLINDRICAL_SURFACE('',#1556,1.5);
#1556 = AXIS2_PLACEMENT_3D('',#1557,#1558,#1559);
#1557 = CARTESIAN_POINT('',(-179.05,31.749094475276,110.3946228696));
#1558 = DIRECTION('',(1.,0.,0.));
#1559 = DIRECTION('',(0.,0.707106781187,0.707106781187));
#1560 = DEFINITIONAL_REPRESENTATION('',(#1561),#1565);
#1561 = LINE('',#1562,#1563);
#1562 = CARTESIAN_POINT('',(1.570796326795,0.));
#1563 = VECTOR('',#1564,1.);
#1564 = DIRECTION('',(0.,1.));
#1565 = ( GEOMETRIC_REPRESENTATION_CONTEXT(2) 
PARAMETRIC_REPRESENTATION_CONTEXT() REPRESENTATION_CONTEXT('2D SPACE',''
  ) );
#1566 = ORIENTED_EDGE('',*,*,#1567,.F.);
#1567 = EDGE_CURVE('',#362,#1540,#1568,.T.);
#1568 = SURFACE_CURVE('',#1569,(#1574,#1585),.PCURVE_S1.);
#1569 = CIRCLE('',#1570,12.7);
#1570 = AXIS2_PLACEMENT_3D('',#1571,#1572,#1573);
#1571 = CARTESIAN_POINT('',(-179.05,21.708178182427,102.47502692031));
#1572 = DIRECTION('',(0.,0.707106781187,-0.707106781187));
#1573 = DIRECTION('',(-1.,0.,0.));
#1574 = PCURVE('',#377,#1575);
#1575 = DEFINITIONAL_REPRESENTATION('',(#1576),#1584);
#1576 = ( BOUNDED_CURVE() B_SPLINE_CURVE(2,(#1577,#1578,#1579,#1580,
#1581,#1582,#1583),.UNSPECIFIED.,.T.,.F.) B_SPLINE_CURVE_WITH_KNOTS((1,2
    ,2,2,2,1),(-2.094395102393,0.,2.094395102393,4.188790204786,
6.28318530718,8.377580409573),.UNSPECIFIED.) CURVE() 
GEOMETRIC_REPRESENTATION_ITEM() RATIONAL_B_SPLINE_CURVE((1.,0.5,1.,0.5,
1.,0.5,1.)) REPRESENTATION_ITEM('') );
#1577 = CARTESIAN_POINT('',(-191.75,52.75));
#1578 = CARTESIAN_POINT('',(-191.75,74.747045256125));
#1579 = CARTESIAN_POINT('',(-172.7,63.748522628062));
#1580 = CARTESIAN_POINT('',(-153.65,52.75));
#1581 = CARTESIAN_POINT('',(-172.7,41.751477371938));
#1582 = CARTESIAN_POINT('',(-191.75,30.752954743875));
#1583 = CARTESIAN_POINT('',(-191.75,52.75));
#1584 = ( GEOMETRIC_REPRESENTATION_CONTEXT(2) 
PARAMETRIC_REPRESENTATION_CONTEXT() REPRESENTATION_CONTEXT('2D SPACE',''
  ) );
#1585 = PCURVE('',#403,#1586);
#1586 = DEFINITIONAL_REPRESENTATION('',(#1587),#1591);
#1587 = LINE('',#1588,#1589);
#1588 = CARTESIAN_POINT('',(-0.,1.570796326795));
#1589 = VECTOR('',#1590,1.);
#1590 = DIRECTION('',(-1.,0.));
#1591 = ( GEOMETRIC_REPRESENTATION_CONTEXT(2) 
PARAMETRIC_REPRESENTATION_CONTEXT() REPRESENTATION_CONTEXT('2D SPACE',''
  ) );
#1592 = ADVANCED_FACE('',(#1593),#403,.T.);
#1593 = FACE_BOUND('',#1594,.F.);
#1594 = EDGE_LOOP('',(#1595,#1596,#1597,#1617));
#1595 = ORIENTED_EDGE('',*,*,#389,.F.);
#1596 = ORIENTED_EDGE('',*,*,#419,.T.);
#1597 = ORIENTED_EDGE('',*,*,#1598,.T.);
#1598 = EDGE_CURVE('',#420,#1540,#1599,.T.);
#1599 = SURFACE_CURVE('',#1600,(#1605,#1611),.PCURVE_S1.);
#1600 = CIRCLE('',#1601,1.5);
#1601 = AXIS2_PLACEMENT_3D('',#1602,#1603,#1604);
#1602 = CARTESIAN_POINT('',(-179.05,31.749094475276,110.3946228696));
#1603 = DIRECTION('',(1.,4.329780281177E-17,4.329780281177E-17));
#1604 = DIRECTION('',(-6.123233995737E-17,0.707106781187,0.707106781187)
  );
#1605 = PCURVE('',#403,#1606);
#1606 = DEFINITIONAL_REPRESENTATION('',(#1607),#1610);
#1607 = B_SPLINE_CURVE_WITH_KNOTS('',1,(#1608,#1609),.UNSPECIFIED.,.F.,
  .F.,(2,2),(0.,1.570796326795),.PIECEWISE_BEZIER_KNOTS.);
#1608 = CARTESIAN_POINT('',(-1.570796326795,0.));
#1609 = CARTESIAN_POINT('',(-1.570796326795,1.570796326795));
#1610 = ( GEOMETRIC_REPRESENTATION_CONTEXT(2) 
PARAMETRIC_REPRESENTATION_CONTEXT() REPRESENTATION_CONTEXT('2D SPACE',''
  ) );
#1611 = PCURVE('',#1555,#1612);
#1612 = DEFINITIONAL_REPRESENTATION('',(#1613),#1616);
#1613 = B_SPLINE_CURVE_WITH_KNOTS('',1,(#1614,#1615),.UNSPECIFIED.,.F.,
  .F.,(2,2),(0.,1.570796326795),.PIECEWISE_BEZIER_KNOTS.);
#1614 = CARTESIAN_POINT('',(0.,0.));
#1615 = CARTESIAN_POINT('',(1.570796326795,0.));
#1616 = ( GEOMETRIC_REPRESENTATION_CONTEXT(2) 
PARAMETRIC_REPRESENTATION_CONTEXT() REPRESENTATION_CONTEXT('2D SPACE',''
  ) );
#1617 = ORIENTED_EDGE('',*,*,#1567,.F.);
#1618 = ADVANCED_FACE('',(#1619),#459,.T.);
#1619 = FACE_BOUND('',#1620,.T.);
#1620 = EDGE_LOOP('',(#1621,#1644,#1645,#1668));
#1621 = ORIENTED_EDGE('',*,*,#1622,.F.);
#1622 = EDGE_CURVE('',#444,#1623,#1625,.T.);
#1623 = VERTEX_POINT('',#1624);
#1624 = CARTESIAN_POINT('',(-142.,50.522779515779,93.742258172659));
#1625 = SURFACE_CURVE('',#1626,(#1630,#1637),.PCURVE_S1.);
#1626 = LINE('',#1627,#1628);
#1627 = CARTESIAN_POINT('',(-179.05,50.522779515779,93.742258172659));
#1628 = VECTOR('',#1629,1.);
#1629 = DIRECTION('',(1.,0.,0.));
#1630 = PCURVE('',#459,#1631);
#1631 = DEFINITIONAL_REPRESENTATION('',(#1632),#1636);
#1632 = LINE('',#1633,#1634);
#1633 = CARTESIAN_POINT('',(0.,-1.5));
#1634 = VECTOR('',#1635,1.);
#1635 = DIRECTION('',(1.,0.));
#1636 = ( GEOMETRIC_REPRESENTATION_CONTEXT(2) 
PARAMETRIC_REPRESENTATION_CONTEXT() REPRESENTATION_CONTEXT('2D SPACE',''
  ) );
#1637 = PCURVE('',#1124,#1638);
#1638 = DEFINITIONAL_REPRESENTATION('',(#1639),#1643);
#1639 = LINE('',#1640,#1641);
#1640 = CARTESIAN_POINT('',(-0.,0.));
#1641 = VECTOR('',#1642,1.);
#1642 = DIRECTION('',(-0.,1.));
#1643 = ( GEOMETRIC_REPRESENTATION_CONTEXT(2) 
PARAMETRIC_REPRESENTATION_CONTEXT() REPRESENTATION_CONTEXT('2D SPACE',''
  ) );
#1644 = ORIENTED_EDGE('',*,*,#443,.T.);
#1645 = ORIENTED_EDGE('',*,*,#1646,.T.);
#1646 = EDGE_CURVE('',#420,#1647,#1649,.T.);
#1647 = VERTEX_POINT('',#1648);
#1648 = CARTESIAN_POINT('',(-142.,32.809754647056,111.45528304138));
#1649 = SURFACE_CURVE('',#1650,(#1654,#1661),.PCURVE_S1.);
#1650 = LINE('',#1651,#1652);
#1651 = CARTESIAN_POINT('',(-179.05,32.809754647056,111.45528304138));
#1652 = VECTOR('',#1653,1.);
#1653 = DIRECTION('',(1.,0.,0.));
#1654 = PCURVE('',#459,#1655);
#1655 = DEFINITIONAL_REPRESENTATION('',(#1656),#1660);
#1656 = LINE('',#1657,#1658);
#1657 = CARTESIAN_POINT('',(0.,-26.55));
#1658 = VECTOR('',#1659,1.);
#1659 = DIRECTION('',(1.,0.));
#1660 = ( GEOMETRIC_REPRESENTATION_CONTEXT(2) 
PARAMETRIC_REPRESENTATION_CONTEXT() REPRESENTATION_CONTEXT('2D SPACE',''
  ) );
#1661 = PCURVE('',#1555,#1662);
#1662 = DEFINITIONAL_REPRESENTATION('',(#1663),#1667);
#1663 = LINE('',#1664,#1665);
#1664 = CARTESIAN_POINT('',(0.,0.));
#1665 = VECTOR('',#1666,1.);
#1666 = DIRECTION('',(0.,1.));
#1667 = ( GEOMETRIC_REPRESENTATION_CONTEXT(2) 
PARAMETRIC_REPRESENTATION_CONTEXT() REPRESENTATION_CONTEXT('2D SPACE',''
  ) );
#1668 = ORIENTED_EDGE('',*,*,#1669,.T.);
#1669 = EDGE_CURVE('',#1647,#1623,#1670,.T.);
#1670 = SURFACE_CURVE('',#1671,(#1675,#1681),.PCURVE_S1.);
#1671 = LINE('',#1672,#1673);
#1672 = CARTESIAN_POINT('',(-142.,61.857979265889,82.407058422549));
#1673 = VECTOR('',#1674,1.);
#1674 = DIRECTION('',(-0.,0.707106781187,-0.707106781187));
#1675 = PCURVE('',#459,#1676);
#1676 = DEFINITIONAL_REPRESENTATION('',(#1677),#1680);
#1677 = B_SPLINE_CURVE_WITH_KNOTS('',1,(#1678,#1679),.UNSPECIFIED.,.F.,
  .F.,(2,2),(-41.08039321881,-16.03039321881),.PIECEWISE_BEZIER_KNOTS.);
#1678 = CARTESIAN_POINT('',(37.05,-26.55));
#1679 = CARTESIAN_POINT('',(37.05,-1.5));
#1680 = ( GEOMETRIC_REPRESENTATION_CONTEXT(2) 
PARAMETRIC_REPRESENTATION_CONTEXT() REPRESENTATION_CONTEXT('2D SPACE',''
  ) );
#1681 = PCURVE('',#513,#1682);
#1682 = DEFINITIONAL_REPRESENTATION('',(#1683),#1686);
#1683 = B_SPLINE_CURVE_WITH_KNOTS('',1,(#1684,#1685),.UNSPECIFIED.,.F.,
  .F.,(2,2),(-41.08039321881,-16.03039321881),.PIECEWISE_BEZIER_KNOTS.);
#1684 = CARTESIAN_POINT('',(884.45528304138,-805.809754647));
#1685 = CARTESIAN_POINT('',(866.74225817265,-823.5227795157));
#1686 = ( GEOMETRIC_REPRESENTATION_CONTEXT(2) 
PARAMETRIC_REPRESENTATION_CONTEXT() REPRESENTATION_CONTEXT('2D SPACE',''
  ) );
#1687 = ADVANCED_FACE('',(#1688),#513,.T.);
#1688 = FACE_BOUND('',#1689,.T.);
#1689 = EDGE_LOOP('',(#1690,#1716,#1717,#1718,#1739,#1767,#1795,#1823,
    #1851,#1884,#1912,#1940,#1973,#2001,#2034,#2062,#2090,#2119,#2147,
    #2176,#2204,#2232,#2253,#2275,#2276,#2298,#2299,#2320,#2346,#2365));
#1690 = ORIENTED_EDGE('',*,*,#1691,.F.);
#1691 = EDGE_CURVE('',#1062,#1333,#1692,.T.);
#1692 = SURFACE_CURVE('',#1693,(#1698,#1709),.PCURVE_S1.);
#1693 = CIRCLE('',#1694,1.5);
#1694 = AXIS2_PLACEMENT_3D('',#1695,#1696,#1697);
#1695 = CARTESIAN_POINT('',(-142.,-60.81118318204,17.834345212283));
#1696 = DIRECTION('',(-1.,0.,-0.));
#1697 = DIRECTION('',(0.,-0.707106781187,-0.707106781187));
#1698 = PCURVE('',#513,#1699);
#1699 = DEFINITIONAL_REPRESENTATION('',(#1700),#1708);
#1700 = ( BOUNDED_CURVE() B_SPLINE_CURVE(2,(#1701,#1702,#1703,#1704,
#1705,#1706,#1707),.UNSPECIFIED.,.T.,.F.) B_SPLINE_CURVE_WITH_KNOTS((1,2
    ,2,2,2,1),(-2.094395102393,0.,2.094395102393,4.188790204786,
6.28318530718,8.377580409573),.UNSPECIFIED.) CURVE() 
GEOMETRIC_REPRESENTATION_ITEM() RATIONAL_B_SPLINE_CURVE((1.,0.5,1.,0.5,
1.,0.5,1.)) REPRESENTATION_ITEM('') );
#1701 = CARTESIAN_POINT('',(789.7736850405,-711.1281566461));
#1702 = CARTESIAN_POINT('',(791.61080234759,-709.291039339));
#1703 = CARTESIAN_POINT('',(792.28323395171,-711.8005882503));
#1704 = CARTESIAN_POINT('',(792.95566555584,-714.3101371615));
#1705 = CARTESIAN_POINT('',(790.44611664462,-713.6377055573));
#1706 = CARTESIAN_POINT('',(787.93656773341,-712.9652739532));
#1707 = CARTESIAN_POINT('',(789.7736850405,-711.1281566461));
#1708 = ( GEOMETRIC_REPRESENTATION_CONTEXT(2) 
PARAMETRIC_REPRESENTATION_CONTEXT() REPRESENTATION_CONTEXT('2D SPACE',''
  ) );
#1709 = PCURVE('',#1017,#1710);
#1710 = DEFINITIONAL_REPRESENTATION('',(#1711),#1715);
#1711 = LINE('',#1712,#1713);
#1712 = CARTESIAN_POINT('',(0.,321.05));
#1713 = VECTOR('',#1714,1.);
#1714 = DIRECTION('',(1.,0.));
#1715 = ( GEOMETRIC_REPRESENTATION_CONTEXT(2) 
PARAMETRIC_REPRESENTATION_CONTEXT() REPRESENTATION_CONTEXT('2D SPACE',''
  ) );
#1716 = ORIENTED_EDGE('',*,*,#1084,.T.);
#1717 = ORIENTED_EDGE('',*,*,#496,.T.);
#1718 = ORIENTED_EDGE('',*,*,#1719,.T.);
#1719 = EDGE_CURVE('',#499,#1720,#1722,.T.);
#1720 = VERTEX_POINT('',#1721);
#1721 = CARTESIAN_POINT('',(-142.,-39.42120305115,1.67695526217));
#1722 = SURFACE_CURVE('',#1723,(#1727,#1733),.PCURVE_S1.);
#1723 = LINE('',#1724,#1725);
#1724 = CARTESIAN_POINT('',(-142.,-394.6532192347,-353.5550609214));
#1725 = VECTOR('',#1726,1.);
#1726 = DIRECTION('',(0.,0.707106781187,0.707106781187));
#1727 = PCURVE('',#513,#1728);
#1728 = DEFINITIONAL_REPRESENTATION('',(#1729),#1732);
#1729 = B_SPLINE_CURVE_WITH_KNOTS('',1,(#1730,#1731),.UNSPECIFIED.,.F.,
  .F.,(2,2),(500.00236220076,629.57393507601),.PIECEWISE_BEZIER_KNOTS.);
#1730 = CARTESIAN_POINT('',(773.,-731.9018416866));
#1731 = CARTESIAN_POINT('',(864.62093782909,-823.5227795157));
#1732 = ( GEOMETRIC_REPRESENTATION_CONTEXT(2) 
PARAMETRIC_REPRESENTATION_CONTEXT() REPRESENTATION_CONTEXT('2D SPACE',''
  ) );
#1733 = PCURVE('',#540,#1734);
#1734 = DEFINITIONAL_REPRESENTATION('',(#1735),#1738);
#1735 = B_SPLINE_CURVE_WITH_KNOTS('',1,(#1736,#1737),.UNSPECIFIED.,.F.,
  .F.,(2,2),(500.00236220076,629.57393507601),.PIECEWISE_BEZIER_KNOTS.);
#1736 = CARTESIAN_POINT('',(-142.,-64.12157287525));
#1737 = CARTESIAN_POINT('',(-142.,65.45));
#1738 = ( GEOMETRIC_REPRESENTATION_CONTEXT(2) 
PARAMETRIC_REPRESENTATION_CONTEXT() REPRESENTATION_CONTEXT('2D SPACE',''
  ) );
#1739 = ORIENTED_EDGE('',*,*,#1740,.T.);
#1740 = EDGE_CURVE('',#1720,#1741,#1743,.T.);
#1741 = VERTEX_POINT('',#1742);
#1742 = CARTESIAN_POINT('',(-142.,-40.05759915421,2.313351365238));
#1743 = SURFACE_CURVE('',#1744,(#1748,#1755),.PCURVE_S1.);
#1744 = LINE('',#1745,#1746);
#1745 = CARTESIAN_POINT('',(-142.,-38.71409626996,0.969848480983));
#1746 = VECTOR('',#1747,1.);
#1747 = DIRECTION('',(0.,-0.707106781187,0.707106781187));
#1748 = PCURVE('',#513,#1749);
#1749 = DEFINITIONAL_REPRESENTATION('',(#1750),#1754);
#1750 = LINE('',#1751,#1752);
#1751 = CARTESIAN_POINT('',(773.96984848098,-734.28590373));
#1752 = VECTOR('',#1753,1.);
#1753 = DIRECTION('',(0.707106781187,0.707106781187));
#1754 = ( GEOMETRIC_REPRESENTATION_CONTEXT(2) 
PARAMETRIC_REPRESENTATION_CONTEXT() REPRESENTATION_CONTEXT('2D SPACE',''
  ) );
#1755 = PCURVE('',#1756,#1761);
#1756 = PLANE('',#1757);
#1757 = AXIS2_PLACEMENT_3D('',#1758,#1759,#1760);
#1758 = CARTESIAN_POINT('',(-147.5,-38.71409626996,0.969848480983));
#1759 = DIRECTION('',(0.,0.707106781187,0.707106781187));
#1760 = DIRECTION('',(0.,-0.707106781187,0.707106781187));
#1761 = DEFINITIONAL_REPRESENTATION('',(#1762),#1766);
#1762 = LINE('',#1763,#1764);
#1763 = CARTESIAN_POINT('',(0.,5.5));
#1764 = VECTOR('',#1765,1.);
#1765 = DIRECTION('',(1.,0.));
#1766 = ( GEOMETRIC_REPRESENTATION_CONTEXT(2) 
PARAMETRIC_REPRESENTATION_CONTEXT() REPRESENTATION_CONTEXT('2D SPACE',''
  ) );
#1767 = ORIENTED_EDGE('',*,*,#1768,.F.);
#1768 = EDGE_CURVE('',#1769,#1741,#1771,.T.);
#1769 = VERTEX_POINT('',#1770);
#1770 = CARTESIAN_POINT('',(-142.,-41.47095051945,0.9));
#1771 = SURFACE_CURVE('',#1772,(#1776,#1783),.PCURVE_S1.);
#1772 = LINE('',#1773,#1774);
#1773 = CARTESIAN_POINT('',(-142.,-8.789615337838,33.581335181618));
#1774 = VECTOR('',#1775,1.);
#1775 = DIRECTION('',(0.,0.707106781187,0.707106781187));
#1776 = PCURVE('',#513,#1777);
#1777 = DEFINITIONAL_REPRESENTATION('',(#1778),#1782);
#1778 = LINE('',#1779,#1780);
#1779 = CARTESIAN_POINT('',(806.58133518161,-764.2103846621));
#1780 = VECTOR('',#1781,1.);
#1781 = DIRECTION('',(0.707106781187,-0.707106781187));
#1782 = ( GEOMETRIC_REPRESENTATION_CONTEXT(2) 
PARAMETRIC_REPRESENTATION_CONTEXT() REPRESENTATION_CONTEXT('2D SPACE',''
  ) );
#1783 = PCURVE('',#1784,#1789);
#1784 = PLANE('',#1785);
#1785 = AXIS2_PLACEMENT_3D('',#1786,#1787,#1788);
#1786 = CARTESIAN_POINT('',(-142.,-41.47095051945,0.9));
#1787 = DIRECTION('',(0.,0.707106781187,-0.707106781187));
#1788 = DIRECTION('',(0.,0.707106781187,0.707106781187));
#1789 = DEFINITIONAL_REPRESENTATION('',(#1790),#1794);
#1790 = LINE('',#1791,#1792);
#1791 = CARTESIAN_POINT('',(46.218387450305,0.));
#1792 = VECTOR('',#1793,1.);
#1793 = DIRECTION('',(1.,0.));
#1794 = ( GEOMETRIC_REPRESENTATION_CONTEXT(2) 
PARAMETRIC_REPRESENTATION_CONTEXT() REPRESENTATION_CONTEXT('2D SPACE',''
  ) );
#1795 = ORIENTED_EDGE('',*,*,#1796,.F.);
#1796 = EDGE_CURVE('',#1797,#1769,#1799,.T.);
#1797 = VERTEX_POINT('',#1798);
#1798 = CARTESIAN_POINT('',(-142.,-44.72536610718,0.9));
#1799 = SURFACE_CURVE('',#1800,(#1804,#1811),.PCURVE_S1.);
#1800 = LINE('',#1801,#1802);
#1801 = CARTESIAN_POINT('',(-142.,-386.5,0.9));
#1802 = VECTOR('',#1803,1.);
#1803 = DIRECTION('',(0.,1.,0.));
#1804 = PCURVE('',#513,#1805);
#1805 = DEFINITIONAL_REPRESENTATION('',(#1806),#1810);
#1806 = LINE('',#1807,#1808);
#1807 = CARTESIAN_POINT('',(773.9,-386.5));
#1808 = VECTOR('',#1809,1.);
#1809 = DIRECTION('',(0.,-1.));
#1810 = ( GEOMETRIC_REPRESENTATION_CONTEXT(2) 
PARAMETRIC_REPRESENTATION_CONTEXT() REPRESENTATION_CONTEXT('2D SPACE',''
  ) );
#1811 = PCURVE('',#1812,#1817);
#1812 = PLANE('',#1813);
#1813 = AXIS2_PLACEMENT_3D('',#1814,#1815,#1816);
#1814 = CARTESIAN_POINT('',(-142.,-44.72536610718,0.9));
#1815 = DIRECTION('',(0.,0.,-1.));
#1816 = DIRECTION('',(0.,1.,0.));
#1817 = DEFINITIONAL_REPRESENTATION('',(#1818),#1822);
#1818 = LINE('',#1819,#1820);
#1819 = CARTESIAN_POINT('',(-341.7746338928,0.));
#1820 = VECTOR('',#1821,1.);
#1821 = DIRECTION('',(1.,0.));
#1822 = ( GEOMETRIC_REPRESENTATION_CONTEXT(2) 
PARAMETRIC_REPRESENTATION_CONTEXT() REPRESENTATION_CONTEXT('2D SPACE',''
  ) );
#1823 = ORIENTED_EDGE('',*,*,#1824,.F.);
#1824 = EDGE_CURVE('',#1825,#1797,#1827,.T.);
#1825 = VERTEX_POINT('',#1826);
#1826 = CARTESIAN_POINT('',(-142.,-61.23544725075,17.410081143571));
#1827 = SURFACE_CURVE('',#1828,(#1832,#1839),.PCURVE_S1.);
#1828 = LINE('',#1829,#1830);
#1829 = CARTESIAN_POINT('',(-142.,-32.18722263192,-11.63814347526));
#1830 = VECTOR('',#1831,1.);
#1831 = DIRECTION('',(-0.,0.707106781187,-0.707106781187));
#1832 = PCURVE('',#513,#1833);
#1833 = DEFINITIONAL_REPRESENTATION('',(#1834),#1838);
#1834 = LINE('',#1835,#1836);
#1835 = CARTESIAN_POINT('',(761.36185652473,-740.812777368));
#1836 = VECTOR('',#1837,1.);
#1837 = DIRECTION('',(-0.707106781187,-0.707106781187));
#1838 = ( GEOMETRIC_REPRESENTATION_CONTEXT(2) 
PARAMETRIC_REPRESENTATION_CONTEXT() REPRESENTATION_CONTEXT('2D SPACE',''
  ) );
#1839 = PCURVE('',#1840,#1845);
#1840 = PLANE('',#1841);
#1841 = AXIS2_PLACEMENT_3D('',#1842,#1843,#1844);
#1842 = CARTESIAN_POINT('',(-142.,-61.23544725075,17.410081143571));
#1843 = DIRECTION('',(-0.,-0.707106781187,-0.707106781187));
#1844 = DIRECTION('',(0.,0.707106781187,-0.707106781187));
#1845 = DEFINITIONAL_REPRESENTATION('',(#1846),#1850);
#1846 = LINE('',#1847,#1848);
#1847 = CARTESIAN_POINT('',(41.080393218813,0.));
#1848 = VECTOR('',#1849,1.);
#1849 = DIRECTION('',(1.,0.));
#1850 = ( GEOMETRIC_REPRESENTATION_CONTEXT(2) 
PARAMETRIC_REPRESENTATION_CONTEXT() REPRESENTATION_CONTEXT('2D SPACE',''
  ) );
#1851 = ORIENTED_EDGE('',*,*,#1852,.T.);
#1852 = EDGE_CURVE('',#1825,#1853,#1855,.T.);
#1853 = VERTEX_POINT('',#1854);
#1854 = CARTESIAN_POINT('',(-142.,-61.23544725075,18.258609280995));
#1855 = SURFACE_CURVE('',#1856,(#1861,#1872),.PCURVE_S1.);
#1856 = CIRCLE('',#1857,0.6);
#1857 = AXIS2_PLACEMENT_3D('',#1858,#1859,#1860);
#1858 = CARTESIAN_POINT('',(-142.,-60.81118318204,17.834345212283));
#1859 = DIRECTION('',(-1.,-0.,0.));
#1860 = DIRECTION('',(0.,-0.707106781187,-0.707106781187));
#1861 = PCURVE('',#513,#1862);
#1862 = DEFINITIONAL_REPRESENTATION('',(#1863),#1871);
#1863 = ( BOUNDED_CURVE() B_SPLINE_CURVE(2,(#1864,#1865,#1866,#1867,
#1868,#1869,#1870),.UNSPECIFIED.,.T.,.F.) B_SPLINE_CURVE_WITH_KNOTS((1,2
    ,2,2,2,1),(-2.094395102393,0.,2.094395102393,4.188790204786,
6.28318530718,8.377580409573),.UNSPECIFIED.) CURVE() 
GEOMETRIC_REPRESENTATION_ITEM() RATIONAL_B_SPLINE_CURVE((1.,0.5,1.,0.5,
1.,0.5,1.)) REPRESENTATION_ITEM('') );
#1864 = CARTESIAN_POINT('',(790.41008114357,-711.7645527492));
#1865 = CARTESIAN_POINT('',(791.1449280664,-711.0297058264));
#1866 = CARTESIAN_POINT('',(791.41390070805,-712.0335253908));
#1867 = CARTESIAN_POINT('',(791.6828733497,-713.0373449553));
#1868 = CARTESIAN_POINT('',(790.67905378522,-712.7683723137));
#1869 = CARTESIAN_POINT('',(789.67523422073,-712.499399672));
#1870 = CARTESIAN_POINT('',(790.41008114357,-711.7645527492));
#1871 = ( GEOMETRIC_REPRESENTATION_CONTEXT(2) 
PARAMETRIC_REPRESENTATION_CONTEXT() REPRESENTATION_CONTEXT('2D SPACE',''
  ) );
#1872 = PCURVE('',#1873,#1878);
#1873 = CYLINDRICAL_SURFACE('',#1874,0.6);
#1874 = AXIS2_PLACEMENT_3D('',#1875,#1876,#1877);
#1875 = CARTESIAN_POINT('',(-142.,-60.81118318204,17.834345212283));
#1876 = DIRECTION('',(1.,0.,-0.));
#1877 = DIRECTION('',(0.,-0.707106781187,-0.707106781187));
#1878 = DEFINITIONAL_REPRESENTATION('',(#1879),#1883);
#1879 = LINE('',#1880,#1881);
#1880 = CARTESIAN_POINT('',(-0.,0.));
#1881 = VECTOR('',#1882,1.);
#1882 = DIRECTION('',(-1.,0.));
#1883 = ( GEOMETRIC_REPRESENTATION_CONTEXT(2) 
PARAMETRIC_REPRESENTATION_CONTEXT() REPRESENTATION_CONTEXT('2D SPACE',''
  ) );
#1884 = ORIENTED_EDGE('',*,*,#1885,.T.);
#1885 = EDGE_CURVE('',#1853,#1886,#1888,.T.);
#1886 = VERTEX_POINT('',#1887);
#1887 = CARTESIAN_POINT('',(-142.,-60.6697618258,18.824294705944));
#1888 = SURFACE_CURVE('',#1889,(#1893,#1900),.PCURVE_S1.);
#1889 = LINE('',#1890,#1891);
#1890 = CARTESIAN_POINT('',(-142.,-27.35116834398,52.142888187764));
#1891 = VECTOR('',#1892,1.);
#1892 = DIRECTION('',(0.,0.707106781187,0.707106781187));
#1893 = PCURVE('',#513,#1894);
#1894 = DEFINITIONAL_REPRESENTATION('',(#1895),#1899);
#1895 = LINE('',#1896,#1897);
#1896 = CARTESIAN_POINT('',(825.14288818776,-745.648831656));
#1897 = VECTOR('',#1898,1.);
#1898 = DIRECTION('',(0.707106781187,-0.707106781187));
#1899 = ( GEOMETRIC_REPRESENTATION_CONTEXT(2) 
PARAMETRIC_REPRESENTATION_CONTEXT() REPRESENTATION_CONTEXT('2D SPACE',''
  ) );
#1900 = PCURVE('',#1901,#1906);
#1901 = PLANE('',#1902);
#1902 = AXIS2_PLACEMENT_3D('',#1903,#1904,#1905);
#1903 = CARTESIAN_POINT('',(-142.,-61.23544725075,18.258609280995));
#1904 = DIRECTION('',(0.,0.707106781187,-0.707106781187));
#1905 = DIRECTION('',(0.,0.707106781187,0.707106781187));
#1906 = DEFINITIONAL_REPRESENTATION('',(#1907),#1911);
#1907 = LINE('',#1908,#1909);
#1908 = CARTESIAN_POINT('',(47.919606781187,0.));
#1909 = VECTOR('',#1910,1.);
#1910 = DIRECTION('',(1.,0.));
#1911 = ( GEOMETRIC_REPRESENTATION_CONTEXT(2) 
PARAMETRIC_REPRESENTATION_CONTEXT() REPRESENTATION_CONTEXT('2D SPACE',''
  ) );
#1912 = ORIENTED_EDGE('',*,*,#1913,.T.);
#1913 = EDGE_CURVE('',#1886,#1914,#1916,.T.);
#1914 = VERTEX_POINT('',#1915);
#1915 = CARTESIAN_POINT('',(-142.,-44.30023984133,2.454772721475));
#1916 = SURFACE_CURVE('',#1917,(#1921,#1928),.PCURVE_S1.);
#1917 = LINE('',#1918,#1919);
#1918 = CARTESIAN_POINT('',(-142.,-32.61148670063,-9.233980419228));
#1919 = VECTOR('',#1920,1.);
#1920 = DIRECTION('',(-0.,0.707106781187,-0.707106781187));
#1921 = PCURVE('',#513,#1922);
#1922 = DEFINITIONAL_REPRESENTATION('',(#1923),#1927);
#1923 = LINE('',#1924,#1925);
#1924 = CARTESIAN_POINT('',(763.76601958077,-740.3885132993));
#1925 = VECTOR('',#1926,1.);
#1926 = DIRECTION('',(-0.707106781187,-0.707106781187));
#1927 = ( GEOMETRIC_REPRESENTATION_CONTEXT(2) 
PARAMETRIC_REPRESENTATION_CONTEXT() REPRESENTATION_CONTEXT('2D SPACE',''
  ) );
#1928 = PCURVE('',#1929,#1934);
#1929 = PLANE('',#1930);
#1930 = AXIS2_PLACEMENT_3D('',#1931,#1932,#1933);
#1931 = CARTESIAN_POINT('',(-142.,-60.6697618258,18.824294705944));
#1932 = DIRECTION('',(-0.,-0.707106781187,-0.707106781187));
#1933 = DIRECTION('',(0.,0.707106781187,-0.707106781187));
#1934 = DEFINITIONAL_REPRESENTATION('',(#1935),#1939);
#1935 = LINE('',#1936,#1937);
#1936 = CARTESIAN_POINT('',(39.680393218813,0.));
#1937 = VECTOR('',#1938,1.);
#1938 = DIRECTION('',(1.,0.));
#1939 = ( GEOMETRIC_REPRESENTATION_CONTEXT(2) 
PARAMETRIC_REPRESENTATION_CONTEXT() REPRESENTATION_CONTEXT('2D SPACE',''
  ) );
#1940 = ORIENTED_EDGE('',*,*,#1941,.F.);
#1941 = EDGE_CURVE('',#1942,#1914,#1944,.T.);
#1942 = VERTEX_POINT('',#1943);
#1943 = CARTESIAN_POINT('',(-142.,-43.0274476352,2.454772721475));
#1944 = SURFACE_CURVE('',#1945,(#1950,#1961),.PCURVE_S1.);
#1945 = CIRCLE('',#1946,0.9);
#1946 = AXIS2_PLACEMENT_3D('',#1947,#1948,#1949);
#1947 = CARTESIAN_POINT('',(-142.,-43.66384373826,3.091168824543));
#1948 = DIRECTION('',(-1.,0.,0.));
#1949 = DIRECTION('',(0.,0.707106781187,0.707106781187));
#1950 = PCURVE('',#513,#1951);
#1951 = DEFINITIONAL_REPRESENTATION('',(#1952),#1960);
#1952 = ( BOUNDED_CURVE() B_SPLINE_CURVE(2,(#1953,#1954,#1955,#1956,
#1957,#1958,#1959),.UNSPECIFIED.,.T.,.F.) B_SPLINE_CURVE_WITH_KNOTS((1,2
    ,2,2,2,1),(-2.094395102393,0.,2.094395102393,4.188790204786,
6.28318530718,8.377580409573),.UNSPECIFIED.) CURVE() 
GEOMETRIC_REPRESENTATION_ITEM() RATIONAL_B_SPLINE_CURVE((1.,0.5,1.,0.5,
1.,0.5,1.)) REPRESENTATION_ITEM('') );
#1953 = CARTESIAN_POINT('',(776.72756492761,-729.9725523647));
#1954 = CARTESIAN_POINT('',(775.62529454335,-731.074822749));
#1955 = CARTESIAN_POINT('',(775.22183558088,-729.5690934023));
#1956 = CARTESIAN_POINT('',(774.8183766184,-728.0633640555));
#1957 = CARTESIAN_POINT('',(776.32410596513,-728.466823018));
#1958 = CARTESIAN_POINT('',(777.82983531186,-728.8702819805));
#1959 = CARTESIAN_POINT('',(776.72756492761,-729.9725523647));
#1960 = ( GEOMETRIC_REPRESENTATION_CONTEXT(2) 
PARAMETRIC_REPRESENTATION_CONTEXT() REPRESENTATION_CONTEXT('2D SPACE',''
  ) );
#1961 = PCURVE('',#1962,#1967);
#1962 = CYLINDRICAL_SURFACE('',#1963,0.9);
#1963 = AXIS2_PLACEMENT_3D('',#1964,#1965,#1966);
#1964 = CARTESIAN_POINT('',(-142.,-43.66384373826,3.091168824543));
#1965 = DIRECTION('',(1.,-0.,-0.));
#1966 = DIRECTION('',(0.,0.707106781187,0.707106781187));
#1967 = DEFINITIONAL_REPRESENTATION('',(#1968),#1972);
#1968 = LINE('',#1969,#1970);
#1969 = CARTESIAN_POINT('',(-0.,0.));
#1970 = VECTOR('',#1971,1.);
#1971 = DIRECTION('',(-1.,0.));
#1972 = ( GEOMETRIC_REPRESENTATION_CONTEXT(2) 
PARAMETRIC_REPRESENTATION_CONTEXT() REPRESENTATION_CONTEXT('2D SPACE',''
  ) );
#1973 = ORIENTED_EDGE('',*,*,#1974,.T.);
#1974 = EDGE_CURVE('',#1942,#1975,#1977,.T.);
#1975 = VERTEX_POINT('',#1976);
#1976 = CARTESIAN_POINT('',(-142.,47.128666966083,92.61088732276));
#1977 = SURFACE_CURVE('',#1978,(#1982,#1989),.PCURVE_S1.);
#1978 = LINE('',#1979,#1980);
#1979 = CARTESIAN_POINT('',(-142.,-10.34525025644,35.136970100228));
#1980 = VECTOR('',#1981,1.);
#1981 = DIRECTION('',(0.,0.707106781187,0.707106781187));
#1982 = PCURVE('',#513,#1983);
#1983 = DEFINITIONAL_REPRESENTATION('',(#1984),#1988);
#1984 = LINE('',#1985,#1986);
#1985 = CARTESIAN_POINT('',(808.13697010022,-762.6547497435));
#1986 = VECTOR('',#1987,1.);
#1987 = DIRECTION('',(0.707106781187,-0.707106781187));
#1988 = ( GEOMETRIC_REPRESENTATION_CONTEXT(2) 
PARAMETRIC_REPRESENTATION_CONTEXT() REPRESENTATION_CONTEXT('2D SPACE',''
  ) );
#1989 = PCURVE('',#1990,#1995);
#1990 = PLANE('',#1991);
#1991 = AXIS2_PLACEMENT_3D('',#1992,#1993,#1994);
#1992 = CARTESIAN_POINT('',(-142.,-43.0274476352,2.454772721475));
#1993 = DIRECTION('',(0.,0.707106781187,-0.707106781187));
#1994 = DIRECTION('',(0.,0.707106781187,0.707106781187));
#1995 = DEFINITIONAL_REPRESENTATION('',(#1996),#2000);
#1996 = LINE('',#1997,#1998);
#1997 = CARTESIAN_POINT('',(46.219606781187,0.));
#1998 = VECTOR('',#1999,1.);
#1999 = DIRECTION('',(1.,0.));
#2000 = ( GEOMETRIC_REPRESENTATION_CONTEXT(2) 
PARAMETRIC_REPRESENTATION_CONTEXT() REPRESENTATION_CONTEXT('2D SPACE',''
  ) );
#2001 = ORIENTED_EDGE('',*,*,#2002,.F.);
#2002 = EDGE_CURVE('',#2003,#1975,#2005,.T.);
#2003 = VERTEX_POINT('',#2004);
#2004 = CARTESIAN_POINT('',(-142.,47.128666966083,93.883679528896));
#2005 = SURFACE_CURVE('',#2006,(#2011,#2022),.PCURVE_S1.);
#2006 = CIRCLE('',#2007,0.9);
#2007 = AXIS2_PLACEMENT_3D('',#2008,#2009,#2010);
#2008 = CARTESIAN_POINT('',(-142.,46.492270863015,93.247283425828));
#2009 = DIRECTION('',(-1.,0.,0.));
#2010 = DIRECTION('',(0.,-0.707106781187,0.707106781187));
#2011 = PCURVE('',#513,#2012);
#2012 = DEFINITIONAL_REPRESENTATION('',(#2013),#2021);
#2013 = ( BOUNDED_CURVE() B_SPLINE_CURVE(2,(#2014,#2015,#2016,#2017,
#2018,#2019,#2020),.UNSPECIFIED.,.T.,.F.) B_SPLINE_CURVE_WITH_KNOTS((1,2
    ,2,2,2,1),(-2.094395102393,0.,2.094395102393,4.188790204786,
6.28318530718,8.377580409573),.UNSPECIFIED.) CURVE() 
GEOMETRIC_REPRESENTATION_ITEM() RATIONAL_B_SPLINE_CURVE((1.,0.5,1.,0.5,
1.,0.5,1.)) REPRESENTATION_ITEM('') );
#2014 = CARTESIAN_POINT('',(866.88367952889,-818.8558747599));
#2015 = CARTESIAN_POINT('',(867.98594991314,-819.9581451442));
#2016 = CARTESIAN_POINT('',(866.48022056642,-820.3616041066));
#2017 = CARTESIAN_POINT('',(864.97449121969,-820.7650630691));
#2018 = CARTESIAN_POINT('',(865.37795018216,-819.2593337224));
#2019 = CARTESIAN_POINT('',(865.78140914464,-817.7536043756));
#2020 = CARTESIAN_POINT('',(866.88367952889,-818.8558747599));
#2021 = ( GEOMETRIC_REPRESENTATION_CONTEXT(2) 
PARAMETRIC_REPRESENTATION_CONTEXT() REPRESENTATION_CONTEXT('2D SPACE',''
  ) );
#2022 = PCURVE('',#2023,#2028);
#2023 = CYLINDRICAL_SURFACE('',#2024,0.9);
#2024 = AXIS2_PLACEMENT_3D('',#2025,#2026,#2027);
#2025 = CARTESIAN_POINT('',(-142.,46.492270863015,93.247283425828));
#2026 = DIRECTION('',(1.,-0.,-0.));
#2027 = DIRECTION('',(0.,-0.707106781187,0.707106781187));
#2028 = DEFINITIONAL_REPRESENTATION('',(#2029),#2033);
#2029 = LINE('',#2030,#2031);
#2030 = CARTESIAN_POINT('',(-0.,0.));
#2031 = VECTOR('',#2032,1.);
#2032 = DIRECTION('',(-1.,0.));
#2033 = ( GEOMETRIC_REPRESENTATION_CONTEXT(2) 
PARAMETRIC_REPRESENTATION_CONTEXT() REPRESENTATION_CONTEXT('2D SPACE',''
  ) );
#2034 = ORIENTED_EDGE('',*,*,#2035,.F.);
#2035 = EDGE_CURVE('',#2036,#2003,#2038,.T.);
#2036 = VERTEX_POINT('',#2037);
#2037 = CARTESIAN_POINT('',(-142.,30.759144981615,110.25320151336));
#2038 = SURFACE_CURVE('',#2039,(#2043,#2050),.PCURVE_S1.);
#2039 = LINE('',#2040,#2041);
#2040 = CARTESIAN_POINT('',(-142.,58.817420106787,82.194926388193));
#2041 = VECTOR('',#2042,1.);
#2042 = DIRECTION('',(-0.,0.707106781187,-0.707106781187));
#2043 = PCURVE('',#513,#2044);
#2044 = DEFINITIONAL_REPRESENTATION('',(#2045),#2049);
#2045 = LINE('',#2046,#2047);
#2046 = CARTESIAN_POINT('',(855.19492638819,-831.8174201067));
#2047 = VECTOR('',#2048,1.);
#2048 = DIRECTION('',(-0.707106781187,-0.707106781187));
#2049 = ( GEOMETRIC_REPRESENTATION_CONTEXT(2) 
PARAMETRIC_REPRESENTATION_CONTEXT() REPRESENTATION_CONTEXT('2D SPACE',''
  ) );
#2050 = PCURVE('',#2051,#2056);
#2051 = PLANE('',#2052);
#2052 = AXIS2_PLACEMENT_3D('',#2053,#2054,#2055);
#2053 = CARTESIAN_POINT('',(-142.,30.759144981615,110.25320151336));
#2054 = DIRECTION('',(-0.,-0.707106781187,-0.707106781187));
#2055 = DIRECTION('',(0.,0.707106781187,-0.707106781187));
#2056 = DEFINITIONAL_REPRESENTATION('',(#2057),#2061);
#2057 = LINE('',#2058,#2059);
#2058 = CARTESIAN_POINT('',(39.680393218813,0.));
#2059 = VECTOR('',#2060,1.);
#2060 = DIRECTION('',(1.,0.));
#2061 = ( GEOMETRIC_REPRESENTATION_CONTEXT(2) 
PARAMETRIC_REPRESENTATION_CONTEXT() REPRESENTATION_CONTEXT('2D SPACE',''
  ) );
#2062 = ORIENTED_EDGE('',*,*,#2063,.T.);
#2063 = EDGE_CURVE('',#2036,#2064,#2066,.T.);
#2064 = VERTEX_POINT('',#2065);
#2065 = CARTESIAN_POINT('',(-142.,31.324830406564,110.81888693831));
#2066 = SURFACE_CURVE('',#2067,(#2071,#2078),.PCURVE_S1.);
#2067 = LINE('',#2068,#2069);
#2068 = CARTESIAN_POINT('',(-142.,-27.35116834398,52.142888187764));
#2069 = VECTOR('',#2070,1.);
#2070 = DIRECTION('',(0.,0.707106781187,0.707106781187));
#2071 = PCURVE('',#513,#2072);
#2072 = DEFINITIONAL_REPRESENTATION('',(#2073),#2077);
#2073 = LINE('',#2074,#2075);
#2074 = CARTESIAN_POINT('',(825.14288818776,-745.648831656));
#2075 = VECTOR('',#2076,1.);
#2076 = DIRECTION('',(0.707106781187,-0.707106781187));
#2077 = ( GEOMETRIC_REPRESENTATION_CONTEXT(2) 
PARAMETRIC_REPRESENTATION_CONTEXT() REPRESENTATION_CONTEXT('2D SPACE',''
  ) );
#2078 = PCURVE('',#2079,#2084);
#2079 = PLANE('',#2080);
#2080 = AXIS2_PLACEMENT_3D('',#2081,#2082,#2083);
#2081 = CARTESIAN_POINT('',(-142.,30.759144981615,110.25320151336));
#2082 = DIRECTION('',(0.,0.707106781187,-0.707106781187));
#2083 = DIRECTION('',(0.,0.707106781187,0.707106781187));
#2084 = DEFINITIONAL_REPRESENTATION('',(#2085),#2089);
#2085 = LINE('',#2086,#2087);
#2086 = CARTESIAN_POINT('',(-82.18039321881,0.));
#2087 = VECTOR('',#2088,1.);
#2088 = DIRECTION('',(1.,0.));
#2089 = ( GEOMETRIC_REPRESENTATION_CONTEXT(2) 
PARAMETRIC_REPRESENTATION_CONTEXT() REPRESENTATION_CONTEXT('2D SPACE',''
  ) );
#2090 = ORIENTED_EDGE('',*,*,#2091,.F.);
#2091 = EDGE_CURVE('',#2092,#2064,#2094,.T.);
#2092 = VERTEX_POINT('',#2093);
#2093 = CARTESIAN_POINT('',(-142.,32.173358543988,110.81888693831));
#2094 = SURFACE_CURVE('',#2095,(#2100,#2107),.PCURVE_S1.);
#2095 = CIRCLE('',#2096,0.6);
#2096 = AXIS2_PLACEMENT_3D('',#2097,#2098,#2099);
#2097 = CARTESIAN_POINT('',(-142.,31.749094475276,110.3946228696));
#2098 = DIRECTION('',(1.,0.,-0.));
#2099 = DIRECTION('',(0.,0.707106781187,0.707106781187));
#2100 = PCURVE('',#513,#2101);
#2101 = DEFINITIONAL_REPRESENTATION('',(#2102),#2106);
#2102 = CIRCLE('',#2103,0.6);
#2103 = AXIS2_PLACEMENT_2D('',#2104,#2105);
#2104 = CARTESIAN_POINT('',(883.3946228696,-804.7490944752));
#2105 = DIRECTION('',(0.707106781187,-0.707106781187));
#2106 = ( GEOMETRIC_REPRESENTATION_CONTEXT(2) 
PARAMETRIC_REPRESENTATION_CONTEXT() REPRESENTATION_CONTEXT('2D SPACE',''
  ) );
#2107 = PCURVE('',#2108,#2113);
#2108 = CYLINDRICAL_SURFACE('',#2109,0.6);
#2109 = AXIS2_PLACEMENT_3D('',#2110,#2111,#2112);
#2110 = CARTESIAN_POINT('',(-142.,31.749094475276,110.3946228696));
#2111 = DIRECTION('',(1.,0.,-0.));
#2112 = DIRECTION('',(0.,0.707106781187,0.707106781187));
#2113 = DEFINITIONAL_REPRESENTATION('',(#2114),#2118);
#2114 = LINE('',#2115,#2116);
#2115 = CARTESIAN_POINT('',(0.,0.));
#2116 = VECTOR('',#2117,1.);
#2117 = DIRECTION('',(1.,0.));
#2118 = ( GEOMETRIC_REPRESENTATION_CONTEXT(2) 
PARAMETRIC_REPRESENTATION_CONTEXT() REPRESENTATION_CONTEXT('2D SPACE',''
  ) );
#2119 = ORIENTED_EDGE('',*,*,#2120,.T.);
#2120 = EDGE_CURVE('',#2092,#2121,#2123,.T.);
#2121 = VERTEX_POINT('',#2122);
#2122 = CARTESIAN_POINT('',(-142.,49.886383412711,93.105862069591));
#2123 = SURFACE_CURVE('',#2124,(#2128,#2135),.PCURVE_S1.);
#2124 = LINE('',#2125,#2126);
#2125 = CARTESIAN_POINT('',(-142.,61.221583162821,81.770662319481));
#2126 = VECTOR('',#2127,1.);
#2127 = DIRECTION('',(-0.,0.707106781187,-0.707106781187));
#2128 = PCURVE('',#513,#2129);
#2129 = DEFINITIONAL_REPRESENTATION('',(#2130),#2134);
#2130 = LINE('',#2131,#2132);
#2131 = CARTESIAN_POINT('',(854.77066231948,-834.2215831628));
#2132 = VECTOR('',#2133,1.);
#2133 = DIRECTION('',(-0.707106781187,-0.707106781187));
#2134 = ( GEOMETRIC_REPRESENTATION_CONTEXT(2) 
PARAMETRIC_REPRESENTATION_CONTEXT() REPRESENTATION_CONTEXT('2D SPACE',''
  ) );
#2135 = PCURVE('',#2136,#2141);
#2136 = PLANE('',#2137);
#2137 = AXIS2_PLACEMENT_3D('',#2138,#2139,#2140);
#2138 = CARTESIAN_POINT('',(-142.,32.173358543988,110.81888693831));
#2139 = DIRECTION('',(-0.,-0.707106781187,-0.707106781187));
#2140 = DIRECTION('',(0.,0.707106781187,-0.707106781187));
#2141 = DEFINITIONAL_REPRESENTATION('',(#2142),#2146);
#2142 = LINE('',#2143,#2144);
#2143 = CARTESIAN_POINT('',(41.080393218813,0.));
#2144 = VECTOR('',#2145,1.);
#2145 = DIRECTION('',(1.,0.));
#2146 = ( GEOMETRIC_REPRESENTATION_CONTEXT(2) 
PARAMETRIC_REPRESENTATION_CONTEXT() REPRESENTATION_CONTEXT('2D SPACE',''
  ) );
#2147 = ORIENTED_EDGE('',*,*,#2148,.F.);
#2148 = EDGE_CURVE('',#2149,#2121,#2151,.T.);
#2149 = VERTEX_POINT('',#2150);
#2150 = CARTESIAN_POINT('',(-142.,49.886383412711,92.257333932167));
#2151 = SURFACE_CURVE('',#2152,(#2157,#2164),.PCURVE_S1.);
#2152 = CIRCLE('',#2153,0.6);
#2153 = AXIS2_PLACEMENT_3D('',#2154,#2155,#2156);
#2154 = CARTESIAN_POINT('',(-142.,49.462119343999,92.681598000879));
#2155 = DIRECTION('',(1.,0.,-0.));
#2156 = DIRECTION('',(0.,0.707106781187,0.707106781187));
#2157 = PCURVE('',#513,#2158);
#2158 = DEFINITIONAL_REPRESENTATION('',(#2159),#2163);
#2159 = CIRCLE('',#2160,0.6);
#2160 = AXIS2_PLACEMENT_2D('',#2161,#2162);
#2161 = CARTESIAN_POINT('',(865.68159800087,-822.4621193439));
#2162 = DIRECTION('',(0.707106781187,-0.707106781187));
#2163 = ( GEOMETRIC_REPRESENTATION_CONTEXT(2) 
PARAMETRIC_REPRESENTATION_CONTEXT() REPRESENTATION_CONTEXT('2D SPACE',''
  ) );
#2164 = PCURVE('',#2165,#2170);
#2165 = CYLINDRICAL_SURFACE('',#2166,0.6);
#2166 = AXIS2_PLACEMENT_3D('',#2167,#2168,#2169);
#2167 = CARTESIAN_POINT('',(-142.,49.462119343999,92.681598000879));
#2168 = DIRECTION('',(1.,0.,-0.));
#2169 = DIRECTION('',(0.,0.707106781187,0.707106781187));
#2170 = DEFINITIONAL_REPRESENTATION('',(#2171),#2175);
#2171 = LINE('',#2172,#2173);
#2172 = CARTESIAN_POINT('',(0.,0.));
#2173 = VECTOR('',#2174,1.);
#2174 = DIRECTION('',(1.,0.));
#2175 = ( GEOMETRIC_REPRESENTATION_CONTEXT(2) 
PARAMETRIC_REPRESENTATION_CONTEXT() REPRESENTATION_CONTEXT('2D SPACE',''
  ) );
#2176 = ORIENTED_EDGE('',*,*,#2177,.F.);
#2177 = EDGE_CURVE('',#2178,#2149,#2180,.T.);
#2178 = VERTEX_POINT('',#2179);
#2179 = CARTESIAN_POINT('',(-142.,47.270088322321,89.641038841777));
#2180 = SURFACE_CURVE('',#2181,(#2185,#2192),.PCURVE_S1.);
#2181 = LINE('',#2182,#2183);
#2182 = CARTESIAN_POINT('',(-142.,-8.789615337838,33.581335181618));
#2183 = VECTOR('',#2184,1.);
#2184 = DIRECTION('',(0.,0.707106781187,0.707106781187));
#2185 = PCURVE('',#513,#2186);
#2186 = DEFINITIONAL_REPRESENTATION('',(#2187),#2191);
#2187 = LINE('',#2188,#2189);
#2188 = CARTESIAN_POINT('',(806.58133518161,-764.2103846621));
#2189 = VECTOR('',#2190,1.);
#2190 = DIRECTION('',(0.707106781187,-0.707106781187));
#2191 = ( GEOMETRIC_REPRESENTATION_CONTEXT(2) 
PARAMETRIC_REPRESENTATION_CONTEXT() REPRESENTATION_CONTEXT('2D SPACE',''
  ) );
#2192 = PCURVE('',#2193,#2198);
#2193 = PLANE('',#2194);
#2194 = AXIS2_PLACEMENT_3D('',#2195,#2196,#2197);
#2195 = CARTESIAN_POINT('',(-142.,-41.47095051945,0.9));
#2196 = DIRECTION('',(0.,0.707106781187,-0.707106781187));
#2197 = DIRECTION('',(0.,0.707106781187,0.707106781187));
#2198 = DEFINITIONAL_REPRESENTATION('',(#2199),#2203);
#2199 = LINE('',#2200,#2201);
#2200 = CARTESIAN_POINT('',(46.218387450305,0.));
#2201 = VECTOR('',#2202,1.);
#2202 = DIRECTION('',(1.,0.));
#2203 = ( GEOMETRIC_REPRESENTATION_CONTEXT(2) 
PARAMETRIC_REPRESENTATION_CONTEXT() REPRESENTATION_CONTEXT('2D SPACE',''
  ) );
#2204 = ORIENTED_EDGE('',*,*,#2205,.F.);
#2205 = EDGE_CURVE('',#2206,#2178,#2208,.T.);
#2206 = VERTEX_POINT('',#2207);
#2207 = CARTESIAN_POINT('',(-142.,47.906484425389,89.004642738709));
#2208 = SURFACE_CURVE('',#2209,(#2213,#2220),.PCURVE_S1.);
#2209 = LINE('',#2210,#2211);
#2210 = CARTESIAN_POINT('',(-142.,48.613591206575,88.297535957522));
#2211 = VECTOR('',#2212,1.);
#2212 = DIRECTION('',(0.,-0.707106781187,0.707106781187));
#2213 = PCURVE('',#513,#2214);
#2214 = DEFINITIONAL_REPRESENTATION('',(#2215),#2219);
#2215 = LINE('',#2216,#2217);
#2216 = CARTESIAN_POINT('',(861.29753595752,-821.6135912065));
#2217 = VECTOR('',#2218,1.);
#2218 = DIRECTION('',(0.707106781187,0.707106781187));
#2219 = ( GEOMETRIC_REPRESENTATION_CONTEXT(2) 
PARAMETRIC_REPRESENTATION_CONTEXT() REPRESENTATION_CONTEXT('2D SPACE',''
  ) );
#2220 = PCURVE('',#2221,#2226);
#2221 = PLANE('',#2222);
#2222 = AXIS2_PLACEMENT_3D('',#2223,#2224,#2225);
#2223 = CARTESIAN_POINT('',(-147.5,48.613591206575,88.297535957522));
#2224 = DIRECTION('',(0.,0.707106781187,0.707106781187));
#2225 = DIRECTION('',(0.,-0.707106781187,0.707106781187));
#2226 = DEFINITIONAL_REPRESENTATION('',(#2227),#2231);
#2227 = LINE('',#2228,#2229);
#2228 = CARTESIAN_POINT('',(0.,5.5));
#2229 = VECTOR('',#2230,1.);
#2230 = DIRECTION('',(1.,0.));
#2231 = ( GEOMETRIC_REPRESENTATION_CONTEXT(2) 
PARAMETRIC_REPRESENTATION_CONTEXT() REPRESENTATION_CONTEXT('2D SPACE',''
  ) );
#2232 = ORIENTED_EDGE('',*,*,#2233,.T.);
#2233 = EDGE_CURVE('',#2206,#2234,#2236,.T.);
#2234 = VERTEX_POINT('',#2235);
#2235 = CARTESIAN_POINT('',(-142.,50.522779515779,91.620937829099));
#2236 = SURFACE_CURVE('',#2237,(#2241,#2247),.PCURVE_S1.);
#2237 = LINE('',#2238,#2239);
#2238 = CARTESIAN_POINT('',(-142.,-394.6532192347,-353.5550609214));
#2239 = VECTOR('',#2240,1.);
#2240 = DIRECTION('',(0.,0.707106781187,0.707106781187));
#2241 = PCURVE('',#513,#2242);
#2242 = DEFINITIONAL_REPRESENTATION('',(#2243),#2246);
#2243 = B_SPLINE_CURVE_WITH_KNOTS('',1,(#2244,#2245),.UNSPECIFIED.,.F.,
  .F.,(2,2),(500.00236220076,629.57393507601),.PIECEWISE_BEZIER_KNOTS.);
#2244 = CARTESIAN_POINT('',(773.,-731.9018416866));
#2245 = CARTESIAN_POINT('',(864.62093782909,-823.5227795157));
#2246 = ( GEOMETRIC_REPRESENTATION_CONTEXT(2) 
PARAMETRIC_REPRESENTATION_CONTEXT() REPRESENTATION_CONTEXT('2D SPACE',''
  ) );
#2247 = PCURVE('',#540,#2248);
#2248 = DEFINITIONAL_REPRESENTATION('',(#2249),#2252);
#2249 = B_SPLINE_CURVE_WITH_KNOTS('',1,(#2250,#2251),.UNSPECIFIED.,.F.,
  .F.,(2,2),(500.00236220076,629.57393507601),.PIECEWISE_BEZIER_KNOTS.);
#2250 = CARTESIAN_POINT('',(-142.,-64.12157287525));
#2251 = CARTESIAN_POINT('',(-142.,65.45));
#2252 = ( GEOMETRIC_REPRESENTATION_CONTEXT(2) 
PARAMETRIC_REPRESENTATION_CONTEXT() REPRESENTATION_CONTEXT('2D SPACE',''
  ) );
#2253 = ORIENTED_EDGE('',*,*,#2254,.T.);
#2254 = EDGE_CURVE('',#2234,#1623,#2255,.T.);
#2255 = SURFACE_CURVE('',#2256,(#2261,#2268),.PCURVE_S1.);
#2256 = CIRCLE('',#2257,1.5);
#2257 = AXIS2_PLACEMENT_3D('',#2258,#2259,#2260);
#2258 = CARTESIAN_POINT('',(-142.,49.462119343999,92.681598000879));
#2259 = DIRECTION('',(1.,0.,0.));
#2260 = DIRECTION('',(-0.,0.707106781187,0.707106781187));
#2261 = PCURVE('',#513,#2262);
#2262 = DEFINITIONAL_REPRESENTATION('',(#2263),#2267);
#2263 = CIRCLE('',#2264,1.5);
#2264 = AXIS2_PLACEMENT_2D('',#2265,#2266);
#2265 = CARTESIAN_POINT('',(865.68159800087,-822.4621193439));
#2266 = DIRECTION('',(0.707106781187,-0.707106781187));
#2267 = ( GEOMETRIC_REPRESENTATION_CONTEXT(2) 
PARAMETRIC_REPRESENTATION_CONTEXT() REPRESENTATION_CONTEXT('2D SPACE',''
  ) );
#2268 = PCURVE('',#1124,#2269);
#2269 = DEFINITIONAL_REPRESENTATION('',(#2270),#2274);
#2270 = LINE('',#2271,#2272);
#2271 = CARTESIAN_POINT('',(-6.28318530718,37.05));
#2272 = VECTOR('',#2273,1.);
#2273 = DIRECTION('',(1.,-0.));
#2274 = ( GEOMETRIC_REPRESENTATION_CONTEXT(2) 
PARAMETRIC_REPRESENTATION_CONTEXT() REPRESENTATION_CONTEXT('2D SPACE',''
  ) );
#2275 = ORIENTED_EDGE('',*,*,#1669,.F.);
#2276 = ORIENTED_EDGE('',*,*,#2277,.T.);
#2277 = EDGE_CURVE('',#1647,#1519,#2278,.T.);
#2278 = SURFACE_CURVE('',#2279,(#2284,#2291),.PCURVE_S1.);
#2279 = CIRCLE('',#2280,1.5);
#2280 = AXIS2_PLACEMENT_3D('',#2281,#2282,#2283);
#2281 = CARTESIAN_POINT('',(-142.,31.749094475276,110.3946228696));
#2282 = DIRECTION('',(1.,0.,0.));
#2283 = DIRECTION('',(-0.,0.707106781187,0.707106781187));
#2284 = PCURVE('',#513,#2285);
#2285 = DEFINITIONAL_REPRESENTATION('',(#2286),#2290);
#2286 = CIRCLE('',#2287,1.5);
#2287 = AXIS2_PLACEMENT_2D('',#2288,#2289);
#2288 = CARTESIAN_POINT('',(883.3946228696,-804.7490944752));
#2289 = DIRECTION('',(0.707106781187,-0.707106781187));
#2290 = ( GEOMETRIC_REPRESENTATION_CONTEXT(2) 
PARAMETRIC_REPRESENTATION_CONTEXT() REPRESENTATION_CONTEXT('2D SPACE',''
  ) );
#2291 = PCURVE('',#1555,#2292);
#2292 = DEFINITIONAL_REPRESENTATION('',(#2293),#2297);
#2293 = LINE('',#2294,#2295);
#2294 = CARTESIAN_POINT('',(0.,37.05));
#2295 = VECTOR('',#2296,1.);
#2296 = DIRECTION('',(1.,0.));
#2297 = ( GEOMETRIC_REPRESENTATION_CONTEXT(2) 
PARAMETRIC_REPRESENTATION_CONTEXT() REPRESENTATION_CONTEXT('2D SPACE',''
  ) );
#2298 = ORIENTED_EDGE('',*,*,#1518,.F.);
#2299 = ORIENTED_EDGE('',*,*,#2300,.T.);
#2300 = EDGE_CURVE('',#1491,#2301,#2303,.T.);
#2301 = VERTEX_POINT('',#2302);
#2302 = CARTESIAN_POINT('',(-142.,46.492270863015,93.247283425828));
#2303 = SURFACE_CURVE('',#2304,(#2308,#2314),.PCURVE_S1.);
#2304 = LINE('',#2305,#2306);
#2305 = CARTESIAN_POINT('',(-142.,58.181024003719,81.558530285125));
#2306 = VECTOR('',#2307,1.);
#2307 = DIRECTION('',(-0.,0.707106781187,-0.707106781187));
#2308 = PCURVE('',#513,#2309);
#2309 = DEFINITIONAL_REPRESENTATION('',(#2310),#2313);
#2310 = B_SPLINE_CURVE_WITH_KNOTS('',1,(#2311,#2312),.UNSPECIFIED.,.F.,
  .F.,(2,2),(-40.58039321881,-16.53039321881),.PIECEWISE_BEZIER_KNOTS.);
#2311 = CARTESIAN_POINT('',(883.25320151336,-802.4863527754));
#2312 = CARTESIAN_POINT('',(866.24728342582,-819.492270863));
#2313 = ( GEOMETRIC_REPRESENTATION_CONTEXT(2) 
PARAMETRIC_REPRESENTATION_CONTEXT() REPRESENTATION_CONTEXT('2D SPACE',''
  ) );
#2314 = PCURVE('',#1506,#2315);
#2315 = DEFINITIONAL_REPRESENTATION('',(#2316),#2319);
#2316 = B_SPLINE_CURVE_WITH_KNOTS('',1,(#2317,#2318),.UNSPECIFIED.,.F.,
  .F.,(2,2),(-40.58039321881,-16.53039321881),.PIECEWISE_BEZIER_KNOTS.);
#2317 = CARTESIAN_POINT('',(37.05,-24.05));
#2318 = CARTESIAN_POINT('',(37.05,0.));
#2319 = ( GEOMETRIC_REPRESENTATION_CONTEXT(2) 
PARAMETRIC_REPRESENTATION_CONTEXT() REPRESENTATION_CONTEXT('2D SPACE',''
  ) );
#2320 = ORIENTED_EDGE('',*,*,#2321,.F.);
#2321 = EDGE_CURVE('',#2322,#2301,#2324,.T.);
#2322 = VERTEX_POINT('',#2323);
#2323 = CARTESIAN_POINT('',(-142.,-43.66384373826,3.091168824543));
#2324 = SURFACE_CURVE('',#2325,(#2329,#2335),.PCURVE_S1.);
#2325 = LINE('',#2326,#2327);
#2326 = CARTESIAN_POINT('',(-142.,-397.4816463595,-350.7266337967));
#2327 = VECTOR('',#2328,1.);
#2328 = DIRECTION('',(0.,0.707106781187,0.707106781187));
#2329 = PCURVE('',#513,#2330);
#2330 = DEFINITIONAL_REPRESENTATION('',(#2331),#2334);
#2331 = B_SPLINE_CURVE_WITH_KNOTS('',1,(#2332,#2333),.UNSPECIFIED.,.F.,
  .F.,(2,2),(500.37393507601,627.87393507601),.PIECEWISE_BEZIER_KNOTS.);
#2332 = CARTESIAN_POINT('',(776.09116882454,-729.3361562617));
#2333 = CARTESIAN_POINT('',(866.24728342582,-819.492270863));
#2334 = ( GEOMETRIC_REPRESENTATION_CONTEXT(2) 
PARAMETRIC_REPRESENTATION_CONTEXT() REPRESENTATION_CONTEXT('2D SPACE',''
  ) );
#2335 = PCURVE('',#2336,#2341);
#2336 = PLANE('',#2337);
#2337 = AXIS2_PLACEMENT_3D('',#2338,#2339,#2340);
#2338 = CARTESIAN_POINT('',(3.540122590777E-15,1.414213562373,
    48.169226125186));
#2339 = DIRECTION('',(0.,-0.707106781187,0.707106781187));
#2340 = DIRECTION('',(1.,0.,0.));
#2341 = DEFINITIONAL_REPRESENTATION('',(#2342),#2345);
#2342 = B_SPLINE_CURVE_WITH_KNOTS('',1,(#2343,#2344),.UNSPECIFIED.,.F.,
  .F.,(2,2),(500.37393507601,627.87393507601),.PIECEWISE_BEZIER_KNOTS.);
#2343 = CARTESIAN_POINT('',(-142.,-63.75));
#2344 = CARTESIAN_POINT('',(-142.,63.75));
#2345 = ( GEOMETRIC_REPRESENTATION_CONTEXT(2) 
PARAMETRIC_REPRESENTATION_CONTEXT() REPRESENTATION_CONTEXT('2D SPACE',''
  ) );
#2346 = ORIENTED_EDGE('',*,*,#2347,.F.);
#2347 = EDGE_CURVE('',#1356,#2322,#2348,.T.);
#2348 = SURFACE_CURVE('',#2349,(#2353,#2359),.PCURVE_S1.);
#2349 = LINE('',#2350,#2351);
#2350 = CARTESIAN_POINT('',(-142.,-31.97509059756,-8.59758431616));
#2351 = VECTOR('',#2352,1.);
#2352 = DIRECTION('',(-0.,0.707106781187,-0.707106781187));
#2353 = PCURVE('',#513,#2354);
#2354 = DEFINITIONAL_REPRESENTATION('',(#2355),#2358);
#2355 = B_SPLINE_CURVE_WITH_KNOTS('',1,(#2356,#2357),.UNSPECIFIED.,.F.,
  .F.,(2,2),(-40.58039321881,-16.53039321881),.PIECEWISE_BEZIER_KNOTS.);
#2356 = CARTESIAN_POINT('',(793.09708691208,-712.3302381741));
#2357 = CARTESIAN_POINT('',(776.09116882454,-729.3361562617));
#2358 = ( GEOMETRIC_REPRESENTATION_CONTEXT(2) 
PARAMETRIC_REPRESENTATION_CONTEXT() REPRESENTATION_CONTEXT('2D SPACE',''
  ) );
#2359 = PCURVE('',#1392,#2360);
#2360 = DEFINITIONAL_REPRESENTATION('',(#2361),#2364);
#2361 = B_SPLINE_CURVE_WITH_KNOTS('',1,(#2362,#2363),.UNSPECIFIED.,.F.,
  .F.,(2,2),(-40.58039321881,-16.53039321881),.PIECEWISE_BEZIER_KNOTS.);
#2362 = CARTESIAN_POINT('',(37.05,-24.05));
#2363 = CARTESIAN_POINT('',(37.05,0.));
#2364 = ( GEOMETRIC_REPRESENTATION_CONTEXT(2) 
PARAMETRIC_REPRESENTATION_CONTEXT() REPRESENTATION_CONTEXT('2D SPACE',''
  ) );
#2365 = ORIENTED_EDGE('',*,*,#1355,.F.);
#2366 = ADVANCED_FACE('',(#2367),#656,.T.);
#2367 = FACE_BOUND('',#2368,.T.);
#2368 = EDGE_LOOP('',(#2369,#2370,#2371));
#2369 = ORIENTED_EDGE('',*,*,#635,.F.);
#2370 = ORIENTED_EDGE('',*,*,#1164,.T.);
#2371 = ORIENTED_EDGE('',*,*,#2372,.F.);
#2372 = EDGE_CURVE('',#608,#1165,#2373,.T.);
#2373 = SURFACE_CURVE('',#2374,(#2378,#2385),.PCURVE_S1.);
#2374 = LINE('',#2375,#2376);
#2375 = CARTESIAN_POINT('',(-193.25,179.07479233549,-204.0911180631));
#2376 = VECTOR('',#2377,1.);
#2377 = DIRECTION('',(0.,-0.707106781187,0.707106781187));
#2378 = PCURVE('',#656,#2379);
#2379 = DEFINITIONAL_REPRESENTATION('',(#2380),#2384);
#2380 = LINE('',#2381,#2382);
#2381 = CARTESIAN_POINT('',(6.28318530718,0.));
#2382 = VECTOR('',#2383,1.);
#2383 = DIRECTION('',(0.,-1.));
#2384 = ( GEOMETRIC_REPRESENTATION_CONTEXT(2) 
PARAMETRIC_REPRESENTATION_CONTEXT() REPRESENTATION_CONTEXT('2D SPACE',''
  ) );
#2385 = PCURVE('',#623,#2386);
#2386 = DEFINITIONAL_REPRESENTATION('',(#2387),#2391);
#2387 = LINE('',#2388,#2389);
#2388 = CARTESIAN_POINT('',(-162.2812904193,-238.1739490533));
#2389 = VECTOR('',#2390,1.);
#2390 = DIRECTION('',(0.707106781187,0.707106781187));
#2391 = ( GEOMETRIC_REPRESENTATION_CONTEXT(2) 
PARAMETRIC_REPRESENTATION_CONTEXT() REPRESENTATION_CONTEXT('2D SPACE',''
  ) );
#2392 = ADVANCED_FACE('',(#2393),#623,.T.);
#2393 = FACE_BOUND('',#2394,.T.);
#2394 = EDGE_LOOP('',(#2395,#2396,#2397,#2420,#2443,#2469));
#2395 = ORIENTED_EDGE('',*,*,#2372,.T.);
#2396 = ORIENTED_EDGE('',*,*,#1306,.T.);
#2397 = ORIENTED_EDGE('',*,*,#2398,.F.);
#2398 = EDGE_CURVE('',#2399,#1274,#2401,.T.);
#2399 = VERTEX_POINT('',#2400);
#2400 = CARTESIAN_POINT('',(-193.25,50.876332906372,73.306872196367));
#2401 = SURFACE_CURVE('',#2402,(#2406,#2413),.PCURVE_S1.);
#2402 = LINE('',#2403,#2404);
#2403 = CARTESIAN_POINT('',(-193.25,253.67455775067,-129.4913526479));
#2404 = VECTOR('',#2405,1.);
#2405 = DIRECTION('',(0.,-0.707106781187,0.707106781187));
#2406 = PCURVE('',#623,#2407);
#2407 = DEFINITIONAL_REPRESENTATION('',(#2408),#2412);
#2408 = LINE('',#2409,#2410);
#2409 = CARTESIAN_POINT('',(-236.8810558345,-163.5741836381));
#2410 = VECTOR('',#2411,1.);
#2411 = DIRECTION('',(0.707106781187,0.707106781187));
#2412 = ( GEOMETRIC_REPRESENTATION_CONTEXT(2) 
PARAMETRIC_REPRESENTATION_CONTEXT() REPRESENTATION_CONTEXT('2D SPACE',''
  ) );
#2413 = PCURVE('',#1294,#2414);
#2414 = DEFINITIONAL_REPRESENTATION('',(#2415),#2419);
#2415 = LINE('',#2416,#2417);
#2416 = CARTESIAN_POINT('',(0.,0.));
#2417 = VECTOR('',#2418,1.);
#2418 = DIRECTION('',(0.,-1.));
#2419 = ( GEOMETRIC_REPRESENTATION_CONTEXT(2) 
PARAMETRIC_REPRESENTATION_CONTEXT() REPRESENTATION_CONTEXT('2D SPACE',''
  ) );
#2420 = ORIENTED_EDGE('',*,*,#2421,.T.);
#2421 = EDGE_CURVE('',#2399,#2422,#2424,.T.);
#2422 = VERTEX_POINT('',#2423);
#2423 = CARTESIAN_POINT('',(-193.25,50.876332906372,20.));
#2424 = SURFACE_CURVE('',#2425,(#2429,#2436),.PCURVE_S1.);
#2425 = LINE('',#2426,#2427);
#2426 = CARTESIAN_POINT('',(-193.25,50.876332906372,93.388704782065));
#2427 = VECTOR('',#2428,1.);
#2428 = DIRECTION('',(0.,0.,-1.));
#2429 = PCURVE('',#623,#2430);
#2430 = DEFINITIONAL_REPRESENTATION('',(#2431),#2435);
#2431 = LINE('',#2432,#2433);
#2432 = CARTESIAN_POINT('',(-34.08283099025,59.305873791808));
#2433 = VECTOR('',#2434,1.);
#2434 = DIRECTION('',(0.,-1.));
#2435 = ( GEOMETRIC_REPRESENTATION_CONTEXT(2) 
PARAMETRIC_REPRESENTATION_CONTEXT() REPRESENTATION_CONTEXT('2D SPACE',''
  ) );
#2436 = PCURVE('',#1261,#2437);
#2437 = DEFINITIONAL_REPRESENTATION('',(#2438),#2442);
#2438 = LINE('',#2439,#2440);
#2439 = CARTESIAN_POINT('',(0.,0.));
#2440 = VECTOR('',#2441,1.);
#2441 = DIRECTION('',(1.,0.));
#2442 = ( GEOMETRIC_REPRESENTATION_CONTEXT(2) 
PARAMETRIC_REPRESENTATION_CONTEXT() REPRESENTATION_CONTEXT('2D SPACE',''
  ) );
#2443 = ORIENTED_EDGE('',*,*,#2444,.F.);
#2444 = EDGE_CURVE('',#580,#2422,#2445,.T.);
#2445 = SURFACE_CURVE('',#2446,(#2451,#2462),.PCURVE_S1.);
#2446 = CIRCLE('',#2447,20.);
#2447 = AXIS2_PLACEMENT_3D('',#2448,#2449,#2450);
#2448 = CARTESIAN_POINT('',(-193.25,30.876332906372,20.));
#2449 = DIRECTION('',(1.,0.,0.));
#2450 = DIRECTION('',(0.,1.,0.));
#2451 = PCURVE('',#623,#2452);
#2452 = DEFINITIONAL_REPRESENTATION('',(#2453),#2461);
#2453 = ( BOUNDED_CURVE() B_SPLINE_CURVE(2,(#2454,#2455,#2456,#2457,
#2458,#2459,#2460),.UNSPECIFIED.,.T.,.F.) B_SPLINE_CURVE_WITH_KNOTS((1,2
    ,2,2,2,1),(-2.094395102393,0.,2.094395102393,4.188790204786,
6.28318530718,8.377580409573),.UNSPECIFIED.) CURVE() 
GEOMETRIC_REPRESENTATION_ITEM() RATIONAL_B_SPLINE_CURVE((1.,0.5,1.,0.5,
1.,0.5,1.)) REPRESENTATION_ITEM('') );
#2454 = CARTESIAN_POINT('',(-34.08283099025,-14.08283099025));
#2455 = CARTESIAN_POINT('',(-34.08283099025,20.558185161121));
#2456 = CARTESIAN_POINT('',(-4.082830990257,3.237677085432));
#2457 = CARTESIAN_POINT('',(25.917169009743,-14.08283099025));
#2458 = CARTESIAN_POINT('',(-4.082830990257,-31.40333906594));
#2459 = CARTESIAN_POINT('',(-34.08283099025,-48.72384714163));
#2460 = CARTESIAN_POINT('',(-34.08283099025,-14.08283099025));
#2461 = ( GEOMETRIC_REPRESENTATION_CONTEXT(2) 
PARAMETRIC_REPRESENTATION_CONTEXT() REPRESENTATION_CONTEXT('2D SPACE',''
  ) );
#2462 = PCURVE('',#595,#2463);
#2463 = DEFINITIONAL_REPRESENTATION('',(#2464),#2468);
#2464 = LINE('',#2465,#2466);
#2465 = CARTESIAN_POINT('',(-0.,0.));
#2466 = VECTOR('',#2467,1.);
#2467 = DIRECTION('',(-1.,0.));
#2468 = ( GEOMETRIC_REPRESENTATION_CONTEXT(2) 
PARAMETRIC_REPRESENTATION_CONTEXT() REPRESENTATION_CONTEXT('2D SPACE',''
  ) );
#2469 = ORIENTED_EDGE('',*,*,#607,.T.);
#2470 = ADVANCED_FACE('',(#2471),#595,.T.);
#2471 = FACE_BOUND('',#2472,.F.);
#2472 = EDGE_LOOP('',(#2473,#2474,#2502,#2523));
#2473 = ORIENTED_EDGE('',*,*,#579,.T.);
#2474 = ORIENTED_EDGE('',*,*,#2475,.T.);
#2475 = EDGE_CURVE('',#552,#2476,#2478,.T.);
#2476 = VERTEX_POINT('',#2477);
#2477 = CARTESIAN_POINT('',(-175.25,50.876332906372,20.));
#2478 = SURFACE_CURVE('',#2479,(#2484,#2491),.PCURVE_S1.);
#2479 = CIRCLE('',#2480,20.);
#2480 = AXIS2_PLACEMENT_3D('',#2481,#2482,#2483);
#2481 = CARTESIAN_POINT('',(-175.25,30.876332906372,20.));
#2482 = DIRECTION('',(1.,0.,0.));
#2483 = DIRECTION('',(0.,1.,0.));
#2484 = PCURVE('',#595,#2485);
#2485 = DEFINITIONAL_REPRESENTATION('',(#2486),#2490);
#2486 = LINE('',#2487,#2488);
#2487 = CARTESIAN_POINT('',(-0.,-18.));
#2488 = VECTOR('',#2489,1.);
#2489 = DIRECTION('',(-1.,0.));
#2490 = ( GEOMETRIC_REPRESENTATION_CONTEXT(2) 
PARAMETRIC_REPRESENTATION_CONTEXT() REPRESENTATION_CONTEXT('2D SPACE',''
  ) );
#2491 = PCURVE('',#567,#2492);
#2492 = DEFINITIONAL_REPRESENTATION('',(#2493),#2501);
#2493 = ( BOUNDED_CURVE() B_SPLINE_CURVE(2,(#2494,#2495,#2496,#2497,
#2498,#2499,#2500),.UNSPECIFIED.,.T.,.F.) B_SPLINE_CURVE_WITH_KNOTS((1,2
    ,2,2,2,1),(-2.094395102393,0.,2.094395102393,4.188790204786,
6.28318530718,8.377580409573),.UNSPECIFIED.) CURVE() 
GEOMETRIC_REPRESENTATION_ITEM() RATIONAL_B_SPLINE_CURVE((1.,0.5,1.,0.5,
1.,0.5,1.)) REPRESENTATION_ITEM('') );
#2494 = CARTESIAN_POINT('',(-34.08283099025,-14.08283099025));
#2495 = CARTESIAN_POINT('',(-34.08283099025,20.558185161121));
#2496 = CARTESIAN_POINT('',(-4.082830990257,3.237677085432));
#2497 = CARTESIAN_POINT('',(25.917169009743,-14.08283099025));
#2498 = CARTESIAN_POINT('',(-4.082830990257,-31.40333906594));
#2499 = CARTESIAN_POINT('',(-34.08283099025,-48.72384714163));
#2500 = CARTESIAN_POINT('',(-34.08283099025,-14.08283099025));
#2501 = ( GEOMETRIC_REPRESENTATION_CONTEXT(2) 
PARAMETRIC_REPRESENTATION_CONTEXT() REPRESENTATION_CONTEXT('2D SPACE',''
  ) );
#2502 = ORIENTED_EDGE('',*,*,#2503,.F.);
#2503 = EDGE_CURVE('',#2422,#2476,#2504,.T.);
#2504 = SURFACE_CURVE('',#2505,(#2509,#2516),.PCURVE_S1.);
#2505 = LINE('',#2506,#2507);
#2506 = CARTESIAN_POINT('',(-193.25,50.876332906372,20.));
#2507 = VECTOR('',#2508,1.);
#2508 = DIRECTION('',(1.,-0.,-0.));
#2509 = PCURVE('',#595,#2510);
#2510 = DEFINITIONAL_REPRESENTATION('',(#2511),#2515);
#2511 = LINE('',#2512,#2513);
#2512 = CARTESIAN_POINT('',(-6.28318530718,0.));
#2513 = VECTOR('',#2514,1.);
#2514 = DIRECTION('',(-0.,-1.));
#2515 = ( GEOMETRIC_REPRESENTATION_CONTEXT(2) 
PARAMETRIC_REPRESENTATION_CONTEXT() REPRESENTATION_CONTEXT('2D SPACE',''
  ) );
#2516 = PCURVE('',#1261,#2517);
#2517 = DEFINITIONAL_REPRESENTATION('',(#2518),#2522);
#2518 = LINE('',#2519,#2520);
#2519 = CARTESIAN_POINT('',(73.388704782065,0.));
#2520 = VECTOR('',#2521,1.);
#2521 = DIRECTION('',(0.,-1.));
#2522 = ( GEOMETRIC_REPRESENTATION_CONTEXT(2) 
PARAMETRIC_REPRESENTATION_CONTEXT() REPRESENTATION_CONTEXT('2D SPACE',''
  ) );
#2523 = ORIENTED_EDGE('',*,*,#2444,.F.);
#2524 = ADVANCED_FACE('',(#2525),#567,.F.);
#2525 = FACE_BOUND('',#2526,.F.);
#2526 = EDGE_LOOP('',(#2527,#2528,#2549,#2577,#2598));
#2527 = ORIENTED_EDGE('',*,*,#551,.T.);
#2528 = ORIENTED_EDGE('',*,*,#2529,.F.);
#2529 = EDGE_CURVE('',#2530,#525,#2532,.T.);
#2530 = VERTEX_POINT('',#2531);
#2531 = CARTESIAN_POINT('',(-175.25,50.522779515779,91.620937829099));
#2532 = SURFACE_CURVE('',#2533,(#2537,#2543),.PCURVE_S1.);
#2533 = LINE('',#2534,#2535);
#2534 = CARTESIAN_POINT('',(-175.25,4.565863991823,45.664022305143));
#2535 = VECTOR('',#2536,1.);
#2536 = DIRECTION('',(0.,-0.707106781187,-0.707106781187));
#2537 = PCURVE('',#567,#2538);
#2538 = DEFINITIONAL_REPRESENTATION('',(#2539),#2542);
#2539 = B_SPLINE_CURVE_WITH_KNOTS('',1,(#2540,#2541),.UNSPECIFIED.,.F.,
  .F.,(2,2),(-64.99289321881,64.57867965644),.PIECEWISE_BEZIER_KNOTS.);
#2540 = CARTESIAN_POINT('',(-33.72927759966,57.538106838842));
#2541 = CARTESIAN_POINT('',(57.891660229435,-34.08283099025));
#2542 = ( GEOMETRIC_REPRESENTATION_CONTEXT(2) 
PARAMETRIC_REPRESENTATION_CONTEXT() REPRESENTATION_CONTEXT('2D SPACE',''
  ) );
#2543 = PCURVE('',#540,#2544);
#2544 = DEFINITIONAL_REPRESENTATION('',(#2545),#2548);
#2545 = B_SPLINE_CURVE_WITH_KNOTS('',1,(#2546,#2547),.UNSPECIFIED.,.F.,
  .F.,(2,2),(-64.99289321881,64.57867965644),.PIECEWISE_BEZIER_KNOTS.);
#2546 = CARTESIAN_POINT('',(-175.25,65.45));
#2547 = CARTESIAN_POINT('',(-175.25,-64.12157287525));
#2548 = ( GEOMETRIC_REPRESENTATION_CONTEXT(2) 
PARAMETRIC_REPRESENTATION_CONTEXT() REPRESENTATION_CONTEXT('2D SPACE',''
  ) );
#2549 = ORIENTED_EDGE('',*,*,#2550,.T.);
#2550 = EDGE_CURVE('',#2530,#2551,#2553,.T.);
#2551 = VERTEX_POINT('',#2552);
#2552 = CARTESIAN_POINT('',(-175.25,50.876332906372,92.181598000875));
#2553 = SURFACE_CURVE('',#2554,(#2559,#2570),.PCURVE_S1.);
#2554 = CIRCLE('',#2555,1.5);
#2555 = AXIS2_PLACEMENT_3D('',#2556,#2557,#2558);
#2556 = CARTESIAN_POINT('',(-175.25,49.462119343999,92.681598000879));
#2557 = DIRECTION('',(1.,0.,0.));
#2558 = DIRECTION('',(-0.,0.707106781187,0.707106781187));
#2559 = PCURVE('',#567,#2560);
#2560 = DEFINITIONAL_REPRESENTATION('',(#2561),#2569);
#2561 = ( BOUNDED_CURVE() B_SPLINE_CURVE(2,(#2562,#2563,#2564,#2565,
#2566,#2567,#2568),.UNSPECIFIED.,.T.,.F.) B_SPLINE_CURVE_WITH_KNOTS((1,2
    ,2,2,2,1),(-2.094395102393,0.,2.094395102393,4.188790204786,
6.28318530718,8.377580409573),.UNSPECIFIED.) CURVE() 
GEOMETRIC_REPRESENTATION_ITEM() RATIONAL_B_SPLINE_CURVE((1.,0.5,1.,0.5,
1.,0.5,1.)) REPRESENTATION_ITEM('') );
#2562 = CARTESIAN_POINT('',(-33.72927759966,59.659427182402));
#2563 = CARTESIAN_POINT('',(-31.89216029257,61.496544489489));
#2564 = CARTESIAN_POINT('',(-31.21972868845,58.986995578276));
#2565 = CARTESIAN_POINT('',(-30.54729708432,56.477446667062));
#2566 = CARTESIAN_POINT('',(-33.05684599553,57.149878271188));
#2567 = CARTESIAN_POINT('',(-35.56639490675,57.822309875314));
#2568 = CARTESIAN_POINT('',(-33.72927759966,59.659427182402));
#2569 = ( GEOMETRIC_REPRESENTATION_CONTEXT(2) 
PARAMETRIC_REPRESENTATION_CONTEXT() REPRESENTATION_CONTEXT('2D SPACE',''
  ) );
#2570 = PCURVE('',#1124,#2571);
#2571 = DEFINITIONAL_REPRESENTATION('',(#2572),#2576);
#2572 = LINE('',#2573,#2574);
#2573 = CARTESIAN_POINT('',(-6.28318530718,3.8));
#2574 = VECTOR('',#2575,1.);
#2575 = DIRECTION('',(1.,-0.));
#2576 = ( GEOMETRIC_REPRESENTATION_CONTEXT(2) 
PARAMETRIC_REPRESENTATION_CONTEXT() REPRESENTATION_CONTEXT('2D SPACE',''
  ) );
#2577 = ORIENTED_EDGE('',*,*,#2578,.T.);
#2578 = EDGE_CURVE('',#2551,#2476,#2579,.T.);
#2579 = SURFACE_CURVE('',#2580,(#2584,#2591),.PCURVE_S1.);
#2580 = LINE('',#2581,#2582);
#2581 = CARTESIAN_POINT('',(-175.25,50.876332906372,93.388704782065));
#2582 = VECTOR('',#2583,1.);
#2583 = DIRECTION('',(0.,0.,-1.));
#2584 = PCURVE('',#567,#2585);
#2585 = DEFINITIONAL_REPRESENTATION('',(#2586),#2590);
#2586 = LINE('',#2587,#2588);
#2587 = CARTESIAN_POINT('',(-34.08283099025,59.305873791808));
#2588 = VECTOR('',#2589,1.);
#2589 = DIRECTION('',(0.,-1.));
#2590 = ( GEOMETRIC_REPRESENTATION_CONTEXT(2) 
PARAMETRIC_REPRESENTATION_CONTEXT() REPRESENTATION_CONTEXT('2D SPACE',''
  ) );
#2591 = PCURVE('',#1261,#2592);
#2592 = DEFINITIONAL_REPRESENTATION('',(#2593),#2597);
#2593 = LINE('',#2594,#2595);
#2594 = CARTESIAN_POINT('',(0.,-18.));
#2595 = VECTOR('',#2596,1.);
#2596 = DIRECTION('',(1.,0.));
#2597 = ( GEOMETRIC_REPRESENTATION_CONTEXT(2) 
PARAMETRIC_REPRESENTATION_CONTEXT() REPRESENTATION_CONTEXT('2D SPACE',''
  ) );
#2598 = ORIENTED_EDGE('',*,*,#2475,.F.);
#2599 = ADVANCED_FACE('',(#2600),#540,.F.);
#2600 = FACE_BOUND('',#2601,.F.);
#2601 = EDGE_LOOP('',(#2602,#2623,#2624,#2625,#2626,#2647,#2674,#2693));
#2602 = ORIENTED_EDGE('',*,*,#2603,.F.);
#2603 = EDGE_CURVE('',#2530,#2234,#2604,.T.);
#2604 = SURFACE_CURVE('',#2605,(#2609,#2616),.PCURVE_S1.);
#2605 = LINE('',#2606,#2607);
#2606 = CARTESIAN_POINT('',(-179.05,50.522779515779,91.620937829099));
#2607 = VECTOR('',#2608,1.);
#2608 = DIRECTION('',(1.,0.,0.));
#2609 = PCURVE('',#540,#2610);
#2610 = DEFINITIONAL_REPRESENTATION('',(#2611),#2615);
#2611 = LINE('',#2612,#2613);
#2612 = CARTESIAN_POINT('',(-179.05,65.45));
#2613 = VECTOR('',#2614,1.);
#2614 = DIRECTION('',(1.,0.));
#2615 = ( GEOMETRIC_REPRESENTATION_CONTEXT(2) 
PARAMETRIC_REPRESENTATION_CONTEXT() REPRESENTATION_CONTEXT('2D SPACE',''
  ) );
#2616 = PCURVE('',#1124,#2617);
#2617 = DEFINITIONAL_REPRESENTATION('',(#2618),#2622);
#2618 = LINE('',#2619,#2620);
#2619 = CARTESIAN_POINT('',(-1.570796326795,0.));
#2620 = VECTOR('',#2621,1.);
#2621 = DIRECTION('',(-0.,1.));
#2622 = ( GEOMETRIC_REPRESENTATION_CONTEXT(2) 
PARAMETRIC_REPRESENTATION_CONTEXT() REPRESENTATION_CONTEXT('2D SPACE',''
  ) );
#2623 = ORIENTED_EDGE('',*,*,#2529,.T.);
#2624 = ORIENTED_EDGE('',*,*,#524,.F.);
#2625 = ORIENTED_EDGE('',*,*,#1719,.T.);
#2626 = ORIENTED_EDGE('',*,*,#2627,.T.);
#2627 = EDGE_CURVE('',#1720,#2628,#2630,.T.);
#2628 = VERTEX_POINT('',#2629);
#2629 = CARTESIAN_POINT('',(-147.5,-39.42120305115,1.67695526217));
#2630 = SURFACE_CURVE('',#2631,(#2635,#2641),.PCURVE_S1.);
#2631 = LINE('',#2632,#2633);
#2632 = CARTESIAN_POINT('',(-73.75,-39.42120305115,1.67695526217));
#2633 = VECTOR('',#2634,1.);
#2634 = DIRECTION('',(-1.,0.,0.));
#2635 = PCURVE('',#540,#2636);
#2636 = DEFINITIONAL_REPRESENTATION('',(#2637),#2640);
#2637 = B_SPLINE_CURVE_WITH_KNOTS('',1,(#2638,#2639),.UNSPECIFIED.,.F.,
  .F.,(2,2),(68.25,73.75),.PIECEWISE_BEZIER_KNOTS.);
#2638 = CARTESIAN_POINT('',(-142.,-61.75));
#2639 = CARTESIAN_POINT('',(-147.5,-61.75));
#2640 = ( GEOMETRIC_REPRESENTATION_CONTEXT(2) 
PARAMETRIC_REPRESENTATION_CONTEXT() REPRESENTATION_CONTEXT('2D SPACE',''
  ) );
#2641 = PCURVE('',#1756,#2642);
#2642 = DEFINITIONAL_REPRESENTATION('',(#2643),#2646);
#2643 = B_SPLINE_CURVE_WITH_KNOTS('',1,(#2644,#2645),.UNSPECIFIED.,.F.,
  .F.,(2,2),(68.25,73.75),.PIECEWISE_BEZIER_KNOTS.);
#2644 = CARTESIAN_POINT('',(1.,5.5));
#2645 = CARTESIAN_POINT('',(1.,0.));
#2646 = ( GEOMETRIC_REPRESENTATION_CONTEXT(2) 
PARAMETRIC_REPRESENTATION_CONTEXT() REPRESENTATION_CONTEXT('2D SPACE',''
  ) );
#2647 = ORIENTED_EDGE('',*,*,#2648,.T.);
#2648 = EDGE_CURVE('',#2628,#2649,#2651,.T.);
#2649 = VERTEX_POINT('',#2650);
#2650 = CARTESIAN_POINT('',(-147.5,47.906484425389,89.004642738709));
#2651 = SURFACE_CURVE('',#2652,(#2656,#2662),.PCURVE_S1.);
#2652 = LINE('',#2653,#2654);
#2653 = CARTESIAN_POINT('',(-147.5,-17.58928118201,23.508877131305));
#2654 = VECTOR('',#2655,1.);
#2655 = DIRECTION('',(-0.,0.707106781187,0.707106781187));
#2656 = PCURVE('',#540,#2657);
#2657 = DEFINITIONAL_REPRESENTATION('',(#2658),#2661);
#2658 = B_SPLINE_CURVE_WITH_KNOTS('',1,(#2659,#2660),.UNSPECIFIED.,.F.,
  .F.,(2,2),(-30.875,92.625),.PIECEWISE_BEZIER_KNOTS.);
#2659 = CARTESIAN_POINT('',(-147.5,-61.75));
#2660 = CARTESIAN_POINT('',(-147.5,61.75));
#2661 = ( GEOMETRIC_REPRESENTATION_CONTEXT(2) 
PARAMETRIC_REPRESENTATION_CONTEXT() REPRESENTATION_CONTEXT('2D SPACE',''
  ) );
#2662 = PCURVE('',#2663,#2668);
#2663 = PLANE('',#2664);
#2664 = AXIS2_PLACEMENT_3D('',#2665,#2666,#2667);
#2665 = CARTESIAN_POINT('',(-147.5,-38.71409626996,0.969848480983));
#2666 = DIRECTION('',(1.,0.,0.));
#2667 = DIRECTION('',(0.,-0.707106781187,0.707106781187));
#2668 = DEFINITIONAL_REPRESENTATION('',(#2669),#2673);
#2669 = LINE('',#2670,#2671);
#2670 = CARTESIAN_POINT('',(1.,-30.875));
#2671 = VECTOR('',#2672,1.);
#2672 = DIRECTION('',(0.,-1.));
#2673 = ( GEOMETRIC_REPRESENTATION_CONTEXT(2) 
PARAMETRIC_REPRESENTATION_CONTEXT() REPRESENTATION_CONTEXT('2D SPACE',''
  ) );
#2674 = ORIENTED_EDGE('',*,*,#2675,.F.);
#2675 = EDGE_CURVE('',#2206,#2649,#2676,.T.);
#2676 = SURFACE_CURVE('',#2677,(#2681,#2687),.PCURVE_S1.);
#2677 = LINE('',#2678,#2679);
#2678 = CARTESIAN_POINT('',(-73.75,47.906484425389,89.004642738709));
#2679 = VECTOR('',#2680,1.);
#2680 = DIRECTION('',(-1.,0.,0.));
#2681 = PCURVE('',#540,#2682);
#2682 = DEFINITIONAL_REPRESENTATION('',(#2683),#2686);
#2683 = B_SPLINE_CURVE_WITH_KNOTS('',1,(#2684,#2685),.UNSPECIFIED.,.F.,
  .F.,(2,2),(68.25,73.75),.PIECEWISE_BEZIER_KNOTS.);
#2684 = CARTESIAN_POINT('',(-142.,61.75));
#2685 = CARTESIAN_POINT('',(-147.5,61.75));
#2686 = ( GEOMETRIC_REPRESENTATION_CONTEXT(2) 
PARAMETRIC_REPRESENTATION_CONTEXT() REPRESENTATION_CONTEXT('2D SPACE',''
  ) );
#2687 = PCURVE('',#2221,#2688);
#2688 = DEFINITIONAL_REPRESENTATION('',(#2689),#2692);
#2689 = B_SPLINE_CURVE_WITH_KNOTS('',1,(#2690,#2691),.UNSPECIFIED.,.F.,
  .F.,(2,2),(68.25,73.75),.PIECEWISE_BEZIER_KNOTS.);
#2690 = CARTESIAN_POINT('',(1.,5.5));
#2691 = CARTESIAN_POINT('',(1.,0.));
#2692 = ( GEOMETRIC_REPRESENTATION_CONTEXT(2) 
PARAMETRIC_REPRESENTATION_CONTEXT() REPRESENTATION_CONTEXT('2D SPACE',''
  ) );
#2693 = ORIENTED_EDGE('',*,*,#2233,.T.);
#2694 = ADVANCED_FACE('',(#2695),#1017,.T.);
#2695 = FACE_BOUND('',#2696,.T.);
#2696 = EDGE_LOOP('',(#2697,#2698,#2699,#2700));
#2697 = ORIENTED_EDGE('',*,*,#1061,.F.);
#2698 = ORIENTED_EDGE('',*,*,#1691,.T.);
#2699 = ORIENTED_EDGE('',*,*,#1332,.T.);
#2700 = ORIENTED_EDGE('',*,*,#1001,.F.);
#2701 = ADVANCED_FACE('',(#2702),#1124,.T.);
#2702 = FACE_BOUND('',#2703,.F.);
#2703 = EDGE_LOOP('',(#2704,#2705,#2706,#2707,#2735,#2756,#2783,#2802,
    #2803,#2804));
#2704 = ORIENTED_EDGE('',*,*,#1622,.F.);
#2705 = ORIENTED_EDGE('',*,*,#1108,.T.);
#2706 = ORIENTED_EDGE('',*,*,#1196,.T.);
#2707 = ORIENTED_EDGE('',*,*,#2708,.F.);
#2708 = EDGE_CURVE('',#2709,#1197,#2711,.T.);
#2709 = VERTEX_POINT('',#2710);
#2710 = CARTESIAN_POINT('',(-175.25,50.876332906372,93.181598000882));
#2711 = SURFACE_CURVE('',#2712,(#2717,#2724),.PCURVE_S1.);
#2712 = CIRCLE('',#2713,1.5);
#2713 = AXIS2_PLACEMENT_3D('',#2714,#2715,#2716);
#2714 = CARTESIAN_POINT('',(-175.25,49.462119343999,92.681598000879));
#2715 = DIRECTION('',(1.,0.,0.));
#2716 = DIRECTION('',(-0.,0.707106781187,0.707106781187));
#2717 = PCURVE('',#1124,#2718);
#2718 = DEFINITIONAL_REPRESENTATION('',(#2719),#2723);
#2719 = LINE('',#2720,#2721);
#2720 = CARTESIAN_POINT('',(-6.28318530718,3.8));
#2721 = VECTOR('',#2722,1.);
#2722 = DIRECTION('',(1.,-0.));
#2723 = ( GEOMETRIC_REPRESENTATION_CONTEXT(2) 
PARAMETRIC_REPRESENTATION_CONTEXT() REPRESENTATION_CONTEXT('2D SPACE',''
  ) );
#2724 = PCURVE('',#1233,#2725);
#2725 = DEFINITIONAL_REPRESENTATION('',(#2726),#2734);
#2726 = ( BOUNDED_CURVE() B_SPLINE_CURVE(2,(#2727,#2728,#2729,#2730,
#2731,#2732,#2733),.UNSPECIFIED.,.T.,.F.) B_SPLINE_CURVE_WITH_KNOTS((1,2
    ,2,2,2,1),(-2.094395102393,0.,2.094395102393,4.188790204786,
6.28318530718,8.377580409573),.UNSPECIFIED.) CURVE() 
GEOMETRIC_REPRESENTATION_ITEM() RATIONAL_B_SPLINE_CURVE((1.,0.5,1.,0.5,
1.,0.5,1.)) REPRESENTATION_ITEM('') );
#2727 = CARTESIAN_POINT('',(-33.72927759966,59.659427182402));
#2728 = CARTESIAN_POINT('',(-31.89216029257,61.496544489489));
#2729 = CARTESIAN_POINT('',(-31.21972868845,58.986995578276));
#2730 = CARTESIAN_POINT('',(-30.54729708432,56.477446667062));
#2731 = CARTESIAN_POINT('',(-33.05684599553,57.149878271188));
#2732 = CARTESIAN_POINT('',(-35.56639490675,57.822309875314));
#2733 = CARTESIAN_POINT('',(-33.72927759966,59.659427182402));
#2734 = ( GEOMETRIC_REPRESENTATION_CONTEXT(2) 
PARAMETRIC_REPRESENTATION_CONTEXT() REPRESENTATION_CONTEXT('2D SPACE',''
  ) );
#2735 = ORIENTED_EDGE('',*,*,#2736,.F.);
#2736 = EDGE_CURVE('',#2737,#2709,#2739,.T.);
#2737 = VERTEX_POINT('',#2738);
#2738 = CARTESIAN_POINT('',(-179.05,50.876332906372,93.181598000879));
#2739 = SURFACE_CURVE('',#2740,(#2744,#2750),.PCURVE_S1.);
#2740 = LINE('',#2741,#2742);
#2741 = CARTESIAN_POINT('',(-179.05,50.876332906372,93.181598000879));
#2742 = VECTOR('',#2743,1.);
#2743 = DIRECTION('',(1.,0.,0.));
#2744 = PCURVE('',#1124,#2745);
#2745 = DEFINITIONAL_REPRESENTATION('',(#2746),#2749);
#2746 = B_SPLINE_CURVE_WITH_KNOTS('',1,(#2747,#2748),.UNSPECIFIED.,.F.,
  .F.,(2,2),(-2.399999999625E-06,5.6),.PIECEWISE_BEZIER_KNOTS.);
#2747 = CARTESIAN_POINT('',(-0.445561253943,-2.399999999625E-06));
#2748 = CARTESIAN_POINT('',(-0.445561253943,5.6));
#2749 = ( GEOMETRIC_REPRESENTATION_CONTEXT(2) 
PARAMETRIC_REPRESENTATION_CONTEXT() REPRESENTATION_CONTEXT('2D SPACE',''
  ) );
#2750 = PCURVE('',#1261,#2751);
#2751 = DEFINITIONAL_REPRESENTATION('',(#2752),#2755);
#2752 = B_SPLINE_CURVE_WITH_KNOTS('',1,(#2753,#2754),.UNSPECIFIED.,.F.,
  .F.,(2,2),(-2.399999999625E-06,5.6),.PIECEWISE_BEZIER_KNOTS.);
#2753 = CARTESIAN_POINT('',(0.207106781187,-14.1999976));
#2754 = CARTESIAN_POINT('',(0.207106781187,-19.8));
#2755 = ( GEOMETRIC_REPRESENTATION_CONTEXT(2) 
PARAMETRIC_REPRESENTATION_CONTEXT() REPRESENTATION_CONTEXT('2D SPACE',''
  ) );
#2756 = ORIENTED_EDGE('',*,*,#2757,.T.);
#2757 = EDGE_CURVE('',#2737,#2758,#2760,.T.);
#2758 = VERTEX_POINT('',#2759);
#2759 = CARTESIAN_POINT('',(-179.05,50.876332906372,92.181598000879));
#2760 = SURFACE_CURVE('',#2761,(#2766,#2772),.PCURVE_S1.);
#2761 = CIRCLE('',#2762,1.5);
#2762 = AXIS2_PLACEMENT_3D('',#2763,#2764,#2765);
#2763 = CARTESIAN_POINT('',(-179.05,49.462119343999,92.681598000879));
#2764 = DIRECTION('',(-1.,-4.329780281177E-17,-4.329780281177E-17));
#2765 = DIRECTION('',(-6.123233995737E-17,0.707106781187,0.707106781187)
  );
#2766 = PCURVE('',#1124,#2767);
#2767 = DEFINITIONAL_REPRESENTATION('',(#2768),#2771);
#2768 = B_SPLINE_CURVE_WITH_KNOTS('',1,(#2769,#2770),.UNSPECIFIED.,.F.,
  .F.,(2,2),(0.,1.570796326795),.PIECEWISE_BEZIER_KNOTS.);
#2769 = CARTESIAN_POINT('',(0.,0.));
#2770 = CARTESIAN_POINT('',(-1.570796326795,0.));
#2771 = ( GEOMETRIC_REPRESENTATION_CONTEXT(2) 
PARAMETRIC_REPRESENTATION_CONTEXT() REPRESENTATION_CONTEXT('2D SPACE',''
  ) );
#2772 = PCURVE('',#2773,#2778);
#2773 = TOROIDAL_SURFACE('',#2774,12.7,1.5);
#2774 = AXIS2_PLACEMENT_3D('',#2775,#2776,#2777);
#2775 = CARTESIAN_POINT('',(-179.05,40.48186322293,83.70134187981));
#2776 = DIRECTION('',(0.,0.707106781187,-0.707106781187));
#2777 = DIRECTION('',(-1.,0.,0.));
#2778 = DEFINITIONAL_REPRESENTATION('',(#2779),#2782);
#2779 = B_SPLINE_CURVE_WITH_KNOTS('',1,(#2780,#2781),.UNSPECIFIED.,.F.,
  .F.,(2,2),(0.,1.570796326795),.PIECEWISE_BEZIER_KNOTS.);
#2780 = CARTESIAN_POINT('',(1.570796326795,0.));
#2781 = CARTESIAN_POINT('',(1.570796326795,1.570796326795));
#2782 = ( GEOMETRIC_REPRESENTATION_CONTEXT(2) 
PARAMETRIC_REPRESENTATION_CONTEXT() REPRESENTATION_CONTEXT('2D SPACE',''
  ) );
#2783 = ORIENTED_EDGE('',*,*,#2784,.T.);
#2784 = EDGE_CURVE('',#2758,#2551,#2785,.T.);
#2785 = SURFACE_CURVE('',#2786,(#2790,#2796),.PCURVE_S1.);
#2786 = LINE('',#2787,#2788);
#2787 = CARTESIAN_POINT('',(-179.05,50.876332906372,92.181598000879));
#2788 = VECTOR('',#2789,1.);
#2789 = DIRECTION('',(1.,0.,0.));
#2790 = PCURVE('',#1124,#2791);
#2791 = DEFINITIONAL_REPRESENTATION('',(#2792),#2795);
#2792 = B_SPLINE_CURVE_WITH_KNOTS('',1,(#2793,#2794),.UNSPECIFIED.,.F.,
  .F.,(2,2),(-2.399999999625E-06,5.6),.PIECEWISE_BEZIER_KNOTS.);
#2793 = CARTESIAN_POINT('',(-1.125235072852,-2.399999999625E-06));
#2794 = CARTESIAN_POINT('',(-1.125235072852,5.6));
#2795 = ( GEOMETRIC_REPRESENTATION_CONTEXT(2) 
PARAMETRIC_REPRESENTATION_CONTEXT() REPRESENTATION_CONTEXT('2D SPACE',''
  ) );
#2796 = PCURVE('',#1261,#2797);
#2797 = DEFINITIONAL_REPRESENTATION('',(#2798),#2801);
#2798 = B_SPLINE_CURVE_WITH_KNOTS('',1,(#2799,#2800),.UNSPECIFIED.,.F.,
  .F.,(2,2),(-2.399999999625E-06,5.6),.PIECEWISE_BEZIER_KNOTS.);
#2799 = CARTESIAN_POINT('',(1.207106781186,-14.1999976));
#2800 = CARTESIAN_POINT('',(1.207106781186,-19.8));
#2801 = ( GEOMETRIC_REPRESENTATION_CONTEXT(2) 
PARAMETRIC_REPRESENTATION_CONTEXT() REPRESENTATION_CONTEXT('2D SPACE',''
  ) );
#2802 = ORIENTED_EDGE('',*,*,#2550,.F.);
#2803 = ORIENTED_EDGE('',*,*,#2603,.T.);
#2804 = ORIENTED_EDGE('',*,*,#2254,.T.);
#2805 = ADVANCED_FACE('',(#2806),#1294,.T.);
#2806 = FACE_BOUND('',#2807,.T.);
#2807 = EDGE_LOOP('',(#2808,#2836,#2837));
#2808 = ORIENTED_EDGE('',*,*,#2809,.F.);
#2809 = EDGE_CURVE('',#2399,#1246,#2810,.T.);
#2810 = SURFACE_CURVE('',#2811,(#2816,#2829),.PCURVE_S1.);
#2811 = ELLIPSE('',#2812,20.081832585698,14.2);
#2812 = AXIS2_PLACEMENT_3D('',#2813,#2814,#2815);
#2813 = CARTESIAN_POINT('',(-179.05,50.876332906372,73.306872196367));
#2814 = DIRECTION('',(0.,1.,0.));
#2815 = DIRECTION('',(0.,0.,-1.));
#2816 = PCURVE('',#1294,#2817);
#2817 = DEFINITIONAL_REPRESENTATION('',(#2818),#2828);
#2818 = B_SPLINE_CURVE_WITH_KNOTS('',8,(#2819,#2820,#2821,#2822,#2823,
    #2824,#2825,#2826,#2827),.UNSPECIFIED.,.F.,.F.,(9,9),(1.570796326795
    ,3.14159265359),.PIECEWISE_BEZIER_KNOTS.);
#2819 = CARTESIAN_POINT('',(1.000764416564E-15,-286.8));
#2820 = CARTESIAN_POINT('',(0.196349540849,-289.58816348));
#2821 = CARTESIAN_POINT('',(0.392699081699,-292.3763276214));
#2822 = CARTESIAN_POINT('',(0.589048622548,-295.0006883107));
#2823 = CARTESIAN_POINT('',(0.785398163396,-297.297474256));
#2824 = CARTESIAN_POINT('',(0.981747704246,-299.1230162595));
#2825 = CARTESIAN_POINT('',(1.178097245096,-300.3743369803));
#2826 = CARTESIAN_POINT('',(1.374446785946,-301.));
#2827 = CARTESIAN_POINT('',(1.570796326795,-301.));
#2828 = ( GEOMETRIC_REPRESENTATION_CONTEXT(2) 
PARAMETRIC_REPRESENTATION_CONTEXT() REPRESENTATION_CONTEXT('2D SPACE',''
  ) );
#2829 = PCURVE('',#1261,#2830);
#2830 = DEFINITIONAL_REPRESENTATION('',(#2831),#2835);
#2831 = ELLIPSE('',#2832,20.081832585698,14.2);
#2832 = AXIS2_PLACEMENT_2D('',#2833,#2834);
#2833 = CARTESIAN_POINT('',(20.081832585698,-14.2));
#2834 = DIRECTION('',(1.,0.));
#2835 = ( GEOMETRIC_REPRESENTATION_CONTEXT(2) 
PARAMETRIC_REPRESENTATION_CONTEXT() REPRESENTATION_CONTEXT('2D SPACE',''
  ) );
#2836 = ORIENTED_EDGE('',*,*,#2398,.T.);
#2837 = ORIENTED_EDGE('',*,*,#1273,.T.);
#2838 = ADVANCED_FACE('',(#2839),#1261,.T.);
#2839 = FACE_BOUND('',#2840,.T.);
#2840 = EDGE_LOOP('',(#2841,#2842,#2843,#2844,#2865,#2866,#3136,#3137,
    #3138));
#2841 = ORIENTED_EDGE('',*,*,#2421,.F.);
#2842 = ORIENTED_EDGE('',*,*,#2809,.T.);
#2843 = ORIENTED_EDGE('',*,*,#1245,.T.);
#2844 = ORIENTED_EDGE('',*,*,#2845,.T.);
#2845 = EDGE_CURVE('',#1218,#2709,#2846,.T.);
#2846 = SURFACE_CURVE('',#2847,(#2851,#2858),.PCURVE_S1.);
#2847 = LINE('',#2848,#2849);
#2848 = CARTESIAN_POINT('',(-175.25,50.876332906372,93.388704782065));
#2849 = VECTOR('',#2850,1.);
#2850 = DIRECTION('',(0.,0.,-1.));
#2851 = PCURVE('',#1261,#2852);
#2852 = DEFINITIONAL_REPRESENTATION('',(#2853),#2857);
#2853 = LINE('',#2854,#2855);
#2854 = CARTESIAN_POINT('',(0.,-18.));
#2855 = VECTOR('',#2856,1.);
#2856 = DIRECTION('',(1.,0.));
#2857 = ( GEOMETRIC_REPRESENTATION_CONTEXT(2) 
PARAMETRIC_REPRESENTATION_CONTEXT() REPRESENTATION_CONTEXT('2D SPACE',''
  ) );
#2858 = PCURVE('',#1233,#2859);
#2859 = DEFINITIONAL_REPRESENTATION('',(#2860),#2864);
#2860 = LINE('',#2861,#2862);
#2861 = CARTESIAN_POINT('',(-34.08283099025,59.305873791808));
#2862 = VECTOR('',#2863,1.);
#2863 = DIRECTION('',(0.,-1.));
#2864 = ( GEOMETRIC_REPRESENTATION_CONTEXT(2) 
PARAMETRIC_REPRESENTATION_CONTEXT() REPRESENTATION_CONTEXT('2D SPACE',''
  ) );
#2865 = ORIENTED_EDGE('',*,*,#2736,.F.);
#2866 = ORIENTED_EDGE('',*,*,#2867,.T.);
#2867 = EDGE_CURVE('',#2737,#2758,#2868,.T.);
#2868 = SURFACE_CURVE('',#2869,(#2956,#3046),.PCURVE_S1.);
#2869 = B_SPLINE_CURVE_WITH_KNOTS('',8,(#2870,#2871,#2872,#2873,#2874,
    #2875,#2876,#2877,#2878,#2879,#2880,#2881,#2882,#2883,#2884,#2885,
    #2886,#2887,#2888,#2889,#2890,#2891,#2892,#2893,#2894,#2895,#2896,
    #2897,#2898,#2899,#2900,#2901,#2902,#2903,#2904,#2905,#2906,#2907,
    #2908,#2909,#2910,#2911,#2912,#2913,#2914,#2915,#2916,#2917,#2918,
    #2919,#2920,#2921,#2922,#2923,#2924,#2925,#2926,#2927,#2928,#2929,
    #2930,#2931,#2932,#2933,#2934,#2935,#2936,#2937,#2938,#2939,#2940,
    #2941,#2942,#2943,#2944,#2945,#2946,#2947,#2948,#2949,#2950,#2951,
    #2952,#2953,#2954,#2955),.UNSPECIFIED.,.F.,.F.,(9,7,7,7,7,7,7,7,7,7,
    7,7,9),(0.,0.248764116485,0.371594294965,0.453413330354,
    0.480898820887,0.497386242185,0.509314991316,0.525252072212,
    0.552543888681,0.585368064599,0.625769802128,0.763984871656,1.),
  .UNSPECIFIED.);
#2870 = CARTESIAN_POINT('',(-179.05,50.876332906372,93.181598000879));
#2871 = CARTESIAN_POINT('',(-179.1764834694,50.876332906372,
    93.181598000879));
#2872 = CARTESIAN_POINT('',(-179.3028983331,50.876332906372,
    93.178076849996));
#2873 = CARTESIAN_POINT('',(-179.4291773158,50.876332906372,
    93.171036786466));
#2874 = CARTESIAN_POINT('',(-179.5552023598,50.876332906372,
    93.160415457318));
#2875 = CARTESIAN_POINT('',(-179.6807928587,50.876332906372,
    93.146059268492));
#2876 = CARTESIAN_POINT('',(-179.805711244,50.876332906372,
    93.127752959502));
#2877 = CARTESIAN_POINT('',(-179.9296557915,50.876332906372,
    93.105176025679));
#2878 = CARTESIAN_POINT('',(-180.1127233375,50.876332906372,
    93.064068579697));
#2879 = CARTESIAN_POINT('',(-180.1728482309,50.876332906372,
    93.049286671488));
#2880 = CARTESIAN_POINT('',(-180.2325629687,50.876332906372,
    93.033224415467));
#2881 = CARTESIAN_POINT('',(-180.2918057961,50.876332906372,
    93.015784181188));
#2882 = CARTESIAN_POINT('',(-180.3504632113,50.876332906372,
    92.996836620221));
#2883 = CARTESIAN_POINT('',(-180.4083738003,50.876332906372,
    92.976228047118));
#2884 = CARTESIAN_POINT('',(-180.4653172231,50.876332906372,
    92.953756388771));
#2885 = CARTESIAN_POINT('',(-180.5580202402,50.876332906372,
    92.912603249908));
#2886 = CARTESIAN_POINT('',(-180.5943791752,50.876332906372,
    92.895216607621));
#2887 = CARTESIAN_POINT('',(-180.6300530819,50.876332906372,
    92.876752153862));
#2888 = CARTESIAN_POINT('',(-180.6649238343,50.876332906372,
    92.857053415121));
#2889 = CARTESIAN_POINT('',(-180.6987669333,50.876332906372,
    92.835975523485));
#2890 = CARTESIAN_POINT('',(-180.7311723634,50.876332906372,
    92.813318766706));
#2891 = CARTESIAN_POINT('',(-180.7616265668,50.876332906372,
    92.788903902018));
#2892 = CARTESIAN_POINT('',(-180.7984815564,50.876332906372,
    92.753332737769));
#2893 = CARTESIAN_POINT('',(-180.807413748,50.876332906372,
    92.744149634629));
#2894 = CARTESIAN_POINT('',(-180.8159752251,50.876332906372,
    92.734714333604));
#2895 = CARTESIAN_POINT('',(-180.8241183811,50.876332906372,
    92.725016508835));
#2896 = CARTESIAN_POINT('',(-180.8317846995,50.876332906372,
    92.715049876767));
#2897 = CARTESIAN_POINT('',(-180.8389060244,50.876332906372,
    92.704812818015));
#2898 = CARTESIAN_POINT('',(-180.8454058303,50.876332906372,
    92.694308999215));
#2899 = CARTESIAN_POINT('',(-180.8546764739,50.876332906372,
    92.677092908644));
#2900 = CARTESIAN_POINT('',(-180.8578979741,50.876332906372,
    92.670546679544));
#2901 = CARTESIAN_POINT('',(-180.8608466181,50.876332906372,
    92.663912998425));
#2902 = CARTESIAN_POINT('',(-180.8635028102,50.876332906372,
    92.657197359326));
#2903 = CARTESIAN_POINT('',(-180.8658466947,50.876332906372,
    92.650407255243));
#2904 = CARTESIAN_POINT('',(-180.867859116,50.876332906372,
    92.643552373861));
#2905 = CARTESIAN_POINT('',(-180.8695225791,50.876332906372,
    92.636644793306));
#2906 = CARTESIAN_POINT('',(-180.8717625005,50.876332906372,
    92.624673983067));
#2907 = CARTESIAN_POINT('',(-180.8725124105,50.876332906372,
    92.619628658874));
#2908 = CARTESIAN_POINT('',(-180.8730662853,50.876332906372,
    92.614569137153));
#2909 = CARTESIAN_POINT('',(-180.8734194373,50.876332906372,
    92.609501633109));
#2910 = CARTESIAN_POINT('',(-180.8735682984,50.876332906372,
    92.604432644663));
#2911 = CARTESIAN_POINT('',(-180.8735105734,50.876332906372,
    92.599368951818));
#2912 = CARTESIAN_POINT('',(-180.8732453928,50.876332906372,
    92.594317616023));
#2913 = CARTESIAN_POINT('',(-180.8721429598,50.876332906372,
    92.582563598429));
#2914 = CARTESIAN_POINT('',(-180.8711432818,50.876332906372,
    92.575875015381));
#2915 = CARTESIAN_POINT('',(-180.8697759628,50.876332906372,
    92.569238340648));
#2916 = CARTESIAN_POINT('',(-180.8680474055,50.876332906372,
    92.562669471628));
#2917 = CARTESIAN_POINT('',(-180.8659681441,50.876332906372,
    92.55618225485));
#2918 = CARTESIAN_POINT('',(-180.8635521048,50.876332906372,
    92.549788647978));
#2919 = CARTESIAN_POINT('',(-180.860815866,50.876332906372,
    92.543498881807));
#2920 = CARTESIAN_POINT('',(-180.8525755168,50.876332906372,
    92.526743233719));
#2921 = CARTESIAN_POINT('',(-180.8464893722,50.876332906372,
    92.516496977382));
#2922 = CARTESIAN_POINT('',(-180.8396075863,50.876332906372,
    92.506613816199));
#2923 = CARTESIAN_POINT('',(-180.8320251599,50.876332906372,
    92.497106670274));
#2924 = CARTESIAN_POINT('',(-180.8238342737,50.876332906372,
    92.487975830245));
#2925 = CARTESIAN_POINT('',(-180.8151174089,50.876332906372,
    92.479212845095));
#2926 = CARTESIAN_POINT('',(-180.8059433073,50.876332906372,
    92.470802884374));
#2927 = CARTESIAN_POINT('',(-180.7848467631,50.876332906372,
    92.45301090346));
#2928 = CARTESIAN_POINT('',(-180.7727504477,50.876332906372,
    92.44378255376));
#2929 = CARTESIAN_POINT('',(-180.7601694283,50.876332906372,
    92.435003993674));
#2930 = CARTESIAN_POINT('',(-180.7471813833,50.876332906372,
    92.426642029264));
#2931 = CARTESIAN_POINT('',(-180.7338498299,50.876332906372,
    92.418666086074));
#2932 = CARTESIAN_POINT('',(-180.7202248865,50.876332906372,
    92.41104749048));
#2933 = CARTESIAN_POINT('',(-180.7063440351,50.876332906372,
    92.403758751027));
#2934 = CARTESIAN_POINT('',(-180.6748641297,50.876332906372,
    92.388174209512));
#2935 = CARTESIAN_POINT('',(-180.6571564154,50.876332906372,
    92.380039192067));
#2936 = CARTESIAN_POINT('',(-180.6391644602,50.876332906372,
    92.372321720996));
#2937 = CARTESIAN_POINT('',(-180.6209329321,50.876332906372,
    92.364983562502));
#2938 = CARTESIAN_POINT('',(-180.6024974889,50.876332906372,
    92.357992709849));
#2939 = CARTESIAN_POINT('',(-180.5838858187,50.876332906372,
    92.351321777764));
#2940 = CARTESIAN_POINT('',(-180.5651186817,50.876332906372,
    92.344946396845));
#2941 = CARTESIAN_POINT('',(-180.4815272613,50.876332906372,
    92.317965857621));
#2942 = CARTESIAN_POINT('',(-180.4152968446,50.876332906372,
    92.300312579033));
#2943 = CARTESIAN_POINT('',(-180.3480862594,50.876332906372,
    92.284970886299));
#2944 = CARTESIAN_POINT('',(-180.2802059365,50.876332906372,
    92.271557427332));
#2945 = CARTESIAN_POINT('',(-180.2118905491,50.876332906372,
    92.259719674824));
#2946 = CARTESIAN_POINT('',(-180.1432535486,50.876332906372,
    92.249247548605));
#2947 = CARTESIAN_POINT('',(-180.0743383918,50.876332906372,
    92.239950120661));
#2948 = CARTESIAN_POINT('',(-179.8868722431,50.876332906372,
    92.217580682229));
#2949 = CARTESIAN_POINT('',(-179.7680121296,50.876332906372,
    92.206527605633));
#2950 = CARTESIAN_POINT('',(-179.6487361566,50.876332906372,
    92.197851275671));
#2951 = CARTESIAN_POINT('',(-179.5291932892,50.876332906372,
    92.191207390944));
#2952 = CARTESIAN_POINT('',(-179.4094926922,50.876332906372,
    92.186370515714));
#2953 = CARTESIAN_POINT('',(-179.289708126,50.876332906372,
    92.183188324265));
#2954 = CARTESIAN_POINT('',(-179.1698756408,50.876332906372,
    92.181598000879));
#2955 = CARTESIAN_POINT('',(-179.05,50.876332906372,92.181598000879));
#2956 = PCURVE('',#1261,#2957);
#2957 = DEFINITIONAL_REPRESENTATION('',(#2958),#3045);
#2958 = B_SPLINE_CURVE_WITH_KNOTS('',8,(#2959,#2960,#2961,#2962,#2963,
    #2964,#2965,#2966,#2967,#2968,#2969,#2970,#2971,#2972,#2973,#2974,
    #2975,#2976,#2977,#2978,#2979,#2980,#2981,#2982,#2983,#2984,#2985,
    #2986,#2987,#2988,#2989,#2990,#2991,#2992,#2993,#2994,#2995,#2996,
    #2997,#2998,#2999,#3000,#3001,#3002,#3003,#3004,#3005,#3006,#3007,
    #3008,#3009,#3010,#3011,#3012,#3013,#3014,#3015,#3016,#3017,#3018,
    #3019,#3020,#3021,#3022,#3023,#3024,#3025,#3026,#3027,#3028,#3029,
    #3030,#3031,#3032,#3033,#3034,#3035,#3036,#3037,#3038,#3039,#3040,
    #3041,#3042,#3043,#3044),.UNSPECIFIED.,.F.,.F.,(9,7,7,7,7,7,7,7,7,7,
    7,7,9),(0.,0.248764116485,0.371594294965,0.453413330354,
    0.480898820887,0.497386242185,0.509314991316,0.525252072212,
    0.552543888681,0.585368064599,0.625769802128,0.763984871656,1.),
  .UNSPECIFIED.);
#2959 = CARTESIAN_POINT('',(0.207106781187,-14.2));
#2960 = CARTESIAN_POINT('',(0.207106781187,-14.0735165305));
#2961 = CARTESIAN_POINT('',(0.210627932069,-13.94710166685));
#2962 = CARTESIAN_POINT('',(0.217667995599,-13.82082268412));
#2963 = CARTESIAN_POINT('',(0.228289324747,-13.69479764016));
#2964 = CARTESIAN_POINT('',(0.242645513573,-13.56920714127));
#2965 = CARTESIAN_POINT('',(0.260951822563,-13.44428875596));
#2966 = CARTESIAN_POINT('',(0.283528756387,-13.32034420848));
#2967 = CARTESIAN_POINT('',(0.324636202368,-13.13727666246));
#2968 = CARTESIAN_POINT('',(0.339418110577,-13.07715176903));
#2969 = CARTESIAN_POINT('',(0.355480366599,-13.01743703122));
#2970 = CARTESIAN_POINT('',(0.372920600877,-12.95819420383));
#2971 = CARTESIAN_POINT('',(0.391868161845,-12.89953678867));
#2972 = CARTESIAN_POINT('',(0.412476734947,-12.84162619964));
#2973 = CARTESIAN_POINT('',(0.434948393294,-12.78468277683));
#2974 = CARTESIAN_POINT('',(0.476101532157,-12.69197975977));
#2975 = CARTESIAN_POINT('',(0.493488174444,-12.65562082471));
#2976 = CARTESIAN_POINT('',(0.511952628203,-12.61994691803));
#2977 = CARTESIAN_POINT('',(0.531651366944,-12.58507616562));
#2978 = CARTESIAN_POINT('',(0.55272925858,-12.55123306663));
#2979 = CARTESIAN_POINT('',(0.575386015359,-12.51882763652));
#2980 = CARTESIAN_POINT('',(0.599800880048,-12.48837343317));
#2981 = CARTESIAN_POINT('',(0.635372044296,-12.45151844354));
#2982 = CARTESIAN_POINT('',(0.644555147436,-12.44258625195));
#2983 = CARTESIAN_POINT('',(0.653990448461,-12.43402477485));
#2984 = CARTESIAN_POINT('',(0.663688273231,-12.42588161885));
#2985 = CARTESIAN_POINT('',(0.673654905298,-12.4182153004));
#2986 = CARTESIAN_POINT('',(0.68389196405,-12.41109397556));
#2987 = CARTESIAN_POINT('',(0.69439578285,-12.40459416967));
#2988 = CARTESIAN_POINT('',(0.711611873421,-12.39532352605));
#2989 = CARTESIAN_POINT('',(0.718158102521,-12.39210202587));
#2990 = CARTESIAN_POINT('',(0.724791783641,-12.38915338186));
#2991 = CARTESIAN_POINT('',(0.731507422739,-12.38649718974));
#2992 = CARTESIAN_POINT('',(0.738297526822,-12.38415330526));
#2993 = CARTESIAN_POINT('',(0.745152408204,-12.38214088397));
#2994 = CARTESIAN_POINT('',(0.752059988759,-12.38047742087));
#2995 = CARTESIAN_POINT('',(0.764030798998,-12.37823749946));
#2996 = CARTESIAN_POINT('',(0.769076123191,-12.37748758947));
#2997 = CARTESIAN_POINT('',(0.774135644912,-12.37693371464));
#2998 = CARTESIAN_POINT('',(0.779203148957,-12.37658056267));
#2999 = CARTESIAN_POINT('',(0.784272137402,-12.37643170154));
#3000 = CARTESIAN_POINT('',(0.789335830247,-12.37648942652));
#3001 = CARTESIAN_POINT('',(0.794387166042,-12.37675460719));
#3002 = CARTESIAN_POINT('',(0.806141183636,-12.37785704017));
#3003 = CARTESIAN_POINT('',(0.812829766685,-12.37885671813));
#3004 = CARTESIAN_POINT('',(0.819466441417,-12.3802240371));
#3005 = CARTESIAN_POINT('',(0.826035310438,-12.38195259445));
#3006 = CARTESIAN_POINT('',(0.832522527215,-12.38403185588));
#3007 = CARTESIAN_POINT('',(0.838916134087,-12.38644789519));
#3008 = CARTESIAN_POINT('',(0.845205900259,-12.38918413394));
#3009 = CARTESIAN_POINT('',(0.861961548346,-12.39742448315));
#3010 = CARTESIAN_POINT('',(0.872207804683,-12.40351062771));
#3011 = CARTESIAN_POINT('',(0.882090965866,-12.4103924136));
#3012 = CARTESIAN_POINT('',(0.891598111792,-12.41797484001));
#3013 = CARTESIAN_POINT('',(0.90072895182,-12.4261657262));
#3014 = CARTESIAN_POINT('',(0.90949193697,-12.43488259107));
#3015 = CARTESIAN_POINT('',(0.917901897691,-12.44405669266));
#3016 = CARTESIAN_POINT('',(0.935693878605,-12.46515323686));
#3017 = CARTESIAN_POINT('',(0.944922228305,-12.47724955225));
#3018 = CARTESIAN_POINT('',(0.953700788392,-12.48983057166));
#3019 = CARTESIAN_POINT('',(0.962062752802,-12.50281861668));
#3020 = CARTESIAN_POINT('',(0.970038695991,-12.51615017008));
#3021 = CARTESIAN_POINT('',(0.977657291585,-12.52977511345));
#3022 = CARTESIAN_POINT('',(0.984946031038,-12.54365596482));
#3023 = CARTESIAN_POINT('',(1.000530572553,-12.57513587026));
#3024 = CARTESIAN_POINT('',(1.008665589998,-12.59284358456));
#3025 = CARTESIAN_POINT('',(1.016383061069,-12.61083553976));
#3026 = CARTESIAN_POINT('',(1.023721219563,-12.62906706783));
#3027 = CARTESIAN_POINT('',(1.030712072217,-12.64750251108));
#3028 = CARTESIAN_POINT('',(1.037383004301,-12.6661141812));
#3029 = CARTESIAN_POINT('',(1.04375838522,-12.68488131828));
#3030 = CARTESIAN_POINT('',(1.070738924444,-12.76847273864));
#3031 = CARTESIAN_POINT('',(1.088392203032,-12.83470315535));
#3032 = CARTESIAN_POINT('',(1.103733895766,-12.9019137405));
#3033 = CARTESIAN_POINT('',(1.117147354733,-12.96979406347));
#3034 = CARTESIAN_POINT('',(1.128985107241,-13.03810945083));
#3035 = CARTESIAN_POINT('',(1.13945723346,-13.10674645139));
#3036 = CARTESIAN_POINT('',(1.148754661404,-13.17566160817));
#3037 = CARTESIAN_POINT('',(1.171124099836,-13.36312775688));
#3038 = CARTESIAN_POINT('',(1.182177176432,-13.48198787037));
#3039 = CARTESIAN_POINT('',(1.190853506394,-13.60126384339));
#3040 = CARTESIAN_POINT('',(1.197497391121,-13.72080671078));
#3041 = CARTESIAN_POINT('',(1.202334266352,-13.84050730774));
#3042 = CARTESIAN_POINT('',(1.2055164578,-13.9602918739));
#3043 = CARTESIAN_POINT('',(1.207106781186,-14.0801243591));
#3044 = CARTESIAN_POINT('',(1.207106781186,-14.2));
#3045 = ( GEOMETRIC_REPRESENTATION_CONTEXT(2) 
PARAMETRIC_REPRESENTATION_CONTEXT() REPRESENTATION_CONTEXT('2D SPACE',''
  ) );
#3046 = PCURVE('',#2773,#3047);
#3047 = DEFINITIONAL_REPRESENTATION('',(#3048),#3135);
#3048 = B_SPLINE_CURVE_WITH_KNOTS('',8,(#3049,#3050,#3051,#3052,#3053,
    #3054,#3055,#3056,#3057,#3058,#3059,#3060,#3061,#3062,#3063,#3064,
    #3065,#3066,#3067,#3068,#3069,#3070,#3071,#3072,#3073,#3074,#3075,
    #3076,#3077,#3078,#3079,#3080,#3081,#3082,#3083,#3084,#3085,#3086,
    #3087,#3088,#3089,#3090,#3091,#3092,#3093,#3094,#3095,#3096,#3097,
    #3098,#3099,#3100,#3101,#3102,#3103,#3104,#3105,#3106,#3107,#3108,
    #3109,#3110,#3111,#3112,#3113,#3114,#3115,#3116,#3117,#3118,#3119,
    #3120,#3121,#3122,#3123,#3124,#3125,#3126,#3127,#3128,#3129,#3130,
    #3131,#3132,#3133,#3134),.UNSPECIFIED.,.F.,.F.,(9,7,7,7,7,7,7,7,7,7,
    7,7,9),(0.,0.248764116485,0.371594294965,0.453413330354,
    0.480898820887,0.497386242185,0.509314991316,0.525252072212,
    0.552543888681,0.585368064599,0.625769802128,0.763984871656,1.),
  .UNSPECIFIED.);
#3049 = CARTESIAN_POINT('',(1.570796326795,0.445561253943));
#3050 = CARTESIAN_POINT('',(1.561796220845,0.445561253943));
#3051 = CARTESIAN_POINT('',(1.552801002029,0.447400615801));
#3052 = CARTESIAN_POINT('',(1.543811268425,0.451078840722));
#3053 = CARTESIAN_POINT('',(1.534831358104,0.456635894315));
#3054 = CARTESIAN_POINT('',(1.52586954256,0.464172132805));
#3055 = CARTESIAN_POINT('',(1.516937631799,0.473830042531));
#3056 = CARTESIAN_POINT('',(1.50805101564,0.485825012837));
#3057 = CARTESIAN_POINT('',(1.494874768518,0.507913788551));
#3058 = CARTESIAN_POINT('',(1.490538938575,0.515890017633));
#3059 = CARTESIAN_POINT('',(1.48622313964,0.52459918464));
#3060 = CARTESIAN_POINT('',(1.481930511303,0.534107725106));
#3061 = CARTESIAN_POINT('',(1.477667577015,0.544505380673));
#3062 = CARTESIAN_POINT('',(1.473444009867,0.555900749022));
#3063 = CARTESIAN_POINT('',(1.46927324617,0.568438656453));
#3064 = CARTESIAN_POINT('',(1.462446323962,0.591667591065));
#3065 = CARTESIAN_POINT('',(1.459758662157,0.601546453544));
#3066 = CARTESIAN_POINT('',(1.457110221241,0.612114053588));
#3067 = CARTESIAN_POINT('',(1.45450804607,0.623481197243));
#3068 = CARTESIAN_POINT('',(1.451966735805,0.63575657286));
#3069 = CARTESIAN_POINT('',(1.449513749947,0.649097360725));
#3070 = CARTESIAN_POINT('',(1.447184082741,0.663655861075));
#3071 = CARTESIAN_POINT('',(1.444319728365,0.685217363611));
#3072 = CARTESIAN_POINT('',(1.443621320099,0.6908108829));
#3073 = CARTESIAN_POINT('',(1.44294720549,0.696587650574));
#3074 = CARTESIAN_POINT('',(1.442300718363,0.702557729822));
#3075 = CARTESIAN_POINT('',(1.441686009072,0.708729248313));
#3076 = CARTESIAN_POINT('',(1.441107964492,0.715107939517));
#3077 = CARTESIAN_POINT('',(1.44057212801,0.721696684026));
#3078 = CARTESIAN_POINT('',(1.439792183106,0.732573113014));
#3079 = CARTESIAN_POINT('',(1.439517199818,0.736725717827));
#3080 = CARTESIAN_POINT('',(1.4392610247,0.740951707252));
#3081 = CARTESIAN_POINT('',(1.439025116879,0.745248825672));
#3082 = CARTESIAN_POINT('',(1.438810972166,0.74961352554));
#3083 = CARTESIAN_POINT('',(1.438620055664,0.754040773007));
#3084 = CARTESIAN_POINT('',(1.438453734378,0.75852385355));
#3085 = CARTESIAN_POINT('',(1.438211539457,0.766331894486));
#3086 = CARTESIAN_POINT('',(1.438123366013,0.769634482369));
#3087 = CARTESIAN_POINT('',(1.438049148392,0.77295843744));
#3088 = CARTESIAN_POINT('',(1.437989279332,0.776300007668));
#3089 = CARTESIAN_POINT('',(1.43794407406,0.779655181353));
#3090 = CARTESIAN_POINT('',(1.43791375896,0.783019675682));
#3091 = CARTESIAN_POINT('',(1.437898460229,0.786388925273));
#3092 = CARTESIAN_POINT('',(1.437897834905,0.794259325915));
#3093 = CARTESIAN_POINT('',(1.437924307571,0.798761308476));
#3094 = CARTESIAN_POINT('',(1.437977661304,0.803252045137));
#3095 = CARTESIAN_POINT('',(1.438057580871,0.807720693189));
#3096 = CARTESIAN_POINT('',(1.43816343812,0.812157479482));
#3097 = CARTESIAN_POINT('',(1.438294345063,0.816553639405));
#3098 = CARTESIAN_POINT('',(1.438449206953,0.820901355871));
#3099 = CARTESIAN_POINT('',(1.438930856437,0.832544217649));
#3100 = CARTESIAN_POINT('',(1.439301465995,0.839730825614));
#3101 = CARTESIAN_POINT('',(1.439732595498,0.846727371489));
#3102 = CARTESIAN_POINT('',(1.44021757898,0.853519009727));
#3103 = CARTESIAN_POINT('',(1.440749832519,0.860099326785));
#3104 = CARTESIAN_POINT('',(1.441323382683,0.866468272104));
#3105 = CARTESIAN_POINT('',(1.441933183955,0.872630893215));
#3106 = CARTESIAN_POINT('',(1.443347415318,0.885772228602));
#3107 = CARTESIAN_POINT('',(1.444165820096,0.892659340769));
#3108 = CARTESIAN_POINT('',(1.445023521944,0.899275824657));
#3109 = CARTESIAN_POINT('',(1.445914678808,0.905638081691));
#3110 = CARTESIAN_POINT('',(1.446834472522,0.911761729033));
#3111 = CARTESIAN_POINT('',(1.447779057216,0.917662027082));
#3112 = CARTESIAN_POINT('',(1.448745507731,0.923354306971));
#3113 = CARTESIAN_POINT('',(1.45094570953,0.93562420205));
#3114 = CARTESIAN_POINT('',(1.452188966847,0.942099019912));
#3115 = CARTESIAN_POINT('',(1.453457218591,0.948305047372));
#3116 = CARTESIAN_POINT('',(1.454746917747,0.954264044183));
#3117 = CARTESIAN_POINT('',(1.456055208967,0.959994309806));
#3118 = CARTESIAN_POINT('',(1.457379845869,0.965511659082));
#3119 = CARTESIAN_POINT('',(1.458719108334,0.970830397912));
#3120 = CARTESIAN_POINT('',(1.464699027928,0.993527466489));
#3121 = CARTESIAN_POINT('',(1.46947551566,1.008899027007));
#3122 = CARTESIAN_POINT('',(1.474352128533,1.022628554811));
#3123 = CARTESIAN_POINT('',(1.479302076546,1.034937262537));
#3124 = CARTESIAN_POINT('',(1.484304394665,1.046034855855));
#3125 = CARTESIAN_POINT('',(1.489348093657,1.056046552029));
#3126 = CARTESIAN_POINT('',(1.494427619931,1.065089442207));
#3127 = CARTESIAN_POINT('',(1.508281651994,1.087183916292));
#3128 = CARTESIAN_POINT('',(1.517104677235,1.098509406948));
#3129 = CARTESIAN_POINT('',(1.525987838034,1.107633966946));
#3130 = CARTESIAN_POINT('',(1.534913060452,1.114758668242));
#3131 = CARTESIAN_POINT('',(1.543866114122,1.120015496412));
#3132 = CARTESIAN_POINT('',(1.552835877192,1.123495249475));
#3133 = CARTESIAN_POINT('',(1.561814487329,1.125235072852));
#3134 = CARTESIAN_POINT('',(1.570796326795,1.125235072852));
#3135 = ( GEOMETRIC_REPRESENTATION_CONTEXT(2) 
PARAMETRIC_REPRESENTATION_CONTEXT() REPRESENTATION_CONTEXT('2D SPACE',''
  ) );
#3136 = ORIENTED_EDGE('',*,*,#2784,.T.);
#3137 = ORIENTED_EDGE('',*,*,#2578,.T.);
#3138 = ORIENTED_EDGE('',*,*,#2503,.F.);
#3139 = ADVANCED_FACE('',(#3140),#1233,.F.);
#3140 = FACE_BOUND('',#3141,.F.);
#3141 = EDGE_LOOP('',(#3142,#3143,#3144));
#3142 = ORIENTED_EDGE('',*,*,#2708,.T.);
#3143 = ORIENTED_EDGE('',*,*,#1217,.T.);
#3144 = ORIENTED_EDGE('',*,*,#2845,.T.);
#3145 = ADVANCED_FACE('',(#3146),#1555,.T.);
#3146 = FACE_BOUND('',#3147,.T.);
#3147 = EDGE_LOOP('',(#3148,#3149,#3150,#3151));
#3148 = ORIENTED_EDGE('',*,*,#1646,.F.);
#3149 = ORIENTED_EDGE('',*,*,#1598,.T.);
#3150 = ORIENTED_EDGE('',*,*,#1539,.T.);
#3151 = ORIENTED_EDGE('',*,*,#2277,.F.);
#3152 = ADVANCED_FACE('',(#3153),#1506,.F.);
#3153 = FACE_BOUND('',#3154,.F.);
#3154 = EDGE_LOOP('',(#3155,#3178,#3199,#3200));
#3155 = ORIENTED_EDGE('',*,*,#3156,.F.);
#3156 = EDGE_CURVE('',#3157,#2301,#3159,.T.);
#3157 = VERTEX_POINT('',#3158);
#3158 = CARTESIAN_POINT('',(-179.05,46.492270863015,93.247283425828));
#3159 = SURFACE_CURVE('',#3160,(#3164,#3171),.PCURVE_S1.);
#3160 = LINE('',#3161,#3162);
#3161 = CARTESIAN_POINT('',(0.,46.492270863015,93.247283425828));
#3162 = VECTOR('',#3163,1.);
#3163 = DIRECTION('',(1.,0.,0.));
#3164 = PCURVE('',#1506,#3165);
#3165 = DEFINITIONAL_REPRESENTATION('',(#3166),#3170);
#3166 = LINE('',#3167,#3168);
#3167 = CARTESIAN_POINT('',(179.05,0.));
#3168 = VECTOR('',#3169,1.);
#3169 = DIRECTION('',(1.,0.));
#3170 = ( GEOMETRIC_REPRESENTATION_CONTEXT(2) 
PARAMETRIC_REPRESENTATION_CONTEXT() REPRESENTATION_CONTEXT('2D SPACE',''
  ) );
#3171 = PCURVE('',#2336,#3172);
#3172 = DEFINITIONAL_REPRESENTATION('',(#3173),#3177);
#3173 = LINE('',#3174,#3175);
#3174 = CARTESIAN_POINT('',(-3.540122590777E-15,63.75));
#3175 = VECTOR('',#3176,1.);
#3176 = DIRECTION('',(1.,0.));
#3177 = ( GEOMETRIC_REPRESENTATION_CONTEXT(2) 
PARAMETRIC_REPRESENTATION_CONTEXT() REPRESENTATION_CONTEXT('2D SPACE',''
  ) );
#3178 = ORIENTED_EDGE('',*,*,#3179,.T.);
#3179 = EDGE_CURVE('',#3157,#1462,#3180,.T.);
#3180 = SURFACE_CURVE('',#3181,(#3185,#3192),.PCURVE_S1.);
#3181 = LINE('',#3182,#3183);
#3182 = CARTESIAN_POINT('',(-179.05,46.492270863015,93.247283425828));
#3183 = VECTOR('',#3184,1.);
#3184 = DIRECTION('',(0.,-0.707106781187,0.707106781187));
#3185 = PCURVE('',#1506,#3186);
#3186 = DEFINITIONAL_REPRESENTATION('',(#3187),#3191);
#3187 = LINE('',#3188,#3189);
#3188 = CARTESIAN_POINT('',(0.,0.));
#3189 = VECTOR('',#3190,1.);
#3190 = DIRECTION('',(0.,-1.));
#3191 = ( GEOMETRIC_REPRESENTATION_CONTEXT(2) 
PARAMETRIC_REPRESENTATION_CONTEXT() REPRESENTATION_CONTEXT('2D SPACE',''
  ) );
#3192 = PCURVE('',#1478,#3193);
#3193 = DEFINITIONAL_REPRESENTATION('',(#3194),#3198);
#3194 = LINE('',#3195,#3196);
#3195 = CARTESIAN_POINT('',(-1.570796326795,0.));
#3196 = VECTOR('',#3197,1.);
#3197 = DIRECTION('',(-0.,-1.));
#3198 = ( GEOMETRIC_REPRESENTATION_CONTEXT(2) 
PARAMETRIC_REPRESENTATION_CONTEXT() REPRESENTATION_CONTEXT('2D SPACE',''
  ) );
#3199 = ORIENTED_EDGE('',*,*,#1490,.T.);
#3200 = ORIENTED_EDGE('',*,*,#2300,.T.);
#3201 = ADVANCED_FACE('',(#3202),#1478,.F.);
#3202 = FACE_BOUND('',#3203,.T.);
#3203 = EDGE_LOOP('',(#3204,#3205,#3206,#3229));
#3204 = ORIENTED_EDGE('',*,*,#3179,.T.);
#3205 = ORIENTED_EDGE('',*,*,#1461,.T.);
#3206 = ORIENTED_EDGE('',*,*,#3207,.F.);
#3207 = EDGE_CURVE('',#3208,#1434,#3210,.T.);
#3208 = VERTEX_POINT('',#3209);
#3209 = CARTESIAN_POINT('',(-190.05,38.714096269963,85.469108832776));
#3210 = SURFACE_CURVE('',#3211,(#3215,#3222),.PCURVE_S1.);
#3211 = LINE('',#3212,#3213);
#3212 = CARTESIAN_POINT('',(-190.05,38.714096269963,85.469108832776));
#3213 = VECTOR('',#3214,1.);
#3214 = DIRECTION('',(0.,-0.707106781187,0.707106781187));
#3215 = PCURVE('',#1478,#3216);
#3216 = DEFINITIONAL_REPRESENTATION('',(#3217),#3221);
#3217 = LINE('',#3218,#3219);
#3218 = CARTESIAN_POINT('',(-3.14159265359,0.));
#3219 = VECTOR('',#3220,1.);
#3220 = DIRECTION('',(-0.,-1.));
#3221 = ( GEOMETRIC_REPRESENTATION_CONTEXT(2) 
PARAMETRIC_REPRESENTATION_CONTEXT() REPRESENTATION_CONTEXT('2D SPACE',''
  ) );
#3222 = PCURVE('',#1449,#3223);
#3223 = DEFINITIONAL_REPRESENTATION('',(#3224),#3228);
#3224 = LINE('',#3225,#3226);
#3225 = CARTESIAN_POINT('',(105.5,0.));
#3226 = VECTOR('',#3227,1.);
#3227 = DIRECTION('',(0.,-1.));
#3228 = ( GEOMETRIC_REPRESENTATION_CONTEXT(2) 
PARAMETRIC_REPRESENTATION_CONTEXT() REPRESENTATION_CONTEXT('2D SPACE',''
  ) );
#3229 = ORIENTED_EDGE('',*,*,#3230,.F.);
#3230 = EDGE_CURVE('',#3157,#3208,#3231,.T.);
#3231 = SURFACE_CURVE('',#3232,(#3237,#3244),.PCURVE_S1.);
#3232 = CIRCLE('',#3233,11.);
#3233 = AXIS2_PLACEMENT_3D('',#3234,#3235,#3236);
#3234 = CARTESIAN_POINT('',(-179.05,38.714096269963,85.469108832776));
#3235 = DIRECTION('',(0.,-0.707106781187,0.707106781187));
#3236 = DIRECTION('',(1.,0.,0.));
#3237 = PCURVE('',#1478,#3238);
#3238 = DEFINITIONAL_REPRESENTATION('',(#3239),#3243);
#3239 = LINE('',#3240,#3241);
#3240 = CARTESIAN_POINT('',(-0.,0.));
#3241 = VECTOR('',#3242,1.);
#3242 = DIRECTION('',(-1.,0.));
#3243 = ( GEOMETRIC_REPRESENTATION_CONTEXT(2) 
PARAMETRIC_REPRESENTATION_CONTEXT() REPRESENTATION_CONTEXT('2D SPACE',''
  ) );
#3244 = PCURVE('',#2336,#3245);
#3245 = DEFINITIONAL_REPRESENTATION('',(#3246),#3250);
#3246 = CIRCLE('',#3247,11.);
#3247 = AXIS2_PLACEMENT_2D('',#3248,#3249);
#3248 = CARTESIAN_POINT('',(-179.05,52.75));
#3249 = DIRECTION('',(1.,0.));
#3250 = ( GEOMETRIC_REPRESENTATION_CONTEXT(2) 
PARAMETRIC_REPRESENTATION_CONTEXT() REPRESENTATION_CONTEXT('2D SPACE',''
  ) );
#3251 = ADVANCED_FACE('',(#3252),#1449,.F.);
#3252 = FACE_BOUND('',#3253,.F.);
#3253 = EDGE_LOOP('',(#3254,#3277,#3278,#3279));
#3254 = ORIENTED_EDGE('',*,*,#3255,.T.);
#3255 = EDGE_CURVE('',#3256,#1405,#3258,.T.);
#3256 = VERTEX_POINT('',#3257);
#3257 = CARTESIAN_POINT('',(-190.05,-35.88566914521,10.869343417595));
#3258 = SURFACE_CURVE('',#3259,(#3263,#3270),.PCURVE_S1.);
#3259 = LINE('',#3260,#3261);
#3260 = CARTESIAN_POINT('',(-190.05,-35.88566914521,10.869343417595));
#3261 = VECTOR('',#3262,1.);
#3262 = DIRECTION('',(0.,-0.707106781187,0.707106781187));
#3263 = PCURVE('',#1449,#3264);
#3264 = DEFINITIONAL_REPRESENTATION('',(#3265),#3269);
#3265 = LINE('',#3266,#3267);
#3266 = CARTESIAN_POINT('',(0.,0.));
#3267 = VECTOR('',#3268,1.);
#3268 = DIRECTION('',(0.,-1.));
#3269 = ( GEOMETRIC_REPRESENTATION_CONTEXT(2) 
PARAMETRIC_REPRESENTATION_CONTEXT() REPRESENTATION_CONTEXT('2D SPACE',''
  ) );
#3270 = PCURVE('',#1421,#3271);
#3271 = DEFINITIONAL_REPRESENTATION('',(#3272),#3276);
#3272 = LINE('',#3273,#3274);
#3273 = CARTESIAN_POINT('',(-3.14159265359,0.));
#3274 = VECTOR('',#3275,1.);
#3275 = DIRECTION('',(-0.,-1.));
#3276 = ( GEOMETRIC_REPRESENTATION_CONTEXT(2) 
PARAMETRIC_REPRESENTATION_CONTEXT() REPRESENTATION_CONTEXT('2D SPACE',''
  ) );
#3277 = ORIENTED_EDGE('',*,*,#1433,.T.);
#3278 = ORIENTED_EDGE('',*,*,#3207,.F.);
#3279 = ORIENTED_EDGE('',*,*,#3280,.F.);
#3280 = EDGE_CURVE('',#3256,#3208,#3281,.T.);
#3281 = SURFACE_CURVE('',#3282,(#3286,#3293),.PCURVE_S1.);
#3282 = LINE('',#3283,#3284);
#3283 = CARTESIAN_POINT('',(-190.05,1.414213562373,48.169226125186));
#3284 = VECTOR('',#3285,1.);
#3285 = DIRECTION('',(0.,0.707106781187,0.707106781187));
#3286 = PCURVE('',#1449,#3287);
#3287 = DEFINITIONAL_REPRESENTATION('',(#3288),#3292);
#3288 = LINE('',#3289,#3290);
#3289 = CARTESIAN_POINT('',(52.75,0.));
#3290 = VECTOR('',#3291,1.);
#3291 = DIRECTION('',(1.,0.));
#3292 = ( GEOMETRIC_REPRESENTATION_CONTEXT(2) 
PARAMETRIC_REPRESENTATION_CONTEXT() REPRESENTATION_CONTEXT('2D SPACE',''
  ) );
#3293 = PCURVE('',#2336,#3294);
#3294 = DEFINITIONAL_REPRESENTATION('',(#3295),#3299);
#3295 = LINE('',#3296,#3297);
#3296 = CARTESIAN_POINT('',(-190.05,-1.313271283675E-15));
#3297 = VECTOR('',#3298,1.);
#3298 = DIRECTION('',(0.,1.));
#3299 = ( GEOMETRIC_REPRESENTATION_CONTEXT(2) 
PARAMETRIC_REPRESENTATION_CONTEXT() REPRESENTATION_CONTEXT('2D SPACE',''
  ) );
#3300 = ADVANCED_FACE('',(#3301),#1421,.F.);
#3301 = FACE_BOUND('',#3302,.T.);
#3302 = EDGE_LOOP('',(#3303,#3304,#3305,#3328));
#3303 = ORIENTED_EDGE('',*,*,#3255,.T.);
#3304 = ORIENTED_EDGE('',*,*,#1404,.T.);
#3305 = ORIENTED_EDGE('',*,*,#3306,.F.);
#3306 = EDGE_CURVE('',#3307,#1377,#3309,.T.);
#3307 = VERTEX_POINT('',#3308);
#3308 = CARTESIAN_POINT('',(-179.05,-43.66384373826,3.091168824543));
#3309 = SURFACE_CURVE('',#3310,(#3314,#3321),.PCURVE_S1.);
#3310 = LINE('',#3311,#3312);
#3311 = CARTESIAN_POINT('',(-179.05,-43.66384373826,3.091168824543));
#3312 = VECTOR('',#3313,1.);
#3313 = DIRECTION('',(0.,-0.707106781187,0.707106781187));
#3314 = PCURVE('',#1421,#3315);
#3315 = DEFINITIONAL_REPRESENTATION('',(#3316),#3320);
#3316 = LINE('',#3317,#3318);
#3317 = CARTESIAN_POINT('',(-4.712388980385,0.));
#3318 = VECTOR('',#3319,1.);
#3319 = DIRECTION('',(-0.,-1.));
#3320 = ( GEOMETRIC_REPRESENTATION_CONTEXT(2) 
PARAMETRIC_REPRESENTATION_CONTEXT() REPRESENTATION_CONTEXT('2D SPACE',''
  ) );
#3321 = PCURVE('',#1392,#3322);
#3322 = DEFINITIONAL_REPRESENTATION('',(#3323),#3327);
#3323 = LINE('',#3324,#3325);
#3324 = CARTESIAN_POINT('',(0.,0.));
#3325 = VECTOR('',#3326,1.);
#3326 = DIRECTION('',(0.,-1.));
#3327 = ( GEOMETRIC_REPRESENTATION_CONTEXT(2) 
PARAMETRIC_REPRESENTATION_CONTEXT() REPRESENTATION_CONTEXT('2D SPACE',''
  ) );
#3328 = ORIENTED_EDGE('',*,*,#3329,.F.);
#3329 = EDGE_CURVE('',#3256,#3307,#3330,.T.);
#3330 = SURFACE_CURVE('',#3331,(#3336,#3343),.PCURVE_S1.);
#3331 = CIRCLE('',#3332,11.);
#3332 = AXIS2_PLACEMENT_3D('',#3333,#3334,#3335);
#3333 = CARTESIAN_POINT('',(-179.05,-35.88566914521,10.869343417595));
#3334 = DIRECTION('',(0.,-0.707106781187,0.707106781187));
#3335 = DIRECTION('',(1.,0.,0.));
#3336 = PCURVE('',#1421,#3337);
#3337 = DEFINITIONAL_REPRESENTATION('',(#3338),#3342);
#3338 = LINE('',#3339,#3340);
#3339 = CARTESIAN_POINT('',(-0.,0.));
#3340 = VECTOR('',#3341,1.);
#3341 = DIRECTION('',(-1.,0.));
#3342 = ( GEOMETRIC_REPRESENTATION_CONTEXT(2) 
PARAMETRIC_REPRESENTATION_CONTEXT() REPRESENTATION_CONTEXT('2D SPACE',''
  ) );
#3343 = PCURVE('',#2336,#3344);
#3344 = DEFINITIONAL_REPRESENTATION('',(#3345),#3349);
#3345 = CIRCLE('',#3346,11.);
#3346 = AXIS2_PLACEMENT_2D('',#3347,#3348);
#3347 = CARTESIAN_POINT('',(-179.05,-52.75));
#3348 = DIRECTION('',(1.,0.));
#3349 = ( GEOMETRIC_REPRESENTATION_CONTEXT(2) 
PARAMETRIC_REPRESENTATION_CONTEXT() REPRESENTATION_CONTEXT('2D SPACE',''
  ) );
#3350 = ADVANCED_FACE('',(#3351),#1392,.T.);
#3351 = FACE_BOUND('',#3352,.T.);
#3352 = EDGE_LOOP('',(#3353,#3374,#3375,#3376));
#3353 = ORIENTED_EDGE('',*,*,#3354,.F.);
#3354 = EDGE_CURVE('',#3307,#2322,#3355,.T.);
#3355 = SURFACE_CURVE('',#3356,(#3360,#3367),.PCURVE_S1.);
#3356 = LINE('',#3357,#3358);
#3357 = CARTESIAN_POINT('',(0.,-43.66384373826,3.091168824543));
#3358 = VECTOR('',#3359,1.);
#3359 = DIRECTION('',(1.,0.,0.));
#3360 = PCURVE('',#1392,#3361);
#3361 = DEFINITIONAL_REPRESENTATION('',(#3362),#3366);
#3362 = LINE('',#3363,#3364);
#3363 = CARTESIAN_POINT('',(179.05,0.));
#3364 = VECTOR('',#3365,1.);
#3365 = DIRECTION('',(1.,0.));
#3366 = ( GEOMETRIC_REPRESENTATION_CONTEXT(2) 
PARAMETRIC_REPRESENTATION_CONTEXT() REPRESENTATION_CONTEXT('2D SPACE',''
  ) );
#3367 = PCURVE('',#2336,#3368);
#3368 = DEFINITIONAL_REPRESENTATION('',(#3369),#3373);
#3369 = LINE('',#3370,#3371);
#3370 = CARTESIAN_POINT('',(-3.540122590777E-15,-63.75));
#3371 = VECTOR('',#3372,1.);
#3372 = DIRECTION('',(1.,0.));
#3373 = ( GEOMETRIC_REPRESENTATION_CONTEXT(2) 
PARAMETRIC_REPRESENTATION_CONTEXT() REPRESENTATION_CONTEXT('2D SPACE',''
  ) );
#3374 = ORIENTED_EDGE('',*,*,#3306,.T.);
#3375 = ORIENTED_EDGE('',*,*,#1376,.T.);
#3376 = ORIENTED_EDGE('',*,*,#2347,.T.);
#3377 = ADVANCED_FACE('',(#3378,#3386,#3632),#2336,.T.);
#3378 = FACE_BOUND('',#3379,.T.);
#3379 = EDGE_LOOP('',(#3380,#3381,#3382,#3383,#3384,#3385));
#3380 = ORIENTED_EDGE('',*,*,#3280,.F.);
#3381 = ORIENTED_EDGE('',*,*,#3329,.T.);
#3382 = ORIENTED_EDGE('',*,*,#3354,.T.);
#3383 = ORIENTED_EDGE('',*,*,#2321,.T.);
#3384 = ORIENTED_EDGE('',*,*,#3156,.F.);
#3385 = ORIENTED_EDGE('',*,*,#3230,.T.);
#3386 = FACE_BOUND('',#3387,.T.);
#3387 = EDGE_LOOP('',(#3388,#3423,#3451,#3484,#3512,#3545,#3573,#3606));
#3388 = ORIENTED_EDGE('',*,*,#3389,.T.);
#3389 = EDGE_CURVE('',#3390,#3392,#3394,.T.);
#3390 = VERTEX_POINT('',#3391);
#3391 = CARTESIAN_POINT('',(-179.01,-39.95153313704,6.803479425773));
#3392 = VERTEX_POINT('',#3393);
#3393 = CARTESIAN_POINT('',(-184.8,-35.85738487397,10.897627688843));
#3394 = SURFACE_CURVE('',#3395,(#3400,#3411),.PCURVE_S1.);
#3395 = CIRCLE('',#3396,5.79);
#3396 = AXIS2_PLACEMENT_3D('',#3397,#3398,#3399);
#3397 = CARTESIAN_POINT('',(-179.01,-35.85738487397,10.897627688843));
#3398 = DIRECTION('',(0.,0.707106781187,-0.707106781187));
#3399 = DIRECTION('',(-1.,0.,0.));
#3400 = PCURVE('',#2336,#3401);
#3401 = DEFINITIONAL_REPRESENTATION('',(#3402),#3410);
#3402 = ( BOUNDED_CURVE() B_SPLINE_CURVE(2,(#3403,#3404,#3405,#3406,
#3407,#3408,#3409),.UNSPECIFIED.,.T.,.F.) B_SPLINE_CURVE_WITH_KNOTS((1,2
    ,2,2,2,1),(-2.094395102393,0.,2.094395102393,4.188790204786,
6.28318530718,8.377580409573),.UNSPECIFIED.) CURVE() 
GEOMETRIC_REPRESENTATION_ITEM() RATIONAL_B_SPLINE_CURVE((1.,0.5,1.,0.5,
1.,0.5,1.)) REPRESENTATION_ITEM('') );
#3403 = CARTESIAN_POINT('',(-184.8,-52.71));
#3404 = CARTESIAN_POINT('',(-184.8,-42.68142582417));
#3405 = CARTESIAN_POINT('',(-176.115,-47.69571291208));
#3406 = CARTESIAN_POINT('',(-167.43,-52.71));
#3407 = CARTESIAN_POINT('',(-176.115,-57.72428708791));
#3408 = CARTESIAN_POINT('',(-184.8,-62.73857417582));
#3409 = CARTESIAN_POINT('',(-184.8,-52.71));
#3410 = ( GEOMETRIC_REPRESENTATION_CONTEXT(2) 
PARAMETRIC_REPRESENTATION_CONTEXT() REPRESENTATION_CONTEXT('2D SPACE',''
  ) );
#3411 = PCURVE('',#3412,#3417);
#3412 = CYLINDRICAL_SURFACE('',#3413,5.79);
#3413 = AXIS2_PLACEMENT_3D('',#3414,#3415,#3416);
#3414 = CARTESIAN_POINT('',(-179.01,-35.85738487397,10.897627688843));
#3415 = DIRECTION('',(0.,0.707106781187,-0.707106781187));
#3416 = DIRECTION('',(-1.,0.,0.));
#3417 = DEFINITIONAL_REPRESENTATION('',(#3418),#3422);
#3418 = LINE('',#3419,#3420);
#3419 = CARTESIAN_POINT('',(0.,0.));
#3420 = VECTOR('',#3421,1.);
#3421 = DIRECTION('',(1.,0.));
#3422 = ( GEOMETRIC_REPRESENTATION_CONTEXT(2) 
PARAMETRIC_REPRESENTATION_CONTEXT() REPRESENTATION_CONTEXT('2D SPACE',''
  ) );
#3423 = ORIENTED_EDGE('',*,*,#3424,.T.);
#3424 = EDGE_CURVE('',#3392,#3425,#3427,.T.);
#3425 = VERTEX_POINT('',#3426);
#3426 = CARTESIAN_POINT('',(-184.8,-35.84324273834,10.911769824466));
#3427 = SURFACE_CURVE('',#3428,(#3432,#3439),.PCURVE_S1.);
#3428 = LINE('',#3429,#3430);
#3429 = CARTESIAN_POINT('',(-184.8,-35.85031380615,10.904698756654));
#3430 = VECTOR('',#3431,1.);
#3431 = DIRECTION('',(0.,0.707106781187,0.707106781187));
#3432 = PCURVE('',#2336,#3433);
#3433 = DEFINITIONAL_REPRESENTATION('',(#3434),#3438);
#3434 = LINE('',#3435,#3436);
#3435 = CARTESIAN_POINT('',(-184.8,-52.7));
#3436 = VECTOR('',#3437,1.);
#3437 = DIRECTION('',(0.,1.));
#3438 = ( GEOMETRIC_REPRESENTATION_CONTEXT(2) 
PARAMETRIC_REPRESENTATION_CONTEXT() REPRESENTATION_CONTEXT('2D SPACE',''
  ) );
#3439 = PCURVE('',#3440,#3445);
#3440 = PLANE('',#3441);
#3441 = AXIS2_PLACEMENT_3D('',#3442,#3443,#3444);
#3442 = CARTESIAN_POINT('',(-184.8,-35.85738487397,10.897627688843));
#3443 = DIRECTION('',(-1.,0.,0.));
#3444 = DIRECTION('',(0.,0.707106781187,0.707106781187));
#3445 = DEFINITIONAL_REPRESENTATION('',(#3446),#3450);
#3446 = LINE('',#3447,#3448);
#3447 = CARTESIAN_POINT('',(1.000000000001E-02,0.));
#3448 = VECTOR('',#3449,1.);
#3449 = DIRECTION('',(1.,0.));
#3450 = ( GEOMETRIC_REPRESENTATION_CONTEXT(2) 
PARAMETRIC_REPRESENTATION_CONTEXT() REPRESENTATION_CONTEXT('2D SPACE',''
  ) );
#3451 = ORIENTED_EDGE('',*,*,#3452,.T.);
#3452 = EDGE_CURVE('',#3425,#3453,#3455,.T.);
#3453 = VERTEX_POINT('',#3454);
#3454 = CARTESIAN_POINT('',(-179.01,-31.74909447527,15.005918087536));
#3455 = SURFACE_CURVE('',#3456,(#3461,#3472),.PCURVE_S1.);
#3456 = CIRCLE('',#3457,5.79);
#3457 = AXIS2_PLACEMENT_3D('',#3458,#3459,#3460);
#3458 = CARTESIAN_POINT('',(-179.01,-35.84324273834,10.911769824466));
#3459 = DIRECTION('',(0.,0.707106781187,-0.707106781187));
#3460 = DIRECTION('',(-1.,0.,0.));
#3461 = PCURVE('',#2336,#3462);
#3462 = DEFINITIONAL_REPRESENTATION('',(#3463),#3471);
#3463 = ( BOUNDED_CURVE() B_SPLINE_CURVE(2,(#3464,#3465,#3466,#3467,
#3468,#3469,#3470),.UNSPECIFIED.,.T.,.F.) B_SPLINE_CURVE_WITH_KNOTS((1,2
    ,2,2,2,1),(-2.094395102393,0.,2.094395102393,4.188790204786,
6.28318530718,8.377580409573),.UNSPECIFIED.) CURVE() 
GEOMETRIC_REPRESENTATION_ITEM() RATIONAL_B_SPLINE_CURVE((1.,0.5,1.,0.5,
1.,0.5,1.)) REPRESENTATION_ITEM('') );
#3464 = CARTESIAN_POINT('',(-184.8,-52.69));
#3465 = CARTESIAN_POINT('',(-184.8,-42.66142582417));
#3466 = CARTESIAN_POINT('',(-176.115,-47.67571291208));
#3467 = CARTESIAN_POINT('',(-167.43,-52.69));
#3468 = CARTESIAN_POINT('',(-176.115,-57.70428708791));
#3469 = CARTESIAN_POINT('',(-184.8,-62.71857417582));
#3470 = CARTESIAN_POINT('',(-184.8,-52.69));
#3471 = ( GEOMETRIC_REPRESENTATION_CONTEXT(2) 
PARAMETRIC_REPRESENTATION_CONTEXT() REPRESENTATION_CONTEXT('2D SPACE',''
  ) );
#3472 = PCURVE('',#3473,#3478);
#3473 = CYLINDRICAL_SURFACE('',#3474,5.79);
#3474 = AXIS2_PLACEMENT_3D('',#3475,#3476,#3477);
#3475 = CARTESIAN_POINT('',(-179.01,-35.84324273834,10.911769824466));
#3476 = DIRECTION('',(0.,0.707106781187,-0.707106781187));
#3477 = DIRECTION('',(-1.,0.,0.));
#3478 = DEFINITIONAL_REPRESENTATION('',(#3479),#3483);
#3479 = LINE('',#3480,#3481);
#3480 = CARTESIAN_POINT('',(0.,0.));
#3481 = VECTOR('',#3482,1.);
#3482 = DIRECTION('',(1.,0.));
#3483 = ( GEOMETRIC_REPRESENTATION_CONTEXT(2) 
PARAMETRIC_REPRESENTATION_CONTEXT() REPRESENTATION_CONTEXT('2D SPACE',''
  ) );
#3484 = ORIENTED_EDGE('',*,*,#3485,.T.);
#3485 = EDGE_CURVE('',#3453,#3486,#3488,.T.);
#3486 = VERTEX_POINT('',#3487);
#3487 = CARTESIAN_POINT('',(-178.99,-31.74909447527,15.005918087536));
#3488 = SURFACE_CURVE('',#3489,(#3493,#3500),.PCURVE_S1.);
#3489 = LINE('',#3490,#3491);
#3490 = CARTESIAN_POINT('',(-179.,-31.74909447527,15.005918087536));
#3491 = VECTOR('',#3492,1.);
#3492 = DIRECTION('',(1.,0.,0.));
#3493 = PCURVE('',#2336,#3494);
#3494 = DEFINITIONAL_REPRESENTATION('',(#3495),#3499);
#3495 = LINE('',#3496,#3497);
#3496 = CARTESIAN_POINT('',(-179.,-46.9));
#3497 = VECTOR('',#3498,1.);
#3498 = DIRECTION('',(1.,0.));
#3499 = ( GEOMETRIC_REPRESENTATION_CONTEXT(2) 
PARAMETRIC_REPRESENTATION_CONTEXT() REPRESENTATION_CONTEXT('2D SPACE',''
  ) );
#3500 = PCURVE('',#3501,#3506);
#3501 = PLANE('',#3502);
#3502 = AXIS2_PLACEMENT_3D('',#3503,#3504,#3505);
#3503 = CARTESIAN_POINT('',(-179.01,-31.74909447527,15.005918087536));
#3504 = DIRECTION('',(0.,0.707106781187,0.707106781187));
#3505 = DIRECTION('',(1.,0.,0.));
#3506 = DEFINITIONAL_REPRESENTATION('',(#3507),#3511);
#3507 = LINE('',#3508,#3509);
#3508 = CARTESIAN_POINT('',(9.999999999991E-03,0.));
#3509 = VECTOR('',#3510,1.);
#3510 = DIRECTION('',(1.,0.));
#3511 = ( GEOMETRIC_REPRESENTATION_CONTEXT(2) 
PARAMETRIC_REPRESENTATION_CONTEXT() REPRESENTATION_CONTEXT('2D SPACE',''
  ) );
#3512 = ORIENTED_EDGE('',*,*,#3513,.T.);
#3513 = EDGE_CURVE('',#3486,#3514,#3516,.T.);
#3514 = VERTEX_POINT('',#3515);
#3515 = CARTESIAN_POINT('',(-173.2,-35.84324273834,10.911769824466));
#3516 = SURFACE_CURVE('',#3517,(#3522,#3533),.PCURVE_S1.);
#3517 = CIRCLE('',#3518,5.79);
#3518 = AXIS2_PLACEMENT_3D('',#3519,#3520,#3521);
#3519 = CARTESIAN_POINT('',(-178.99,-35.84324273834,10.911769824466));
#3520 = DIRECTION('',(0.,0.707106781187,-0.707106781187));
#3521 = DIRECTION('',(-1.,0.,0.));
#3522 = PCURVE('',#2336,#3523);
#3523 = DEFINITIONAL_REPRESENTATION('',(#3524),#3532);
#3524 = ( BOUNDED_CURVE() B_SPLINE_CURVE(2,(#3525,#3526,#3527,#3528,
#3529,#3530,#3531),.UNSPECIFIED.,.T.,.F.) B_SPLINE_CURVE_WITH_KNOTS((1,2
    ,2,2,2,1),(-2.094395102393,0.,2.094395102393,4.188790204786,
6.28318530718,8.377580409573),.UNSPECIFIED.) CURVE() 
GEOMETRIC_REPRESENTATION_ITEM() RATIONAL_B_SPLINE_CURVE((1.,0.5,1.,0.5,
1.,0.5,1.)) REPRESENTATION_ITEM('') );
#3525 = CARTESIAN_POINT('',(-184.78,-52.69));
#3526 = CARTESIAN_POINT('',(-184.78,-42.66142582417));
#3527 = CARTESIAN_POINT('',(-176.095,-47.67571291208));
#3528 = CARTESIAN_POINT('',(-167.41,-52.69));
#3529 = CARTESIAN_POINT('',(-176.095,-57.70428708791));
#3530 = CARTESIAN_POINT('',(-184.78,-62.71857417582));
#3531 = CARTESIAN_POINT('',(-184.78,-52.69));
#3532 = ( GEOMETRIC_REPRESENTATION_CONTEXT(2) 
PARAMETRIC_REPRESENTATION_CONTEXT() REPRESENTATION_CONTEXT('2D SPACE',''
  ) );
#3533 = PCURVE('',#3534,#3539);
#3534 = CYLINDRICAL_SURFACE('',#3535,5.79);
#3535 = AXIS2_PLACEMENT_3D('',#3536,#3537,#3538);
#3536 = CARTESIAN_POINT('',(-178.99,-35.84324273834,10.911769824466));
#3537 = DIRECTION('',(0.,0.707106781187,-0.707106781187));
#3538 = DIRECTION('',(-1.,0.,0.));
#3539 = DEFINITIONAL_REPRESENTATION('',(#3540),#3544);
#3540 = LINE('',#3541,#3542);
#3541 = CARTESIAN_POINT('',(0.,0.));
#3542 = VECTOR('',#3543,1.);
#3543 = DIRECTION('',(1.,0.));
#3544 = ( GEOMETRIC_REPRESENTATION_CONTEXT(2) 
PARAMETRIC_REPRESENTATION_CONTEXT() REPRESENTATION_CONTEXT('2D SPACE',''
  ) );
#3545 = ORIENTED_EDGE('',*,*,#3546,.F.);
#3546 = EDGE_CURVE('',#3547,#3514,#3549,.T.);
#3547 = VERTEX_POINT('',#3548);
#3548 = CARTESIAN_POINT('',(-173.2,-35.85738487397,10.897627688843));
#3549 = SURFACE_CURVE('',#3550,(#3554,#3561),.PCURVE_S1.);
#3550 = LINE('',#3551,#3552);
#3551 = CARTESIAN_POINT('',(-173.2,-35.85031380615,10.904698756654));
#3552 = VECTOR('',#3553,1.);
#3553 = DIRECTION('',(0.,0.707106781187,0.707106781187));
#3554 = PCURVE('',#2336,#3555);
#3555 = DEFINITIONAL_REPRESENTATION('',(#3556),#3560);
#3556 = LINE('',#3557,#3558);
#3557 = CARTESIAN_POINT('',(-173.2,-52.7));
#3558 = VECTOR('',#3559,1.);
#3559 = DIRECTION('',(0.,1.));
#3560 = ( GEOMETRIC_REPRESENTATION_CONTEXT(2) 
PARAMETRIC_REPRESENTATION_CONTEXT() REPRESENTATION_CONTEXT('2D SPACE',''
  ) );
#3561 = PCURVE('',#3562,#3567);
#3562 = PLANE('',#3563);
#3563 = AXIS2_PLACEMENT_3D('',#3564,#3565,#3566);
#3564 = CARTESIAN_POINT('',(-173.2,-35.85738487397,10.897627688843));
#3565 = DIRECTION('',(-1.,0.,0.));
#3566 = DIRECTION('',(0.,0.707106781187,0.707106781187));
#3567 = DEFINITIONAL_REPRESENTATION('',(#3568),#3572);
#3568 = LINE('',#3569,#3570);
#3569 = CARTESIAN_POINT('',(9.999999999998E-03,0.));
#3570 = VECTOR('',#3571,1.);
#3571 = DIRECTION('',(1.,0.));
#3572 = ( GEOMETRIC_REPRESENTATION_CONTEXT(2) 
PARAMETRIC_REPRESENTATION_CONTEXT() REPRESENTATION_CONTEXT('2D SPACE',''
  ) );
#3573 = ORIENTED_EDGE('',*,*,#3574,.T.);
#3574 = EDGE_CURVE('',#3547,#3575,#3577,.T.);
#3575 = VERTEX_POINT('',#3576);
#3576 = CARTESIAN_POINT('',(-178.99,-39.95153313704,6.803479425773));
#3577 = SURFACE_CURVE('',#3578,(#3583,#3594),.PCURVE_S1.);
#3578 = CIRCLE('',#3579,5.79);
#3579 = AXIS2_PLACEMENT_3D('',#3580,#3581,#3582);
#3580 = CARTESIAN_POINT('',(-178.99,-35.85738487397,10.897627688843));
#3581 = DIRECTION('',(0.,0.707106781187,-0.707106781187));
#3582 = DIRECTION('',(-1.,0.,0.));
#3583 = PCURVE('',#2336,#3584);
#3584 = DEFINITIONAL_REPRESENTATION('',(#3585),#3593);
#3585 = ( BOUNDED_CURVE() B_SPLINE_CURVE(2,(#3586,#3587,#3588,#3589,
#3590,#3591,#3592),.UNSPECIFIED.,.T.,.F.) B_SPLINE_CURVE_WITH_KNOTS((1,2
    ,2,2,2,1),(-2.094395102393,0.,2.094395102393,4.188790204786,
6.28318530718,8.377580409573),.UNSPECIFIED.) CURVE() 
GEOMETRIC_REPRESENTATION_ITEM() RATIONAL_B_SPLINE_CURVE((1.,0.5,1.,0.5,
1.,0.5,1.)) REPRESENTATION_ITEM('') );
#3586 = CARTESIAN_POINT('',(-184.78,-52.71));
#3587 = CARTESIAN_POINT('',(-184.78,-42.68142582417));
#3588 = CARTESIAN_POINT('',(-176.095,-47.69571291208));
#3589 = CARTESIAN_POINT('',(-167.41,-52.71));
#3590 = CARTESIAN_POINT('',(-176.095,-57.72428708791));
#3591 = CARTESIAN_POINT('',(-184.78,-62.73857417582));
#3592 = CARTESIAN_POINT('',(-184.78,-52.71));
#3593 = ( GEOMETRIC_REPRESENTATION_CONTEXT(2) 
PARAMETRIC_REPRESENTATION_CONTEXT() REPRESENTATION_CONTEXT('2D SPACE',''
  ) );
#3594 = PCURVE('',#3595,#3600);
#3595 = CYLINDRICAL_SURFACE('',#3596,5.79);
#3596 = AXIS2_PLACEMENT_3D('',#3597,#3598,#3599);
#3597 = CARTESIAN_POINT('',(-178.99,-35.85738487397,10.897627688843));
#3598 = DIRECTION('',(0.,0.707106781187,-0.707106781187));
#3599 = DIRECTION('',(-1.,0.,0.));
#3600 = DEFINITIONAL_REPRESENTATION('',(#3601),#3605);
#3601 = LINE('',#3602,#3603);
#3602 = CARTESIAN_POINT('',(0.,0.));
#3603 = VECTOR('',#3604,1.);
#3604 = DIRECTION('',(1.,0.));
#3605 = ( GEOMETRIC_REPRESENTATION_CONTEXT(2) 
PARAMETRIC_REPRESENTATION_CONTEXT() REPRESENTATION_CONTEXT('2D SPACE',''
  ) );
#3606 = ORIENTED_EDGE('',*,*,#3607,.F.);
#3607 = EDGE_CURVE('',#3390,#3575,#3608,.T.);
#3608 = SURFACE_CURVE('',#3609,(#3613,#3620),.PCURVE_S1.);
#3609 = LINE('',#3610,#3611);
#3610 = CARTESIAN_POINT('',(-179.,-39.95153313704,6.803479425773));
#3611 = VECTOR('',#3612,1.);
#3612 = DIRECTION('',(1.,0.,0.));
#3613 = PCURVE('',#2336,#3614);
#3614 = DEFINITIONAL_REPRESENTATION('',(#3615),#3619);
#3615 = LINE('',#3616,#3617);
#3616 = CARTESIAN_POINT('',(-179.,-58.5));
#3617 = VECTOR('',#3618,1.);
#3618 = DIRECTION('',(1.,0.));
#3619 = ( GEOMETRIC_REPRESENTATION_CONTEXT(2) 
PARAMETRIC_REPRESENTATION_CONTEXT() REPRESENTATION_CONTEXT('2D SPACE',''
  ) );
#3620 = PCURVE('',#3621,#3626);
#3621 = PLANE('',#3622);
#3622 = AXIS2_PLACEMENT_3D('',#3623,#3624,#3625);
#3623 = CARTESIAN_POINT('',(-179.01,-39.95153313704,6.803479425773));
#3624 = DIRECTION('',(0.,0.707106781187,0.707106781187));
#3625 = DIRECTION('',(1.,0.,0.));
#3626 = DEFINITIONAL_REPRESENTATION('',(#3627),#3631);
#3627 = LINE('',#3628,#3629);
#3628 = CARTESIAN_POINT('',(9.999999999991E-03,0.));
#3629 = VECTOR('',#3630,1.);
#3630 = DIRECTION('',(1.,0.));
#3631 = ( GEOMETRIC_REPRESENTATION_CONTEXT(2) 
PARAMETRIC_REPRESENTATION_CONTEXT() REPRESENTATION_CONTEXT('2D SPACE',''
  ) );
#3632 = FACE_BOUND('',#3633,.T.);
#3633 = EDGE_LOOP('',(#3634,#3669,#3697,#3730,#3758,#3791,#3819,#3852));
#3634 = ORIENTED_EDGE('',*,*,#3635,.T.);
#3635 = EDGE_CURVE('',#3636,#3638,#3640,.T.);
#3636 = VERTEX_POINT('',#3637);
#3637 = CARTESIAN_POINT('',(-179.01,34.577521600022,81.332534162835));
#3638 = VERTEX_POINT('',#3639);
#3639 = CARTESIAN_POINT('',(-184.8,38.671669863092,85.426682425905));
#3640 = SURFACE_CURVE('',#3641,(#3646,#3657),.PCURVE_S1.);
#3641 = CIRCLE('',#3642,5.79);
#3642 = AXIS2_PLACEMENT_3D('',#3643,#3644,#3645);
#3643 = CARTESIAN_POINT('',(-179.01,38.671669863092,85.426682425905));
#3644 = DIRECTION('',(0.,0.707106781187,-0.707106781187));
#3645 = DIRECTION('',(-1.,0.,0.));
#3646 = PCURVE('',#2336,#3647);
#3647 = DEFINITIONAL_REPRESENTATION('',(#3648),#3656);
#3648 = ( BOUNDED_CURVE() B_SPLINE_CURVE(2,(#3649,#3650,#3651,#3652,
#3653,#3654,#3655),.UNSPECIFIED.,.T.,.F.) B_SPLINE_CURVE_WITH_KNOTS((1,2
    ,2,2,2,1),(-2.094395102393,0.,2.094395102393,4.188790204786,
6.28318530718,8.377580409573),.UNSPECIFIED.) CURVE() 
GEOMETRIC_REPRESENTATION_ITEM() RATIONAL_B_SPLINE_CURVE((1.,0.5,1.,0.5,
1.,0.5,1.)) REPRESENTATION_ITEM('') );
#3649 = CARTESIAN_POINT('',(-184.8,52.69));
#3650 = CARTESIAN_POINT('',(-184.8,62.718574175824));
#3651 = CARTESIAN_POINT('',(-176.115,57.704287087912));
#3652 = CARTESIAN_POINT('',(-167.43,52.69));
#3653 = CARTESIAN_POINT('',(-176.115,47.675712912088));
#3654 = CARTESIAN_POINT('',(-184.8,42.661425824176));
#3655 = CARTESIAN_POINT('',(-184.8,52.69));
#3656 = ( GEOMETRIC_REPRESENTATION_CONTEXT(2) 
PARAMETRIC_REPRESENTATION_CONTEXT() REPRESENTATION_CONTEXT('2D SPACE',''
  ) );
#3657 = PCURVE('',#3658,#3663);
#3658 = CYLINDRICAL_SURFACE('',#3659,5.79);
#3659 = AXIS2_PLACEMENT_3D('',#3660,#3661,#3662);
#3660 = CARTESIAN_POINT('',(-179.01,38.671669863092,85.426682425905));
#3661 = DIRECTION('',(0.,0.707106781187,-0.707106781187));
#3662 = DIRECTION('',(-1.,0.,0.));
#3663 = DEFINITIONAL_REPRESENTATION('',(#3664),#3668);
#3664 = LINE('',#3665,#3666);
#3665 = CARTESIAN_POINT('',(0.,0.));
#3666 = VECTOR('',#3667,1.);
#3667 = DIRECTION('',(1.,0.));
#3668 = ( GEOMETRIC_REPRESENTATION_CONTEXT(2) 
PARAMETRIC_REPRESENTATION_CONTEXT() REPRESENTATION_CONTEXT('2D SPACE',''
  ) );
#3669 = ORIENTED_EDGE('',*,*,#3670,.T.);
#3670 = EDGE_CURVE('',#3638,#3671,#3673,.T.);
#3671 = VERTEX_POINT('',#3672);
#3672 = CARTESIAN_POINT('',(-184.8,38.685811998716,85.440824561528));
#3673 = SURFACE_CURVE('',#3674,(#3678,#3685),.PCURVE_S1.);
#3674 = LINE('',#3675,#3676);
#3675 = CARTESIAN_POINT('',(-184.8,38.678740930904,85.433753493717));
#3676 = VECTOR('',#3677,1.);
#3677 = DIRECTION('',(0.,0.707106781187,0.707106781187));
#3678 = PCURVE('',#2336,#3679);
#3679 = DEFINITIONAL_REPRESENTATION('',(#3680),#3684);
#3680 = LINE('',#3681,#3682);
#3681 = CARTESIAN_POINT('',(-184.8,52.7));
#3682 = VECTOR('',#3683,1.);
#3683 = DIRECTION('',(0.,1.));
#3684 = ( GEOMETRIC_REPRESENTATION_CONTEXT(2) 
PARAMETRIC_REPRESENTATION_CONTEXT() REPRESENTATION_CONTEXT('2D SPACE',''
  ) );
#3685 = PCURVE('',#3686,#3691);
#3686 = PLANE('',#3687);
#3687 = AXIS2_PLACEMENT_3D('',#3688,#3689,#3690);
#3688 = CARTESIAN_POINT('',(-184.8,38.671669863092,85.426682425905));
#3689 = DIRECTION('',(-1.,0.,0.));
#3690 = DIRECTION('',(0.,0.707106781187,0.707106781187));
#3691 = DEFINITIONAL_REPRESENTATION('',(#3692),#3696);
#3692 = LINE('',#3693,#3694);
#3693 = CARTESIAN_POINT('',(1.000000000001E-02,0.));
#3694 = VECTOR('',#3695,1.);
#3695 = DIRECTION('',(1.,0.));
#3696 = ( GEOMETRIC_REPRESENTATION_CONTEXT(2) 
PARAMETRIC_REPRESENTATION_CONTEXT() REPRESENTATION_CONTEXT('2D SPACE',''
  ) );
#3697 = ORIENTED_EDGE('',*,*,#3698,.T.);
#3698 = EDGE_CURVE('',#3671,#3699,#3701,.T.);
#3699 = VERTEX_POINT('',#3700);
#3700 = CARTESIAN_POINT('',(-179.01,42.779960261786,89.534972824599));
#3701 = SURFACE_CURVE('',#3702,(#3707,#3718),.PCURVE_S1.);
#3702 = CIRCLE('',#3703,5.79);
#3703 = AXIS2_PLACEMENT_3D('',#3704,#3705,#3706);
#3704 = CARTESIAN_POINT('',(-179.01,38.685811998716,85.440824561528));
#3705 = DIRECTION('',(0.,0.707106781187,-0.707106781187));
#3706 = DIRECTION('',(-1.,0.,0.));
#3707 = PCURVE('',#2336,#3708);
#3708 = DEFINITIONAL_REPRESENTATION('',(#3709),#3717);
#3709 = ( BOUNDED_CURVE() B_SPLINE_CURVE(2,(#3710,#3711,#3712,#3713,
#3714,#3715,#3716),.UNSPECIFIED.,.T.,.F.) B_SPLINE_CURVE_WITH_KNOTS((1,2
    ,2,2,2,1),(-2.094395102393,0.,2.094395102393,4.188790204786,
6.28318530718,8.377580409573),.UNSPECIFIED.) CURVE() 
GEOMETRIC_REPRESENTATION_ITEM() RATIONAL_B_SPLINE_CURVE((1.,0.5,1.,0.5,
1.,0.5,1.)) REPRESENTATION_ITEM('') );
#3710 = CARTESIAN_POINT('',(-184.8,52.71));
#3711 = CARTESIAN_POINT('',(-184.8,62.738574175824));
#3712 = CARTESIAN_POINT('',(-176.115,57.724287087912));
#3713 = CARTESIAN_POINT('',(-167.43,52.71));
#3714 = CARTESIAN_POINT('',(-176.115,47.695712912088));
#3715 = CARTESIAN_POINT('',(-184.8,42.681425824176));
#3716 = CARTESIAN_POINT('',(-184.8,52.71));
#3717 = ( GEOMETRIC_REPRESENTATION_CONTEXT(2) 
PARAMETRIC_REPRESENTATION_CONTEXT() REPRESENTATION_CONTEXT('2D SPACE',''
  ) );
#3718 = PCURVE('',#3719,#3724);
#3719 = CYLINDRICAL_SURFACE('',#3720,5.79);
#3720 = AXIS2_PLACEMENT_3D('',#3721,#3722,#3723);
#3721 = CARTESIAN_POINT('',(-179.01,38.685811998716,85.440824561528));
#3722 = DIRECTION('',(0.,0.707106781187,-0.707106781187));
#3723 = DIRECTION('',(-1.,0.,0.));
#3724 = DEFINITIONAL_REPRESENTATION('',(#3725),#3729);
#3725 = LINE('',#3726,#3727);
#3726 = CARTESIAN_POINT('',(0.,0.));
#3727 = VECTOR('',#3728,1.);
#3728 = DIRECTION('',(1.,0.));
#3729 = ( GEOMETRIC_REPRESENTATION_CONTEXT(2) 
PARAMETRIC_REPRESENTATION_CONTEXT() REPRESENTATION_CONTEXT('2D SPACE',''
  ) );
#3730 = ORIENTED_EDGE('',*,*,#3731,.T.);
#3731 = EDGE_CURVE('',#3699,#3732,#3734,.T.);
#3732 = VERTEX_POINT('',#3733);
#3733 = CARTESIAN_POINT('',(-178.99,42.779960261786,89.534972824599));
#3734 = SURFACE_CURVE('',#3735,(#3739,#3746),.PCURVE_S1.);
#3735 = LINE('',#3736,#3737);
#3736 = CARTESIAN_POINT('',(-179.,42.779960261786,89.534972824599));
#3737 = VECTOR('',#3738,1.);
#3738 = DIRECTION('',(1.,0.,0.));
#3739 = PCURVE('',#2336,#3740);
#3740 = DEFINITIONAL_REPRESENTATION('',(#3741),#3745);
#3741 = LINE('',#3742,#3743);
#3742 = CARTESIAN_POINT('',(-179.,58.5));
#3743 = VECTOR('',#3744,1.);
#3744 = DIRECTION('',(1.,0.));
#3745 = ( GEOMETRIC_REPRESENTATION_CONTEXT(2) 
PARAMETRIC_REPRESENTATION_CONTEXT() REPRESENTATION_CONTEXT('2D SPACE',''
  ) );
#3746 = PCURVE('',#3747,#3752);
#3747 = PLANE('',#3748);
#3748 = AXIS2_PLACEMENT_3D('',#3749,#3750,#3751);
#3749 = CARTESIAN_POINT('',(-179.01,42.779960261786,89.534972824599));
#3750 = DIRECTION('',(0.,0.707106781187,0.707106781187));
#3751 = DIRECTION('',(1.,0.,0.));
#3752 = DEFINITIONAL_REPRESENTATION('',(#3753),#3757);
#3753 = LINE('',#3754,#3755);
#3754 = CARTESIAN_POINT('',(9.999999999991E-03,0.));
#3755 = VECTOR('',#3756,1.);
#3756 = DIRECTION('',(1.,0.));
#3757 = ( GEOMETRIC_REPRESENTATION_CONTEXT(2) 
PARAMETRIC_REPRESENTATION_CONTEXT() REPRESENTATION_CONTEXT('2D SPACE',''
  ) );
#3758 = ORIENTED_EDGE('',*,*,#3759,.T.);
#3759 = EDGE_CURVE('',#3732,#3760,#3762,.T.);
#3760 = VERTEX_POINT('',#3761);
#3761 = CARTESIAN_POINT('',(-173.2,38.685811998716,85.440824561528));
#3762 = SURFACE_CURVE('',#3763,(#3768,#3779),.PCURVE_S1.);
#3763 = CIRCLE('',#3764,5.79);
#3764 = AXIS2_PLACEMENT_3D('',#3765,#3766,#3767);
#3765 = CARTESIAN_POINT('',(-178.99,38.685811998716,85.440824561528));
#3766 = DIRECTION('',(0.,0.707106781187,-0.707106781187));
#3767 = DIRECTION('',(-1.,0.,0.));
#3768 = PCURVE('',#2336,#3769);
#3769 = DEFINITIONAL_REPRESENTATION('',(#3770),#3778);
#3770 = ( BOUNDED_CURVE() B_SPLINE_CURVE(2,(#3771,#3772,#3773,#3774,
#3775,#3776,#3777),.UNSPECIFIED.,.T.,.F.) B_SPLINE_CURVE_WITH_KNOTS((1,2
    ,2,2,2,1),(-2.094395102393,0.,2.094395102393,4.188790204786,
6.28318530718,8.377580409573),.UNSPECIFIED.) CURVE() 
GEOMETRIC_REPRESENTATION_ITEM() RATIONAL_B_SPLINE_CURVE((1.,0.5,1.,0.5,
1.,0.5,1.)) REPRESENTATION_ITEM('') );
#3771 = CARTESIAN_POINT('',(-184.78,52.71));
#3772 = CARTESIAN_POINT('',(-184.78,62.738574175824));
#3773 = CARTESIAN_POINT('',(-176.095,57.724287087912));
#3774 = CARTESIAN_POINT('',(-167.41,52.71));
#3775 = CARTESIAN_POINT('',(-176.095,47.695712912088));
#3776 = CARTESIAN_POINT('',(-184.78,42.681425824176));
#3777 = CARTESIAN_POINT('',(-184.78,52.71));
#3778 = ( GEOMETRIC_REPRESENTATION_CONTEXT(2) 
PARAMETRIC_REPRESENTATION_CONTEXT() REPRESENTATION_CONTEXT('2D SPACE',''
  ) );
#3779 = PCURVE('',#3780,#3785);
#3780 = CYLINDRICAL_SURFACE('',#3781,5.79);
#3781 = AXIS2_PLACEMENT_3D('',#3782,#3783,#3784);
#3782 = CARTESIAN_POINT('',(-178.99,38.685811998716,85.440824561528));
#3783 = DIRECTION('',(0.,0.707106781187,-0.707106781187));
#3784 = DIRECTION('',(-1.,0.,0.));
#3785 = DEFINITIONAL_REPRESENTATION('',(#3786),#3790);
#3786 = LINE('',#3787,#3788);
#3787 = CARTESIAN_POINT('',(0.,0.));
#3788 = VECTOR('',#3789,1.);
#3789 = DIRECTION('',(1.,0.));
#3790 = ( GEOMETRIC_REPRESENTATION_CONTEXT(2) 
PARAMETRIC_REPRESENTATION_CONTEXT() REPRESENTATION_CONTEXT('2D SPACE',''
  ) );
#3791 = ORIENTED_EDGE('',*,*,#3792,.F.);
#3792 = EDGE_CURVE('',#3793,#3760,#3795,.T.);
#3793 = VERTEX_POINT('',#3794);
#3794 = CARTESIAN_POINT('',(-173.2,38.671669863092,85.426682425905));
#3795 = SURFACE_CURVE('',#3796,(#3800,#3807),.PCURVE_S1.);
#3796 = LINE('',#3797,#3798);
#3797 = CARTESIAN_POINT('',(-173.2,38.678740930904,85.433753493717));
#3798 = VECTOR('',#3799,1.);
#3799 = DIRECTION('',(0.,0.707106781187,0.707106781187));
#3800 = PCURVE('',#2336,#3801);
#3801 = DEFINITIONAL_REPRESENTATION('',(#3802),#3806);
#3802 = LINE('',#3803,#3804);
#3803 = CARTESIAN_POINT('',(-173.2,52.7));
#3804 = VECTOR('',#3805,1.);
#3805 = DIRECTION('',(0.,1.));
#3806 = ( GEOMETRIC_REPRESENTATION_CONTEXT(2) 
PARAMETRIC_REPRESENTATION_CONTEXT() REPRESENTATION_CONTEXT('2D SPACE',''
  ) );
#3807 = PCURVE('',#3808,#3813);
#3808 = PLANE('',#3809);
#3809 = AXIS2_PLACEMENT_3D('',#3810,#3811,#3812);
#3810 = CARTESIAN_POINT('',(-173.2,38.671669863092,85.426682425905));
#3811 = DIRECTION('',(-1.,0.,0.));
#3812 = DIRECTION('',(0.,0.707106781187,0.707106781187));
#3813 = DEFINITIONAL_REPRESENTATION('',(#3814),#3818);
#3814 = LINE('',#3815,#3816);
#3815 = CARTESIAN_POINT('',(9.999999999998E-03,0.));
#3816 = VECTOR('',#3817,1.);
#3817 = DIRECTION('',(1.,0.));
#3818 = ( GEOMETRIC_REPRESENTATION_CONTEXT(2) 
PARAMETRIC_REPRESENTATION_CONTEXT() REPRESENTATION_CONTEXT('2D SPACE',''
  ) );
#3819 = ORIENTED_EDGE('',*,*,#3820,.T.);
#3820 = EDGE_CURVE('',#3793,#3821,#3823,.T.);
#3821 = VERTEX_POINT('',#3822);
#3822 = CARTESIAN_POINT('',(-178.99,34.577521600022,81.332534162835));
#3823 = SURFACE_CURVE('',#3824,(#3829,#3840),.PCURVE_S1.);
#3824 = CIRCLE('',#3825,5.79);
#3825 = AXIS2_PLACEMENT_3D('',#3826,#3827,#3828);
#3826 = CARTESIAN_POINT('',(-178.99,38.671669863092,85.426682425905));
#3827 = DIRECTION('',(0.,0.707106781187,-0.707106781187));
#3828 = DIRECTION('',(-1.,0.,0.));
#3829 = PCURVE('',#2336,#3830);
#3830 = DEFINITIONAL_REPRESENTATION('',(#3831),#3839);
#3831 = ( BOUNDED_CURVE() B_SPLINE_CURVE(2,(#3832,#3833,#3834,#3835,
#3836,#3837,#3838),.UNSPECIFIED.,.T.,.F.) B_SPLINE_CURVE_WITH_KNOTS((1,2
    ,2,2,2,1),(-2.094395102393,0.,2.094395102393,4.188790204786,
6.28318530718,8.377580409573),.UNSPECIFIED.) CURVE() 
GEOMETRIC_REPRESENTATION_ITEM() RATIONAL_B_SPLINE_CURVE((1.,0.5,1.,0.5,
1.,0.5,1.)) REPRESENTATION_ITEM('') );
#3832 = CARTESIAN_POINT('',(-184.78,52.69));
#3833 = CARTESIAN_POINT('',(-184.78,62.718574175824));
#3834 = CARTESIAN_POINT('',(-176.095,57.704287087912));
#3835 = CARTESIAN_POINT('',(-167.41,52.69));
#3836 = CARTESIAN_POINT('',(-176.095,47.675712912088));
#3837 = CARTESIAN_POINT('',(-184.78,42.661425824176));
#3838 = CARTESIAN_POINT('',(-184.78,52.69));
#3839 = ( GEOMETRIC_REPRESENTATION_CONTEXT(2) 
PARAMETRIC_REPRESENTATION_CONTEXT() REPRESENTATION_CONTEXT('2D SPACE',''
  ) );
#3840 = PCURVE('',#3841,#3846);
#3841 = CYLINDRICAL_SURFACE('',#3842,5.79);
#3842 = AXIS2_PLACEMENT_3D('',#3843,#3844,#3845);
#3843 = CARTESIAN_POINT('',(-178.99,38.671669863092,85.426682425905));
#3844 = DIRECTION('',(0.,0.707106781187,-0.707106781187));
#3845 = DIRECTION('',(-1.,0.,0.));
#3846 = DEFINITIONAL_REPRESENTATION('',(#3847),#3851);
#3847 = LINE('',#3848,#3849);
#3848 = CARTESIAN_POINT('',(0.,0.));
#3849 = VECTOR('',#3850,1.);
#3850 = DIRECTION('',(1.,0.));
#3851 = ( GEOMETRIC_REPRESENTATION_CONTEXT(2) 
PARAMETRIC_REPRESENTATION_CONTEXT() REPRESENTATION_CONTEXT('2D SPACE',''
  ) );
#3852 = ORIENTED_EDGE('',*,*,#3853,.F.);
#3853 = EDGE_CURVE('',#3636,#3821,#3854,.T.);
#3854 = SURFACE_CURVE('',#3855,(#3859,#3866),.PCURVE_S1.);
#3855 = LINE('',#3856,#3857);
#3856 = CARTESIAN_POINT('',(-179.,34.577521600022,81.332534162835));
#3857 = VECTOR('',#3858,1.);
#3858 = DIRECTION('',(1.,0.,0.));
#3859 = PCURVE('',#2336,#3860);
#3860 = DEFINITIONAL_REPRESENTATION('',(#3861),#3865);
#3861 = LINE('',#3862,#3863);
#3862 = CARTESIAN_POINT('',(-179.,46.9));
#3863 = VECTOR('',#3864,1.);
#3864 = DIRECTION('',(1.,0.));
#3865 = ( GEOMETRIC_REPRESENTATION_CONTEXT(2) 
PARAMETRIC_REPRESENTATION_CONTEXT() REPRESENTATION_CONTEXT('2D SPACE',''
  ) );
#3866 = PCURVE('',#3867,#3872);
#3867 = PLANE('',#3868);
#3868 = AXIS2_PLACEMENT_3D('',#3869,#3870,#3871);
#3869 = CARTESIAN_POINT('',(-179.01,34.577521600022,81.332534162835));
#3870 = DIRECTION('',(0.,0.707106781187,0.707106781187));
#3871 = DIRECTION('',(1.,0.,0.));
#3872 = DEFINITIONAL_REPRESENTATION('',(#3873),#3877);
#3873 = LINE('',#3874,#3875);
#3874 = CARTESIAN_POINT('',(9.999999999991E-03,0.));
#3875 = VECTOR('',#3876,1.);
#3876 = DIRECTION('',(1.,0.));
#3877 = ( GEOMETRIC_REPRESENTATION_CONTEXT(2) 
PARAMETRIC_REPRESENTATION_CONTEXT() REPRESENTATION_CONTEXT('2D SPACE',''
  ) );
#3878 = ADVANCED_FACE('',(#3879),#2221,.F.);
#3879 = FACE_BOUND('',#3880,.F.);
#3880 = EDGE_LOOP('',(#3881,#3882,#3883,#3906));
#3881 = ORIENTED_EDGE('',*,*,#2205,.F.);
#3882 = ORIENTED_EDGE('',*,*,#2675,.T.);
#3883 = ORIENTED_EDGE('',*,*,#3884,.T.);
#3884 = EDGE_CURVE('',#2649,#3885,#3887,.T.);
#3885 = VERTEX_POINT('',#3886);
#3886 = CARTESIAN_POINT('',(-147.5,47.270088322321,89.641038841777));
#3887 = SURFACE_CURVE('',#3888,(#3892,#3899),.PCURVE_S1.);
#3888 = LINE('',#3889,#3890);
#3889 = CARTESIAN_POINT('',(-147.5,48.613591206575,88.297535957522));
#3890 = VECTOR('',#3891,1.);
#3891 = DIRECTION('',(0.,-0.707106781187,0.707106781187));
#3892 = PCURVE('',#2221,#3893);
#3893 = DEFINITIONAL_REPRESENTATION('',(#3894),#3898);
#3894 = LINE('',#3895,#3896);
#3895 = CARTESIAN_POINT('',(0.,0.));
#3896 = VECTOR('',#3897,1.);
#3897 = DIRECTION('',(1.,0.));
#3898 = ( GEOMETRIC_REPRESENTATION_CONTEXT(2) 
PARAMETRIC_REPRESENTATION_CONTEXT() REPRESENTATION_CONTEXT('2D SPACE',''
  ) );
#3899 = PCURVE('',#2663,#3900);
#3900 = DEFINITIONAL_REPRESENTATION('',(#3901),#3905);
#3901 = LINE('',#3902,#3903);
#3902 = CARTESIAN_POINT('',(-7.105427357601E-15,-123.5));
#3903 = VECTOR('',#3904,1.);
#3904 = DIRECTION('',(1.,0.));
#3905 = ( GEOMETRIC_REPRESENTATION_CONTEXT(2) 
PARAMETRIC_REPRESENTATION_CONTEXT() REPRESENTATION_CONTEXT('2D SPACE',''
  ) );
#3906 = ORIENTED_EDGE('',*,*,#3907,.T.);
#3907 = EDGE_CURVE('',#3885,#2178,#3908,.T.);
#3908 = SURFACE_CURVE('',#3909,(#3913,#3919),.PCURVE_S1.);
#3909 = LINE('',#3910,#3911);
#3910 = CARTESIAN_POINT('',(-144.75,47.270088322321,89.641038841777));
#3911 = VECTOR('',#3912,1.);
#3912 = DIRECTION('',(1.,-0.,0.));
#3913 = PCURVE('',#2221,#3914);
#3914 = DEFINITIONAL_REPRESENTATION('',(#3915),#3918);
#3915 = B_SPLINE_CURVE_WITH_KNOTS('',1,(#3916,#3917),.UNSPECIFIED.,.F.,
  .F.,(2,2),(-2.75,2.75),.PIECEWISE_BEZIER_KNOTS.);
#3916 = CARTESIAN_POINT('',(1.9,0.));
#3917 = CARTESIAN_POINT('',(1.9,5.5));
#3918 = ( GEOMETRIC_REPRESENTATION_CONTEXT(2) 
PARAMETRIC_REPRESENTATION_CONTEXT() REPRESENTATION_CONTEXT('2D SPACE',''
  ) );
#3919 = PCURVE('',#2193,#3920);
#3920 = DEFINITIONAL_REPRESENTATION('',(#3921),#3924);
#3921 = B_SPLINE_CURVE_WITH_KNOTS('',1,(#3922,#3923),.UNSPECIFIED.,.F.,
  .F.,(2,2),(-2.75,2.75),.PIECEWISE_BEZIER_KNOTS.);
#3922 = CARTESIAN_POINT('',(125.49878066911,-5.5));
#3923 = CARTESIAN_POINT('',(125.49878066911,0.));
#3924 = ( GEOMETRIC_REPRESENTATION_CONTEXT(2) 
PARAMETRIC_REPRESENTATION_CONTEXT() REPRESENTATION_CONTEXT('2D SPACE',''
  ) );
#3925 = ADVANCED_FACE('',(#3926),#2193,.F.);
#3926 = FACE_BOUND('',#3927,.F.);
#3927 = EDGE_LOOP('',(#3928,#3929,#3930,#3953));
#3928 = ORIENTED_EDGE('',*,*,#2177,.F.);
#3929 = ORIENTED_EDGE('',*,*,#3907,.F.);
#3930 = ORIENTED_EDGE('',*,*,#3931,.T.);
#3931 = EDGE_CURVE('',#3885,#3932,#3934,.T.);
#3932 = VERTEX_POINT('',#3933);
#3933 = CARTESIAN_POINT('',(-147.5,49.886383412711,92.257333932167));
#3934 = SURFACE_CURVE('',#3935,(#3939,#3946),.PCURVE_S1.);
#3935 = LINE('',#3936,#3937);
#3936 = CARTESIAN_POINT('',(-147.5,-8.789615337838,33.581335181618));
#3937 = VECTOR('',#3938,1.);
#3938 = DIRECTION('',(0.,0.707106781187,0.707106781187));
#3939 = PCURVE('',#2193,#3940);
#3940 = DEFINITIONAL_REPRESENTATION('',(#3941),#3945);
#3941 = LINE('',#3942,#3943);
#3942 = CARTESIAN_POINT('',(46.218387450305,-5.5));
#3943 = VECTOR('',#3944,1.);
#3944 = DIRECTION('',(1.,0.));
#3945 = ( GEOMETRIC_REPRESENTATION_CONTEXT(2) 
PARAMETRIC_REPRESENTATION_CONTEXT() REPRESENTATION_CONTEXT('2D SPACE',''
  ) );
#3946 = PCURVE('',#2663,#3947);
#3947 = DEFINITIONAL_REPRESENTATION('',(#3948),#3952);
#3948 = LINE('',#3949,#3950);
#3949 = CARTESIAN_POINT('',(1.9,-44.21960678118));
#3950 = VECTOR('',#3951,1.);
#3951 = DIRECTION('',(0.,-1.));
#3952 = ( GEOMETRIC_REPRESENTATION_CONTEXT(2) 
PARAMETRIC_REPRESENTATION_CONTEXT() REPRESENTATION_CONTEXT('2D SPACE',''
  ) );
#3953 = ORIENTED_EDGE('',*,*,#3954,.F.);
#3954 = EDGE_CURVE('',#2149,#3932,#3955,.T.);
#3955 = SURFACE_CURVE('',#3956,(#3960,#3967),.PCURVE_S1.);
#3956 = LINE('',#3957,#3958);
#3957 = CARTESIAN_POINT('',(-142.,49.886383412711,92.257333932167));
#3958 = VECTOR('',#3959,1.);
#3959 = DIRECTION('',(-1.,0.,0.));
#3960 = PCURVE('',#2193,#3961);
#3961 = DEFINITIONAL_REPRESENTATION('',(#3962),#3966);
#3962 = LINE('',#3963,#3964);
#3963 = CARTESIAN_POINT('',(129.19878066911,0.));
#3964 = VECTOR('',#3965,1.);
#3965 = DIRECTION('',(0.,-1.));
#3966 = ( GEOMETRIC_REPRESENTATION_CONTEXT(2) 
PARAMETRIC_REPRESENTATION_CONTEXT() REPRESENTATION_CONTEXT('2D SPACE',''
  ) );
#3967 = PCURVE('',#2165,#3968);
#3968 = DEFINITIONAL_REPRESENTATION('',(#3969),#3973);
#3969 = LINE('',#3970,#3971);
#3970 = CARTESIAN_POINT('',(4.712388980385,0.));
#3971 = VECTOR('',#3972,1.);
#3972 = DIRECTION('',(0.,-1.));
#3973 = ( GEOMETRIC_REPRESENTATION_CONTEXT(2) 
PARAMETRIC_REPRESENTATION_CONTEXT() REPRESENTATION_CONTEXT('2D SPACE',''
  ) );
#3974 = ADVANCED_FACE('',(#3975),#2165,.F.);
#3975 = FACE_BOUND('',#3976,.F.);
#3976 = EDGE_LOOP('',(#3977,#3978,#4002,#4023));
#3977 = ORIENTED_EDGE('',*,*,#3954,.T.);
#3978 = ORIENTED_EDGE('',*,*,#3979,.T.);
#3979 = EDGE_CURVE('',#3932,#3980,#3982,.T.);
#3980 = VERTEX_POINT('',#3981);
#3981 = CARTESIAN_POINT('',(-147.5,49.886383412711,93.105862069591));
#3982 = SURFACE_CURVE('',#3983,(#3988,#3995),.PCURVE_S1.);
#3983 = CIRCLE('',#3984,0.6);
#3984 = AXIS2_PLACEMENT_3D('',#3985,#3986,#3987);
#3985 = CARTESIAN_POINT('',(-147.5,49.462119343999,92.681598000879));
#3986 = DIRECTION('',(1.,0.,-0.));
#3987 = DIRECTION('',(0.,0.707106781187,0.707106781187));
#3988 = PCURVE('',#2165,#3989);
#3989 = DEFINITIONAL_REPRESENTATION('',(#3990),#3994);
#3990 = LINE('',#3991,#3992);
#3991 = CARTESIAN_POINT('',(0.,-5.5));
#3992 = VECTOR('',#3993,1.);
#3993 = DIRECTION('',(1.,0.));
#3994 = ( GEOMETRIC_REPRESENTATION_CONTEXT(2) 
PARAMETRIC_REPRESENTATION_CONTEXT() REPRESENTATION_CONTEXT('2D SPACE',''
  ) );
#3995 = PCURVE('',#2663,#3996);
#3996 = DEFINITIONAL_REPRESENTATION('',(#3997),#4001);
#3997 = CIRCLE('',#3998,0.6);
#3998 = AXIS2_PLACEMENT_2D('',#3999,#4000);
#3999 = CARTESIAN_POINT('',(2.5,-127.2));
#4000 = DIRECTION('',(0.,-1.));
#4001 = ( GEOMETRIC_REPRESENTATION_CONTEXT(2) 
PARAMETRIC_REPRESENTATION_CONTEXT() REPRESENTATION_CONTEXT('2D SPACE',''
  ) );
#4002 = ORIENTED_EDGE('',*,*,#4003,.F.);
#4003 = EDGE_CURVE('',#2121,#3980,#4004,.T.);
#4004 = SURFACE_CURVE('',#4005,(#4009,#4016),.PCURVE_S1.);
#4005 = LINE('',#4006,#4007);
#4006 = CARTESIAN_POINT('',(-142.,49.886383412711,93.105862069591));
#4007 = VECTOR('',#4008,1.);
#4008 = DIRECTION('',(-1.,0.,0.));
#4009 = PCURVE('',#2165,#4010);
#4010 = DEFINITIONAL_REPRESENTATION('',(#4011),#4015);
#4011 = LINE('',#4012,#4013);
#4012 = CARTESIAN_POINT('',(6.28318530718,0.));
#4013 = VECTOR('',#4014,1.);
#4014 = DIRECTION('',(0.,-1.));
#4015 = ( GEOMETRIC_REPRESENTATION_CONTEXT(2) 
PARAMETRIC_REPRESENTATION_CONTEXT() REPRESENTATION_CONTEXT('2D SPACE',''
  ) );
#4016 = PCURVE('',#2136,#4017);
#4017 = DEFINITIONAL_REPRESENTATION('',(#4018),#4022);
#4018 = LINE('',#4019,#4020);
#4019 = CARTESIAN_POINT('',(25.05,0.));
#4020 = VECTOR('',#4021,1.);
#4021 = DIRECTION('',(0.,-1.));
#4022 = ( GEOMETRIC_REPRESENTATION_CONTEXT(2) 
PARAMETRIC_REPRESENTATION_CONTEXT() REPRESENTATION_CONTEXT('2D SPACE',''
  ) );
#4023 = ORIENTED_EDGE('',*,*,#2148,.F.);
#4024 = ADVANCED_FACE('',(#4025),#2136,.T.);
#4025 = FACE_BOUND('',#4026,.T.);
#4026 = EDGE_LOOP('',(#4027,#4050,#4071,#4072));
#4027 = ORIENTED_EDGE('',*,*,#4028,.T.);
#4028 = EDGE_CURVE('',#2092,#4029,#4031,.T.);
#4029 = VERTEX_POINT('',#4030);
#4030 = CARTESIAN_POINT('',(-147.5,32.173358543988,110.81888693831));
#4031 = SURFACE_CURVE('',#4032,(#4036,#4043),.PCURVE_S1.);
#4032 = LINE('',#4033,#4034);
#4033 = CARTESIAN_POINT('',(-142.,32.173358543988,110.81888693831));
#4034 = VECTOR('',#4035,1.);
#4035 = DIRECTION('',(-1.,0.,0.));
#4036 = PCURVE('',#2136,#4037);
#4037 = DEFINITIONAL_REPRESENTATION('',(#4038),#4042);
#4038 = LINE('',#4039,#4040);
#4039 = CARTESIAN_POINT('',(0.,0.));
#4040 = VECTOR('',#4041,1.);
#4041 = DIRECTION('',(0.,-1.));
#4042 = ( GEOMETRIC_REPRESENTATION_CONTEXT(2) 
PARAMETRIC_REPRESENTATION_CONTEXT() REPRESENTATION_CONTEXT('2D SPACE',''
  ) );
#4043 = PCURVE('',#2108,#4044);
#4044 = DEFINITIONAL_REPRESENTATION('',(#4045),#4049);
#4045 = LINE('',#4046,#4047);
#4046 = CARTESIAN_POINT('',(6.28318530718,0.));
#4047 = VECTOR('',#4048,1.);
#4048 = DIRECTION('',(0.,-1.));
#4049 = ( GEOMETRIC_REPRESENTATION_CONTEXT(2) 
PARAMETRIC_REPRESENTATION_CONTEXT() REPRESENTATION_CONTEXT('2D SPACE',''
  ) );
#4050 = ORIENTED_EDGE('',*,*,#4051,.T.);
#4051 = EDGE_CURVE('',#4029,#3980,#4052,.T.);
#4052 = SURFACE_CURVE('',#4053,(#4057,#4064),.PCURVE_S1.);
#4053 = LINE('',#4054,#4055);
#4054 = CARTESIAN_POINT('',(-147.5,61.221583162821,81.770662319481));
#4055 = VECTOR('',#4056,1.);
#4056 = DIRECTION('',(-0.,0.707106781187,-0.707106781187));
#4057 = PCURVE('',#2136,#4058);
#4058 = DEFINITIONAL_REPRESENTATION('',(#4059),#4063);
#4059 = LINE('',#4060,#4061);
#4060 = CARTESIAN_POINT('',(41.080393218813,-5.5));
#4061 = VECTOR('',#4062,1.);
#4062 = DIRECTION('',(1.,0.));
#4063 = ( GEOMETRIC_REPRESENTATION_CONTEXT(2) 
PARAMETRIC_REPRESENTATION_CONTEXT() REPRESENTATION_CONTEXT('2D SPACE',''
  ) );
#4064 = PCURVE('',#2663,#4065);
#4065 = DEFINITIONAL_REPRESENTATION('',(#4066),#4070);
#4066 = LINE('',#4067,#4068);
#4067 = CARTESIAN_POINT('',(-13.53039321881,-127.8));
#4068 = VECTOR('',#4069,1.);
#4069 = DIRECTION('',(-1.,0.));
#4070 = ( GEOMETRIC_REPRESENTATION_CONTEXT(2) 
PARAMETRIC_REPRESENTATION_CONTEXT() REPRESENTATION_CONTEXT('2D SPACE',''
  ) );
#4071 = ORIENTED_EDGE('',*,*,#4003,.F.);
#4072 = ORIENTED_EDGE('',*,*,#2120,.F.);
#4073 = ADVANCED_FACE('',(#4074),#2108,.F.);
#4074 = FACE_BOUND('',#4075,.F.);
#4075 = EDGE_LOOP('',(#4076,#4077,#4101,#4122));
#4076 = ORIENTED_EDGE('',*,*,#4028,.T.);
#4077 = ORIENTED_EDGE('',*,*,#4078,.T.);
#4078 = EDGE_CURVE('',#4029,#4079,#4081,.T.);
#4079 = VERTEX_POINT('',#4080);
#4080 = CARTESIAN_POINT('',(-147.5,31.324830406564,110.81888693831));
#4081 = SURFACE_CURVE('',#4082,(#4087,#4094),.PCURVE_S1.);
#4082 = CIRCLE('',#4083,0.6);
#4083 = AXIS2_PLACEMENT_3D('',#4084,#4085,#4086);
#4084 = CARTESIAN_POINT('',(-147.5,31.749094475276,110.3946228696));
#4085 = DIRECTION('',(1.,0.,-0.));
#4086 = DIRECTION('',(0.,0.707106781187,0.707106781187));
#4087 = PCURVE('',#2108,#4088);
#4088 = DEFINITIONAL_REPRESENTATION('',(#4089),#4093);
#4089 = LINE('',#4090,#4091);
#4090 = CARTESIAN_POINT('',(0.,-5.5));
#4091 = VECTOR('',#4092,1.);
#4092 = DIRECTION('',(1.,0.));
#4093 = ( GEOMETRIC_REPRESENTATION_CONTEXT(2) 
PARAMETRIC_REPRESENTATION_CONTEXT() REPRESENTATION_CONTEXT('2D SPACE',''
  ) );
#4094 = PCURVE('',#2663,#4095);
#4095 = DEFINITIONAL_REPRESENTATION('',(#4096),#4100);
#4096 = CIRCLE('',#4097,0.6);
#4097 = AXIS2_PLACEMENT_2D('',#4098,#4099);
#4098 = CARTESIAN_POINT('',(27.55,-127.2));
#4099 = DIRECTION('',(0.,-1.));
#4100 = ( GEOMETRIC_REPRESENTATION_CONTEXT(2) 
PARAMETRIC_REPRESENTATION_CONTEXT() REPRESENTATION_CONTEXT('2D SPACE',''
  ) );
#4101 = ORIENTED_EDGE('',*,*,#4102,.F.);
#4102 = EDGE_CURVE('',#2064,#4079,#4103,.T.);
#4103 = SURFACE_CURVE('',#4104,(#4108,#4115),.PCURVE_S1.);
#4104 = LINE('',#4105,#4106);
#4105 = CARTESIAN_POINT('',(-142.,31.324830406564,110.81888693831));
#4106 = VECTOR('',#4107,1.);
#4107 = DIRECTION('',(-1.,0.,0.));
#4108 = PCURVE('',#2108,#4109);
#4109 = DEFINITIONAL_REPRESENTATION('',(#4110),#4114);
#4110 = LINE('',#4111,#4112);
#4111 = CARTESIAN_POINT('',(7.853981633974,0.));
#4112 = VECTOR('',#4113,1.);
#4113 = DIRECTION('',(0.,-1.));
#4114 = ( GEOMETRIC_REPRESENTATION_CONTEXT(2) 
PARAMETRIC_REPRESENTATION_CONTEXT() REPRESENTATION_CONTEXT('2D SPACE',''
  ) );
#4115 = PCURVE('',#2079,#4116);
#4116 = DEFINITIONAL_REPRESENTATION('',(#4117),#4121);
#4117 = LINE('',#4118,#4119);
#4118 = CARTESIAN_POINT('',(0.8,0.));
#4119 = VECTOR('',#4120,1.);
#4120 = DIRECTION('',(0.,-1.));
#4121 = ( GEOMETRIC_REPRESENTATION_CONTEXT(2) 
PARAMETRIC_REPRESENTATION_CONTEXT() REPRESENTATION_CONTEXT('2D SPACE',''
  ) );
#4122 = ORIENTED_EDGE('',*,*,#2091,.F.);
#4123 = ADVANCED_FACE('',(#4124),#2079,.T.);
#4124 = FACE_BOUND('',#4125,.T.);
#4125 = EDGE_LOOP('',(#4126,#4149,#4170,#4171));
#4126 = ORIENTED_EDGE('',*,*,#4127,.T.);
#4127 = EDGE_CURVE('',#2036,#4128,#4130,.T.);
#4128 = VERTEX_POINT('',#4129);
#4129 = CARTESIAN_POINT('',(-147.5,30.759144981615,110.25320151336));
#4130 = SURFACE_CURVE('',#4131,(#4135,#4142),.PCURVE_S1.);
#4131 = LINE('',#4132,#4133);
#4132 = CARTESIAN_POINT('',(-142.,30.759144981615,110.25320151336));
#4133 = VECTOR('',#4134,1.);
#4134 = DIRECTION('',(-1.,0.,0.));
#4135 = PCURVE('',#2079,#4136);
#4136 = DEFINITIONAL_REPRESENTATION('',(#4137),#4141);
#4137 = LINE('',#4138,#4139);
#4138 = CARTESIAN_POINT('',(0.,0.));
#4139 = VECTOR('',#4140,1.);
#4140 = DIRECTION('',(0.,-1.));
#4141 = ( GEOMETRIC_REPRESENTATION_CONTEXT(2) 
PARAMETRIC_REPRESENTATION_CONTEXT() REPRESENTATION_CONTEXT('2D SPACE',''
  ) );
#4142 = PCURVE('',#2051,#4143);
#4143 = DEFINITIONAL_REPRESENTATION('',(#4144),#4148);
#4144 = LINE('',#4145,#4146);
#4145 = CARTESIAN_POINT('',(1.507288760336E-14,0.));
#4146 = VECTOR('',#4147,1.);
#4147 = DIRECTION('',(0.,-1.));
#4148 = ( GEOMETRIC_REPRESENTATION_CONTEXT(2) 
PARAMETRIC_REPRESENTATION_CONTEXT() REPRESENTATION_CONTEXT('2D SPACE',''
  ) );
#4149 = ORIENTED_EDGE('',*,*,#4150,.T.);
#4150 = EDGE_CURVE('',#4128,#4079,#4151,.T.);
#4151 = SURFACE_CURVE('',#4152,(#4156,#4163),.PCURVE_S1.);
#4152 = LINE('',#4153,#4154);
#4153 = CARTESIAN_POINT('',(-147.5,-27.35116834398,52.142888187764));
#4154 = VECTOR('',#4155,1.);
#4155 = DIRECTION('',(0.,0.707106781187,0.707106781187));
#4156 = PCURVE('',#2079,#4157);
#4157 = DEFINITIONAL_REPRESENTATION('',(#4158),#4162);
#4158 = LINE('',#4159,#4160);
#4159 = CARTESIAN_POINT('',(-82.18039321881,-5.5));
#4160 = VECTOR('',#4161,1.);
#4161 = DIRECTION('',(1.,0.));
#4162 = ( GEOMETRIC_REPRESENTATION_CONTEXT(2) 
PARAMETRIC_REPRESENTATION_CONTEXT() REPRESENTATION_CONTEXT('2D SPACE',''
  ) );
#4163 = PCURVE('',#2663,#4164);
#4164 = DEFINITIONAL_REPRESENTATION('',(#4165),#4169);
#4165 = LINE('',#4166,#4167);
#4166 = CARTESIAN_POINT('',(28.15,-44.21960678118));
#4167 = VECTOR('',#4168,1.);
#4168 = DIRECTION('',(0.,-1.));
#4169 = ( GEOMETRIC_REPRESENTATION_CONTEXT(2) 
PARAMETRIC_REPRESENTATION_CONTEXT() REPRESENTATION_CONTEXT('2D SPACE',''
  ) );
#4170 = ORIENTED_EDGE('',*,*,#4102,.F.);
#4171 = ORIENTED_EDGE('',*,*,#2063,.F.);
#4172 = ADVANCED_FACE('',(#4173),#2051,.F.);
#4173 = FACE_BOUND('',#4174,.F.);
#4174 = EDGE_LOOP('',(#4175,#4176,#4199,#4220));
#4175 = ORIENTED_EDGE('',*,*,#4127,.T.);
#4176 = ORIENTED_EDGE('',*,*,#4177,.T.);
#4177 = EDGE_CURVE('',#4128,#4178,#4180,.T.);
#4178 = VERTEX_POINT('',#4179);
#4179 = CARTESIAN_POINT('',(-147.5,47.128666966083,93.883679528896));
#4180 = SURFACE_CURVE('',#4181,(#4185,#4192),.PCURVE_S1.);
#4181 = LINE('',#4182,#4183);
#4182 = CARTESIAN_POINT('',(-147.5,58.817420106787,82.194926388193));
#4183 = VECTOR('',#4184,1.);
#4184 = DIRECTION('',(-0.,0.707106781187,-0.707106781187));
#4185 = PCURVE('',#2051,#4186);
#4186 = DEFINITIONAL_REPRESENTATION('',(#4187),#4191);
#4187 = LINE('',#4188,#4189);
#4188 = CARTESIAN_POINT('',(39.680393218813,-5.5));
#4189 = VECTOR('',#4190,1.);
#4190 = DIRECTION('',(1.,0.));
#4191 = ( GEOMETRIC_REPRESENTATION_CONTEXT(2) 
PARAMETRIC_REPRESENTATION_CONTEXT() REPRESENTATION_CONTEXT('2D SPACE',''
  ) );
#4192 = PCURVE('',#2663,#4193);
#4193 = DEFINITIONAL_REPRESENTATION('',(#4194),#4198);
#4194 = LINE('',#4195,#4196);
#4195 = CARTESIAN_POINT('',(-11.53039321881,-126.4));
#4196 = VECTOR('',#4197,1.);
#4197 = DIRECTION('',(-1.,0.));
#4198 = ( GEOMETRIC_REPRESENTATION_CONTEXT(2) 
PARAMETRIC_REPRESENTATION_CONTEXT() REPRESENTATION_CONTEXT('2D SPACE',''
  ) );
#4199 = ORIENTED_EDGE('',*,*,#4200,.F.);
#4200 = EDGE_CURVE('',#2003,#4178,#4201,.T.);
#4201 = SURFACE_CURVE('',#4202,(#4206,#4213),.PCURVE_S1.);
#4202 = LINE('',#4203,#4204);
#4203 = CARTESIAN_POINT('',(-142.,47.128666966083,93.883679528896));
#4204 = VECTOR('',#4205,1.);
#4205 = DIRECTION('',(-1.,0.,0.));
#4206 = PCURVE('',#2051,#4207);
#4207 = DEFINITIONAL_REPRESENTATION('',(#4208),#4212);
#4208 = LINE('',#4209,#4210);
#4209 = CARTESIAN_POINT('',(23.15,0.));
#4210 = VECTOR('',#4211,1.);
#4211 = DIRECTION('',(0.,-1.));
#4212 = ( GEOMETRIC_REPRESENTATION_CONTEXT(2) 
PARAMETRIC_REPRESENTATION_CONTEXT() REPRESENTATION_CONTEXT('2D SPACE',''
  ) );
#4213 = PCURVE('',#2023,#4214);
#4214 = DEFINITIONAL_REPRESENTATION('',(#4215),#4219);
#4215 = LINE('',#4216,#4217);
#4216 = CARTESIAN_POINT('',(-1.570796326795,0.));
#4217 = VECTOR('',#4218,1.);
#4218 = DIRECTION('',(-0.,-1.));
#4219 = ( GEOMETRIC_REPRESENTATION_CONTEXT(2) 
PARAMETRIC_REPRESENTATION_CONTEXT() REPRESENTATION_CONTEXT('2D SPACE',''
  ) );
#4220 = ORIENTED_EDGE('',*,*,#2035,.F.);
#4221 = ADVANCED_FACE('',(#4222),#2023,.T.);
#4222 = FACE_BOUND('',#4223,.F.);
#4223 = EDGE_LOOP('',(#4224,#4225,#4253,#4274));
#4224 = ORIENTED_EDGE('',*,*,#4200,.T.);
#4225 = ORIENTED_EDGE('',*,*,#4226,.T.);
#4226 = EDGE_CURVE('',#4178,#4227,#4229,.T.);
#4227 = VERTEX_POINT('',#4228);
#4228 = CARTESIAN_POINT('',(-147.5,47.128666966083,92.61088732276));
#4229 = SURFACE_CURVE('',#4230,(#4235,#4242),.PCURVE_S1.);
#4230 = CIRCLE('',#4231,0.9);
#4231 = AXIS2_PLACEMENT_3D('',#4232,#4233,#4234);
#4232 = CARTESIAN_POINT('',(-147.5,46.492270863015,93.247283425828));
#4233 = DIRECTION('',(-1.,0.,0.));
#4234 = DIRECTION('',(0.,-0.707106781187,0.707106781187));
#4235 = PCURVE('',#2023,#4236);
#4236 = DEFINITIONAL_REPRESENTATION('',(#4237),#4241);
#4237 = LINE('',#4238,#4239);
#4238 = CARTESIAN_POINT('',(-0.,-5.5));
#4239 = VECTOR('',#4240,1.);
#4240 = DIRECTION('',(-1.,0.));
#4241 = ( GEOMETRIC_REPRESENTATION_CONTEXT(2) 
PARAMETRIC_REPRESENTATION_CONTEXT() REPRESENTATION_CONTEXT('2D SPACE',''
  ) );
#4242 = PCURVE('',#2663,#4243);
#4243 = DEFINITIONAL_REPRESENTATION('',(#4244),#4252);
#4244 = ( BOUNDED_CURVE() B_SPLINE_CURVE(2,(#4245,#4246,#4247,#4248,
#4249,#4250,#4251),.UNSPECIFIED.,.T.,.F.) B_SPLINE_CURVE_WITH_KNOTS((1,2
    ,2,2,2,1),(-2.094395102393,0.,2.094395102393,4.188790204786,
6.28318530718,8.377580409573),.UNSPECIFIED.) CURVE() 
GEOMETRIC_REPRESENTATION_ITEM() RATIONAL_B_SPLINE_CURVE((1.,0.5,1.,0.5,
1.,0.5,1.)) REPRESENTATION_ITEM('') );
#4245 = CARTESIAN_POINT('',(5.9,-125.5));
#4246 = CARTESIAN_POINT('',(5.9,-127.0588457268));
#4247 = CARTESIAN_POINT('',(4.55,-126.2794228634));
#4248 = CARTESIAN_POINT('',(3.2,-125.5));
#4249 = CARTESIAN_POINT('',(4.55,-124.7205771365));
#4250 = CARTESIAN_POINT('',(5.9,-123.9411542731));
#4251 = CARTESIAN_POINT('',(5.9,-125.5));
#4252 = ( GEOMETRIC_REPRESENTATION_CONTEXT(2) 
PARAMETRIC_REPRESENTATION_CONTEXT() REPRESENTATION_CONTEXT('2D SPACE',''
  ) );
#4253 = ORIENTED_EDGE('',*,*,#4254,.F.);
#4254 = EDGE_CURVE('',#1975,#4227,#4255,.T.);
#4255 = SURFACE_CURVE('',#4256,(#4260,#4267),.PCURVE_S1.);
#4256 = LINE('',#4257,#4258);
#4257 = CARTESIAN_POINT('',(-142.,47.128666966083,92.61088732276));
#4258 = VECTOR('',#4259,1.);
#4259 = DIRECTION('',(-1.,0.,0.));
#4260 = PCURVE('',#2023,#4261);
#4261 = DEFINITIONAL_REPRESENTATION('',(#4262),#4266);
#4262 = LINE('',#4263,#4264);
#4263 = CARTESIAN_POINT('',(-3.14159265359,0.));
#4264 = VECTOR('',#4265,1.);
#4265 = DIRECTION('',(-0.,-1.));
#4266 = ( GEOMETRIC_REPRESENTATION_CONTEXT(2) 
PARAMETRIC_REPRESENTATION_CONTEXT() REPRESENTATION_CONTEXT('2D SPACE',''
  ) );
#4267 = PCURVE('',#1990,#4268);
#4268 = DEFINITIONAL_REPRESENTATION('',(#4269),#4273);
#4269 = LINE('',#4270,#4271);
#4270 = CARTESIAN_POINT('',(127.5,0.));
#4271 = VECTOR('',#4272,1.);
#4272 = DIRECTION('',(0.,-1.));
#4273 = ( GEOMETRIC_REPRESENTATION_CONTEXT(2) 
PARAMETRIC_REPRESENTATION_CONTEXT() REPRESENTATION_CONTEXT('2D SPACE',''
  ) );
#4274 = ORIENTED_EDGE('',*,*,#2002,.F.);
#4275 = ADVANCED_FACE('',(#4276),#1990,.T.);
#4276 = FACE_BOUND('',#4277,.T.);
#4277 = EDGE_LOOP('',(#4278,#4301,#4322,#4323));
#4278 = ORIENTED_EDGE('',*,*,#4279,.T.);
#4279 = EDGE_CURVE('',#1942,#4280,#4282,.T.);
#4280 = VERTEX_POINT('',#4281);
#4281 = CARTESIAN_POINT('',(-147.5,-43.0274476352,2.454772721475));
#4282 = SURFACE_CURVE('',#4283,(#4287,#4294),.PCURVE_S1.);
#4283 = LINE('',#4284,#4285);
#4284 = CARTESIAN_POINT('',(-142.,-43.0274476352,2.454772721475));
#4285 = VECTOR('',#4286,1.);
#4286 = DIRECTION('',(-1.,0.,0.));
#4287 = PCURVE('',#1990,#4288);
#4288 = DEFINITIONAL_REPRESENTATION('',(#4289),#4293);
#4289 = LINE('',#4290,#4291);
#4290 = CARTESIAN_POINT('',(0.,0.));
#4291 = VECTOR('',#4292,1.);
#4292 = DIRECTION('',(0.,-1.));
#4293 = ( GEOMETRIC_REPRESENTATION_CONTEXT(2) 
PARAMETRIC_REPRESENTATION_CONTEXT() REPRESENTATION_CONTEXT('2D SPACE',''
  ) );
#4294 = PCURVE('',#1962,#4295);
#4295 = DEFINITIONAL_REPRESENTATION('',(#4296),#4300);
#4296 = LINE('',#4297,#4298);
#4297 = CARTESIAN_POINT('',(-1.570796326795,0.));
#4298 = VECTOR('',#4299,1.);
#4299 = DIRECTION('',(-0.,-1.));
#4300 = ( GEOMETRIC_REPRESENTATION_CONTEXT(2) 
PARAMETRIC_REPRESENTATION_CONTEXT() REPRESENTATION_CONTEXT('2D SPACE',''
  ) );
#4301 = ORIENTED_EDGE('',*,*,#4302,.T.);
#4302 = EDGE_CURVE('',#4280,#4227,#4303,.T.);
#4303 = SURFACE_CURVE('',#4304,(#4308,#4315),.PCURVE_S1.);
#4304 = LINE('',#4305,#4306);
#4305 = CARTESIAN_POINT('',(-147.5,-10.34525025644,35.136970100228));
#4306 = VECTOR('',#4307,1.);
#4307 = DIRECTION('',(0.,0.707106781187,0.707106781187));
#4308 = PCURVE('',#1990,#4309);
#4309 = DEFINITIONAL_REPRESENTATION('',(#4310),#4314);
#4310 = LINE('',#4311,#4312);
#4311 = CARTESIAN_POINT('',(46.219606781187,-5.5));
#4312 = VECTOR('',#4313,1.);
#4313 = DIRECTION('',(1.,0.));
#4314 = ( GEOMETRIC_REPRESENTATION_CONTEXT(2) 
PARAMETRIC_REPRESENTATION_CONTEXT() REPRESENTATION_CONTEXT('2D SPACE',''
  ) );
#4315 = PCURVE('',#2663,#4316);
#4316 = DEFINITIONAL_REPRESENTATION('',(#4317),#4321);
#4317 = LINE('',#4318,#4319);
#4318 = CARTESIAN_POINT('',(4.1,-44.21960678118));
#4319 = VECTOR('',#4320,1.);
#4320 = DIRECTION('',(0.,-1.));
#4321 = ( GEOMETRIC_REPRESENTATION_CONTEXT(2) 
PARAMETRIC_REPRESENTATION_CONTEXT() REPRESENTATION_CONTEXT('2D SPACE',''
  ) );
#4322 = ORIENTED_EDGE('',*,*,#4254,.F.);
#4323 = ORIENTED_EDGE('',*,*,#1974,.F.);
#4324 = ADVANCED_FACE('',(#4325),#1962,.T.);
#4325 = FACE_BOUND('',#4326,.F.);
#4326 = EDGE_LOOP('',(#4327,#4328,#4356,#4377));
#4327 = ORIENTED_EDGE('',*,*,#4279,.T.);
#4328 = ORIENTED_EDGE('',*,*,#4329,.T.);
#4329 = EDGE_CURVE('',#4280,#4330,#4332,.T.);
#4330 = VERTEX_POINT('',#4331);
#4331 = CARTESIAN_POINT('',(-147.5,-44.30023984133,2.454772721475));
#4332 = SURFACE_CURVE('',#4333,(#4338,#4345),.PCURVE_S1.);
#4333 = CIRCLE('',#4334,0.9);
#4334 = AXIS2_PLACEMENT_3D('',#4335,#4336,#4337);
#4335 = CARTESIAN_POINT('',(-147.5,-43.66384373826,3.091168824543));
#4336 = DIRECTION('',(-1.,0.,0.));
#4337 = DIRECTION('',(0.,0.707106781187,0.707106781187));
#4338 = PCURVE('',#1962,#4339);
#4339 = DEFINITIONAL_REPRESENTATION('',(#4340),#4344);
#4340 = LINE('',#4341,#4342);
#4341 = CARTESIAN_POINT('',(-0.,-5.5));
#4342 = VECTOR('',#4343,1.);
#4343 = DIRECTION('',(-1.,0.));
#4344 = ( GEOMETRIC_REPRESENTATION_CONTEXT(2) 
PARAMETRIC_REPRESENTATION_CONTEXT() REPRESENTATION_CONTEXT('2D SPACE',''
  ) );
#4345 = PCURVE('',#2663,#4346);
#4346 = DEFINITIONAL_REPRESENTATION('',(#4347),#4355);
#4347 = ( BOUNDED_CURVE() B_SPLINE_CURVE(2,(#4348,#4349,#4350,#4351,
#4352,#4353,#4354),.UNSPECIFIED.,.T.,.F.) B_SPLINE_CURVE_WITH_KNOTS((1,2
    ,2,2,2,1),(-2.094395102393,0.,2.094395102393,4.188790204786,
6.28318530718,8.377580409573),.UNSPECIFIED.) CURVE() 
GEOMETRIC_REPRESENTATION_ITEM() RATIONAL_B_SPLINE_CURVE((1.,0.5,1.,0.5,
1.,0.5,1.)) REPRESENTATION_ITEM('') );
#4348 = CARTESIAN_POINT('',(5.,1.1));
#4349 = CARTESIAN_POINT('',(3.441154273188,1.1));
#4350 = CARTESIAN_POINT('',(4.220577136594,2.45));
#4351 = CARTESIAN_POINT('',(5.,3.8));
#4352 = CARTESIAN_POINT('',(5.779422863406,2.45));
#4353 = CARTESIAN_POINT('',(6.558845726812,1.1));
#4354 = CARTESIAN_POINT('',(5.,1.1));
#4355 = ( GEOMETRIC_REPRESENTATION_CONTEXT(2) 
PARAMETRIC_REPRESENTATION_CONTEXT() REPRESENTATION_CONTEXT('2D SPACE',''
  ) );
#4356 = ORIENTED_EDGE('',*,*,#4357,.F.);
#4357 = EDGE_CURVE('',#1914,#4330,#4358,.T.);
#4358 = SURFACE_CURVE('',#4359,(#4363,#4370),.PCURVE_S1.);
#4359 = LINE('',#4360,#4361);
#4360 = CARTESIAN_POINT('',(-142.,-44.30023984133,2.454772721475));
#4361 = VECTOR('',#4362,1.);
#4362 = DIRECTION('',(-1.,0.,0.));
#4363 = PCURVE('',#1962,#4364);
#4364 = DEFINITIONAL_REPRESENTATION('',(#4365),#4369);
#4365 = LINE('',#4366,#4367);
#4366 = CARTESIAN_POINT('',(-3.14159265359,0.));
#4367 = VECTOR('',#4368,1.);
#4368 = DIRECTION('',(-0.,-1.));
#4369 = ( GEOMETRIC_REPRESENTATION_CONTEXT(2) 
PARAMETRIC_REPRESENTATION_CONTEXT() REPRESENTATION_CONTEXT('2D SPACE',''
  ) );
#4370 = PCURVE('',#1929,#4371);
#4371 = DEFINITIONAL_REPRESENTATION('',(#4372),#4376);
#4372 = LINE('',#4373,#4374);
#4373 = CARTESIAN_POINT('',(23.15,0.));
#4374 = VECTOR('',#4375,1.);
#4375 = DIRECTION('',(0.,-1.));
#4376 = ( GEOMETRIC_REPRESENTATION_CONTEXT(2) 
PARAMETRIC_REPRESENTATION_CONTEXT() REPRESENTATION_CONTEXT('2D SPACE',''
  ) );
#4377 = ORIENTED_EDGE('',*,*,#1941,.F.);
#4378 = ADVANCED_FACE('',(#4379),#1929,.T.);
#4379 = FACE_BOUND('',#4380,.T.);
#4380 = EDGE_LOOP('',(#4381,#4404,#4425,#4426));
#4381 = ORIENTED_EDGE('',*,*,#4382,.T.);
#4382 = EDGE_CURVE('',#1886,#4383,#4385,.T.);
#4383 = VERTEX_POINT('',#4384);
#4384 = CARTESIAN_POINT('',(-147.5,-60.6697618258,18.824294705944));
#4385 = SURFACE_CURVE('',#4386,(#4390,#4397),.PCURVE_S1.);
#4386 = LINE('',#4387,#4388);
#4387 = CARTESIAN_POINT('',(-142.,-60.6697618258,18.824294705944));
#4388 = VECTOR('',#4389,1.);
#4389 = DIRECTION('',(-1.,0.,0.));
#4390 = PCURVE('',#1929,#4391);
#4391 = DEFINITIONAL_REPRESENTATION('',(#4392),#4396);
#4392 = LINE('',#4393,#4394);
#4393 = CARTESIAN_POINT('',(0.,0.));
#4394 = VECTOR('',#4395,1.);
#4395 = DIRECTION('',(0.,-1.));
#4396 = ( GEOMETRIC_REPRESENTATION_CONTEXT(2) 
PARAMETRIC_REPRESENTATION_CONTEXT() REPRESENTATION_CONTEXT('2D SPACE',''
  ) );
#4397 = PCURVE('',#1901,#4398);
#4398 = DEFINITIONAL_REPRESENTATION('',(#4399),#4403);
#4399 = LINE('',#4400,#4401);
#4400 = CARTESIAN_POINT('',(0.8,0.));
#4401 = VECTOR('',#4402,1.);
#4402 = DIRECTION('',(0.,-1.));
#4403 = ( GEOMETRIC_REPRESENTATION_CONTEXT(2) 
PARAMETRIC_REPRESENTATION_CONTEXT() REPRESENTATION_CONTEXT('2D SPACE',''
  ) );
#4404 = ORIENTED_EDGE('',*,*,#4405,.T.);
#4405 = EDGE_CURVE('',#4383,#4330,#4406,.T.);
#4406 = SURFACE_CURVE('',#4407,(#4411,#4418),.PCURVE_S1.);
#4407 = LINE('',#4408,#4409);
#4408 = CARTESIAN_POINT('',(-147.5,-32.61148670063,-9.233980419228));
#4409 = VECTOR('',#4410,1.);
#4410 = DIRECTION('',(-0.,0.707106781187,-0.707106781187));
#4411 = PCURVE('',#1929,#4412);
#4412 = DEFINITIONAL_REPRESENTATION('',(#4413),#4417);
#4413 = LINE('',#4414,#4415);
#4414 = CARTESIAN_POINT('',(39.680393218813,-5.5));
#4415 = VECTOR('',#4416,1.);
#4416 = DIRECTION('',(1.,0.));
#4417 = ( GEOMETRIC_REPRESENTATION_CONTEXT(2) 
PARAMETRIC_REPRESENTATION_CONTEXT() REPRESENTATION_CONTEXT('2D SPACE',''
  ) );
#4418 = PCURVE('',#2663,#4419);
#4419 = DEFINITIONAL_REPRESENTATION('',(#4420),#4424);
#4420 = LINE('',#4421,#4422);
#4421 = CARTESIAN_POINT('',(-11.53039321881,2.9));
#4422 = VECTOR('',#4423,1.);
#4423 = DIRECTION('',(-1.,0.));
#4424 = ( GEOMETRIC_REPRESENTATION_CONTEXT(2) 
PARAMETRIC_REPRESENTATION_CONTEXT() REPRESENTATION_CONTEXT('2D SPACE',''
  ) );
#4425 = ORIENTED_EDGE('',*,*,#4357,.F.);
#4426 = ORIENTED_EDGE('',*,*,#1913,.F.);
#4427 = ADVANCED_FACE('',(#4428),#1901,.T.);
#4428 = FACE_BOUND('',#4429,.T.);
#4429 = EDGE_LOOP('',(#4430,#4453,#4474,#4475));
#4430 = ORIENTED_EDGE('',*,*,#4431,.T.);
#4431 = EDGE_CURVE('',#1853,#4432,#4434,.T.);
#4432 = VERTEX_POINT('',#4433);
#4433 = CARTESIAN_POINT('',(-147.5,-61.23544725075,18.258609280995));
#4434 = SURFACE_CURVE('',#4435,(#4439,#4446),.PCURVE_S1.);
#4435 = LINE('',#4436,#4437);
#4436 = CARTESIAN_POINT('',(-142.,-61.23544725075,18.258609280995));
#4437 = VECTOR('',#4438,1.);
#4438 = DIRECTION('',(-1.,0.,0.));
#4439 = PCURVE('',#1901,#4440);
#4440 = DEFINITIONAL_REPRESENTATION('',(#4441),#4445);
#4441 = LINE('',#4442,#4443);
#4442 = CARTESIAN_POINT('',(0.,0.));
#4443 = VECTOR('',#4444,1.);
#4444 = DIRECTION('',(0.,-1.));
#4445 = ( GEOMETRIC_REPRESENTATION_CONTEXT(2) 
PARAMETRIC_REPRESENTATION_CONTEXT() REPRESENTATION_CONTEXT('2D SPACE',''
  ) );
#4446 = PCURVE('',#1873,#4447);
#4447 = DEFINITIONAL_REPRESENTATION('',(#4448),#4452);
#4448 = LINE('',#4449,#4450);
#4449 = CARTESIAN_POINT('',(-7.853981633974,0.));
#4450 = VECTOR('',#4451,1.);
#4451 = DIRECTION('',(-0.,-1.));
#4452 = ( GEOMETRIC_REPRESENTATION_CONTEXT(2) 
PARAMETRIC_REPRESENTATION_CONTEXT() REPRESENTATION_CONTEXT('2D SPACE',''
  ) );
#4453 = ORIENTED_EDGE('',*,*,#4454,.T.);
#4454 = EDGE_CURVE('',#4432,#4383,#4455,.T.);
#4455 = SURFACE_CURVE('',#4456,(#4460,#4467),.PCURVE_S1.);
#4456 = LINE('',#4457,#4458);
#4457 = CARTESIAN_POINT('',(-147.5,-27.35116834398,52.142888187764));
#4458 = VECTOR('',#4459,1.);
#4459 = DIRECTION('',(0.,0.707106781187,0.707106781187));
#4460 = PCURVE('',#1901,#4461);
#4461 = DEFINITIONAL_REPRESENTATION('',(#4462),#4466);
#4462 = LINE('',#4463,#4464);
#4463 = CARTESIAN_POINT('',(47.919606781187,-5.5));
#4464 = VECTOR('',#4465,1.);
#4465 = DIRECTION('',(1.,0.));
#4466 = ( GEOMETRIC_REPRESENTATION_CONTEXT(2) 
PARAMETRIC_REPRESENTATION_CONTEXT() REPRESENTATION_CONTEXT('2D SPACE',''
  ) );
#4467 = PCURVE('',#2663,#4468);
#4468 = DEFINITIONAL_REPRESENTATION('',(#4469),#4473);
#4469 = LINE('',#4470,#4471);
#4470 = CARTESIAN_POINT('',(28.15,-44.21960678118));
#4471 = VECTOR('',#4472,1.);
#4472 = DIRECTION('',(0.,-1.));
#4473 = ( GEOMETRIC_REPRESENTATION_CONTEXT(2) 
PARAMETRIC_REPRESENTATION_CONTEXT() REPRESENTATION_CONTEXT('2D SPACE',''
  ) );
#4474 = ORIENTED_EDGE('',*,*,#4382,.F.);
#4475 = ORIENTED_EDGE('',*,*,#1885,.F.);
#4476 = ADVANCED_FACE('',(#4477),#1873,.F.);
#4477 = FACE_BOUND('',#4478,.T.);
#4478 = EDGE_LOOP('',(#4479,#4502,#4528,#4529));
#4479 = ORIENTED_EDGE('',*,*,#4480,.T.);
#4480 = EDGE_CURVE('',#1825,#4481,#4483,.T.);
#4481 = VERTEX_POINT('',#4482);
#4482 = CARTESIAN_POINT('',(-147.5,-61.23544725075,17.410081143571));
#4483 = SURFACE_CURVE('',#4484,(#4488,#4495),.PCURVE_S1.);
#4484 = LINE('',#4485,#4486);
#4485 = CARTESIAN_POINT('',(-142.,-61.23544725075,17.410081143571));
#4486 = VECTOR('',#4487,1.);
#4487 = DIRECTION('',(-1.,0.,0.));
#4488 = PCURVE('',#1873,#4489);
#4489 = DEFINITIONAL_REPRESENTATION('',(#4490),#4494);
#4490 = LINE('',#4491,#4492);
#4491 = CARTESIAN_POINT('',(-6.28318530718,0.));
#4492 = VECTOR('',#4493,1.);
#4493 = DIRECTION('',(-0.,-1.));
#4494 = ( GEOMETRIC_REPRESENTATION_CONTEXT(2) 
PARAMETRIC_REPRESENTATION_CONTEXT() REPRESENTATION_CONTEXT('2D SPACE',''
  ) );
#4495 = PCURVE('',#1840,#4496);
#4496 = DEFINITIONAL_REPRESENTATION('',(#4497),#4501);
#4497 = LINE('',#4498,#4499);
#4498 = CARTESIAN_POINT('',(0.,0.));
#4499 = VECTOR('',#4500,1.);
#4500 = DIRECTION('',(0.,-1.));
#4501 = ( GEOMETRIC_REPRESENTATION_CONTEXT(2) 
PARAMETRIC_REPRESENTATION_CONTEXT() REPRESENTATION_CONTEXT('2D SPACE',''
  ) );
#4502 = ORIENTED_EDGE('',*,*,#4503,.T.);
#4503 = EDGE_CURVE('',#4481,#4432,#4504,.T.);
#4504 = SURFACE_CURVE('',#4505,(#4510,#4517),.PCURVE_S1.);
#4505 = CIRCLE('',#4506,0.6);
#4506 = AXIS2_PLACEMENT_3D('',#4507,#4508,#4509);
#4507 = CARTESIAN_POINT('',(-147.5,-60.81118318204,17.834345212283));
#4508 = DIRECTION('',(-1.,-0.,0.));
#4509 = DIRECTION('',(0.,-0.707106781187,-0.707106781187));
#4510 = PCURVE('',#1873,#4511);
#4511 = DEFINITIONAL_REPRESENTATION('',(#4512),#4516);
#4512 = LINE('',#4513,#4514);
#4513 = CARTESIAN_POINT('',(-0.,-5.5));
#4514 = VECTOR('',#4515,1.);
#4515 = DIRECTION('',(-1.,0.));
#4516 = ( GEOMETRIC_REPRESENTATION_CONTEXT(2) 
PARAMETRIC_REPRESENTATION_CONTEXT() REPRESENTATION_CONTEXT('2D SPACE',''
  ) );
#4517 = PCURVE('',#2663,#4518);
#4518 = DEFINITIONAL_REPRESENTATION('',(#4519),#4527);
#4519 = ( BOUNDED_CURVE() B_SPLINE_CURVE(2,(#4520,#4521,#4522,#4523,
#4524,#4525,#4526),.UNSPECIFIED.,.T.,.F.) B_SPLINE_CURVE_WITH_KNOTS((1,2
    ,2,2,2,1),(-2.094395102393,0.,2.094395102393,4.188790204786,
6.28318530718,8.377580409573),.UNSPECIFIED.) CURVE() 
GEOMETRIC_REPRESENTATION_ITEM() RATIONAL_B_SPLINE_CURVE((1.,0.5,1.,0.5,
1.,0.5,1.)) REPRESENTATION_ITEM('') );
#4520 = CARTESIAN_POINT('',(27.55,4.3));
#4521 = CARTESIAN_POINT('',(28.589230484541,4.3));
#4522 = CARTESIAN_POINT('',(28.069615242271,3.4));
#4523 = CARTESIAN_POINT('',(27.55,2.5));
#4524 = CARTESIAN_POINT('',(27.030384757729,3.4));
#4525 = CARTESIAN_POINT('',(26.510769515459,4.3));
#4526 = CARTESIAN_POINT('',(27.55,4.3));
#4527 = ( GEOMETRIC_REPRESENTATION_CONTEXT(2) 
PARAMETRIC_REPRESENTATION_CONTEXT() REPRESENTATION_CONTEXT('2D SPACE',''
  ) );
#4528 = ORIENTED_EDGE('',*,*,#4431,.F.);
#4529 = ORIENTED_EDGE('',*,*,#1852,.F.);
#4530 = ADVANCED_FACE('',(#4531),#1840,.F.);
#4531 = FACE_BOUND('',#4532,.F.);
#4532 = EDGE_LOOP('',(#4533,#4534,#4557,#4578));
#4533 = ORIENTED_EDGE('',*,*,#4480,.T.);
#4534 = ORIENTED_EDGE('',*,*,#4535,.T.);
#4535 = EDGE_CURVE('',#4481,#4536,#4538,.T.);
#4536 = VERTEX_POINT('',#4537);
#4537 = CARTESIAN_POINT('',(-147.5,-44.72536610718,0.9));
#4538 = SURFACE_CURVE('',#4539,(#4543,#4550),.PCURVE_S1.);
#4539 = LINE('',#4540,#4541);
#4540 = CARTESIAN_POINT('',(-147.5,-32.18722263192,-11.63814347526));
#4541 = VECTOR('',#4542,1.);
#4542 = DIRECTION('',(-0.,0.707106781187,-0.707106781187));
#4543 = PCURVE('',#1840,#4544);
#4544 = DEFINITIONAL_REPRESENTATION('',(#4545),#4549);
#4545 = LINE('',#4546,#4547);
#4546 = CARTESIAN_POINT('',(41.080393218813,-5.5));
#4547 = VECTOR('',#4548,1.);
#4548 = DIRECTION('',(1.,0.));
#4549 = ( GEOMETRIC_REPRESENTATION_CONTEXT(2) 
PARAMETRIC_REPRESENTATION_CONTEXT() REPRESENTATION_CONTEXT('2D SPACE',''
  ) );
#4550 = PCURVE('',#2663,#4551);
#4551 = DEFINITIONAL_REPRESENTATION('',(#4552),#4556);
#4552 = LINE('',#4553,#4554);
#4553 = CARTESIAN_POINT('',(-13.53039321881,4.3));
#4554 = VECTOR('',#4555,1.);
#4555 = DIRECTION('',(-1.,0.));
#4556 = ( GEOMETRIC_REPRESENTATION_CONTEXT(2) 
PARAMETRIC_REPRESENTATION_CONTEXT() REPRESENTATION_CONTEXT('2D SPACE',''
  ) );
#4557 = ORIENTED_EDGE('',*,*,#4558,.F.);
#4558 = EDGE_CURVE('',#1797,#4536,#4559,.T.);
#4559 = SURFACE_CURVE('',#4560,(#4564,#4571),.PCURVE_S1.);
#4560 = LINE('',#4561,#4562);
#4561 = CARTESIAN_POINT('',(-142.,-44.72536610718,0.9));
#4562 = VECTOR('',#4563,1.);
#4563 = DIRECTION('',(-1.,0.,0.));
#4564 = PCURVE('',#1840,#4565);
#4565 = DEFINITIONAL_REPRESENTATION('',(#4566),#4570);
#4566 = LINE('',#4567,#4568);
#4567 = CARTESIAN_POINT('',(23.348780669118,0.));
#4568 = VECTOR('',#4569,1.);
#4569 = DIRECTION('',(0.,-1.));
#4570 = ( GEOMETRIC_REPRESENTATION_CONTEXT(2) 
PARAMETRIC_REPRESENTATION_CONTEXT() REPRESENTATION_CONTEXT('2D SPACE',''
  ) );
#4571 = PCURVE('',#1812,#4572);
#4572 = DEFINITIONAL_REPRESENTATION('',(#4573),#4577);
#4573 = LINE('',#4574,#4575);
#4574 = CARTESIAN_POINT('',(-1.42108547152E-14,0.));
#4575 = VECTOR('',#4576,1.);
#4576 = DIRECTION('',(0.,-1.));
#4577 = ( GEOMETRIC_REPRESENTATION_CONTEXT(2) 
PARAMETRIC_REPRESENTATION_CONTEXT() REPRESENTATION_CONTEXT('2D SPACE',''
  ) );
#4578 = ORIENTED_EDGE('',*,*,#1824,.F.);
#4579 = ADVANCED_FACE('',(#4580),#1812,.F.);
#4580 = FACE_BOUND('',#4581,.F.);
#4581 = EDGE_LOOP('',(#4582,#4583,#4606,#4627));
#4582 = ORIENTED_EDGE('',*,*,#4558,.T.);
#4583 = ORIENTED_EDGE('',*,*,#4584,.T.);
#4584 = EDGE_CURVE('',#4536,#4585,#4587,.T.);
#4585 = VERTEX_POINT('',#4586);
#4586 = CARTESIAN_POINT('',(-147.5,-41.47095051945,0.9));
#4587 = SURFACE_CURVE('',#4588,(#4592,#4599),.PCURVE_S1.);
#4588 = LINE('',#4589,#4590);
#4589 = CARTESIAN_POINT('',(-147.5,-386.5,0.9));
#4590 = VECTOR('',#4591,1.);
#4591 = DIRECTION('',(0.,1.,0.));
#4592 = PCURVE('',#1812,#4593);
#4593 = DEFINITIONAL_REPRESENTATION('',(#4594),#4598);
#4594 = LINE('',#4595,#4596);
#4595 = CARTESIAN_POINT('',(-341.7746338928,-5.5));
#4596 = VECTOR('',#4597,1.);
#4597 = DIRECTION('',(1.,0.));
#4598 = ( GEOMETRIC_REPRESENTATION_CONTEXT(2) 
PARAMETRIC_REPRESENTATION_CONTEXT() REPRESENTATION_CONTEXT('2D SPACE',''
  ) );
#4599 = PCURVE('',#2663,#4600);
#4600 = DEFINITIONAL_REPRESENTATION('',(#4601),#4605);
#4601 = LINE('',#4602,#4603);
#4602 = CARTESIAN_POINT('',(245.87238059404,245.97116126316));
#4603 = VECTOR('',#4604,1.);
#4604 = DIRECTION('',(-0.707106781187,-0.707106781187));
#4605 = ( GEOMETRIC_REPRESENTATION_CONTEXT(2) 
PARAMETRIC_REPRESENTATION_CONTEXT() REPRESENTATION_CONTEXT('2D SPACE',''
  ) );
#4606 = ORIENTED_EDGE('',*,*,#4607,.F.);
#4607 = EDGE_CURVE('',#1769,#4585,#4608,.T.);
#4608 = SURFACE_CURVE('',#4609,(#4613,#4620),.PCURVE_S1.);
#4609 = LINE('',#4610,#4611);
#4610 = CARTESIAN_POINT('',(-142.,-41.47095051945,0.9));
#4611 = VECTOR('',#4612,1.);
#4612 = DIRECTION('',(-1.,0.,0.));
#4613 = PCURVE('',#1812,#4614);
#4614 = DEFINITIONAL_REPRESENTATION('',(#4615),#4619);
#4615 = LINE('',#4616,#4617);
#4616 = CARTESIAN_POINT('',(3.254415587728,0.));
#4617 = VECTOR('',#4618,1.);
#4618 = DIRECTION('',(0.,-1.));
#4619 = ( GEOMETRIC_REPRESENTATION_CONTEXT(2) 
PARAMETRIC_REPRESENTATION_CONTEXT() REPRESENTATION_CONTEXT('2D SPACE',''
  ) );
#4620 = PCURVE('',#1784,#4621);
#4621 = DEFINITIONAL_REPRESENTATION('',(#4622),#4626);
#4622 = LINE('',#4623,#4624);
#4623 = CARTESIAN_POINT('',(-9.577563997971E-15,0.));
#4624 = VECTOR('',#4625,1.);
#4625 = DIRECTION('',(0.,-1.));
#4626 = ( GEOMETRIC_REPRESENTATION_CONTEXT(2) 
PARAMETRIC_REPRESENTATION_CONTEXT() REPRESENTATION_CONTEXT('2D SPACE',''
  ) );
#4627 = ORIENTED_EDGE('',*,*,#1796,.F.);
#4628 = ADVANCED_FACE('',(#4629),#1784,.F.);
#4629 = FACE_BOUND('',#4630,.F.);
#4630 = EDGE_LOOP('',(#4631,#4632,#4633,#4656));
#4631 = ORIENTED_EDGE('',*,*,#1768,.F.);
#4632 = ORIENTED_EDGE('',*,*,#4607,.T.);
#4633 = ORIENTED_EDGE('',*,*,#4634,.T.);
#4634 = EDGE_CURVE('',#4585,#4635,#4637,.T.);
#4635 = VERTEX_POINT('',#4636);
#4636 = CARTESIAN_POINT('',(-147.5,-40.05759915421,2.313351365238));
#4637 = SURFACE_CURVE('',#4638,(#4642,#4649),.PCURVE_S1.);
#4638 = LINE('',#4639,#4640);
#4639 = CARTESIAN_POINT('',(-147.5,-8.789615337838,33.581335181618));
#4640 = VECTOR('',#4641,1.);
#4641 = DIRECTION('',(0.,0.707106781187,0.707106781187));
#4642 = PCURVE('',#1784,#4643);
#4643 = DEFINITIONAL_REPRESENTATION('',(#4644),#4648);
#4644 = LINE('',#4645,#4646);
#4645 = CARTESIAN_POINT('',(46.218387450305,-5.5));
#4646 = VECTOR('',#4647,1.);
#4647 = DIRECTION('',(1.,0.));
#4648 = ( GEOMETRIC_REPRESENTATION_CONTEXT(2) 
PARAMETRIC_REPRESENTATION_CONTEXT() REPRESENTATION_CONTEXT('2D SPACE',''
  ) );
#4649 = PCURVE('',#2663,#4650);
#4650 = DEFINITIONAL_REPRESENTATION('',(#4651),#4655);
#4651 = LINE('',#4652,#4653);
#4652 = CARTESIAN_POINT('',(1.9,-44.21960678118));
#4653 = VECTOR('',#4654,1.);
#4654 = DIRECTION('',(0.,-1.));
#4655 = ( GEOMETRIC_REPRESENTATION_CONTEXT(2) 
PARAMETRIC_REPRESENTATION_CONTEXT() REPRESENTATION_CONTEXT('2D SPACE',''
  ) );
#4656 = ORIENTED_EDGE('',*,*,#4657,.T.);
#4657 = EDGE_CURVE('',#4635,#1741,#4658,.T.);
#4658 = SURFACE_CURVE('',#4659,(#4663,#4669),.PCURVE_S1.);
#4659 = LINE('',#4660,#4661);
#4660 = CARTESIAN_POINT('',(-144.75,-40.05759915421,2.313351365238));
#4661 = VECTOR('',#4662,1.);
#4662 = DIRECTION('',(1.,-0.,0.));
#4663 = PCURVE('',#1784,#4664);
#4664 = DEFINITIONAL_REPRESENTATION('',(#4665),#4668);
#4665 = B_SPLINE_CURVE_WITH_KNOTS('',1,(#4666,#4667),.UNSPECIFIED.,.F.,
  .F.,(2,2),(-2.75,2.75),.PIECEWISE_BEZIER_KNOTS.);
#4666 = CARTESIAN_POINT('',(1.998780669118,-5.5));
#4667 = CARTESIAN_POINT('',(1.998780669118,0.));
#4668 = ( GEOMETRIC_REPRESENTATION_CONTEXT(2) 
PARAMETRIC_REPRESENTATION_CONTEXT() REPRESENTATION_CONTEXT('2D SPACE',''
  ) );
#4669 = PCURVE('',#1756,#4670);
#4670 = DEFINITIONAL_REPRESENTATION('',(#4671),#4674);
#4671 = B_SPLINE_CURVE_WITH_KNOTS('',1,(#4672,#4673),.UNSPECIFIED.,.F.,
  .F.,(2,2),(-2.75,2.75),.PIECEWISE_BEZIER_KNOTS.);
#4672 = CARTESIAN_POINT('',(1.9,0.));
#4673 = CARTESIAN_POINT('',(1.9,5.5));
#4674 = ( GEOMETRIC_REPRESENTATION_CONTEXT(2) 
PARAMETRIC_REPRESENTATION_CONTEXT() REPRESENTATION_CONTEXT('2D SPACE',''
  ) );
#4675 = ADVANCED_FACE('',(#4676),#1756,.T.);
#4676 = FACE_BOUND('',#4677,.T.);
#4677 = EDGE_LOOP('',(#4678,#4679,#4680,#4701));
#4678 = ORIENTED_EDGE('',*,*,#1740,.F.);
#4679 = ORIENTED_EDGE('',*,*,#2627,.T.);
#4680 = ORIENTED_EDGE('',*,*,#4681,.T.);
#4681 = EDGE_CURVE('',#2628,#4635,#4682,.T.);
#4682 = SURFACE_CURVE('',#4683,(#4687,#4694),.PCURVE_S1.);
#4683 = LINE('',#4684,#4685);
#4684 = CARTESIAN_POINT('',(-147.5,-38.71409626996,0.969848480983));
#4685 = VECTOR('',#4686,1.);
#4686 = DIRECTION('',(0.,-0.707106781187,0.707106781187));
#4687 = PCURVE('',#1756,#4688);
#4688 = DEFINITIONAL_REPRESENTATION('',(#4689),#4693);
#4689 = LINE('',#4690,#4691);
#4690 = CARTESIAN_POINT('',(0.,0.));
#4691 = VECTOR('',#4692,1.);
#4692 = DIRECTION('',(1.,0.));
#4693 = ( GEOMETRIC_REPRESENTATION_CONTEXT(2) 
PARAMETRIC_REPRESENTATION_CONTEXT() REPRESENTATION_CONTEXT('2D SPACE',''
  ) );
#4694 = PCURVE('',#2663,#4695);
#4695 = DEFINITIONAL_REPRESENTATION('',(#4696),#4700);
#4696 = LINE('',#4697,#4698);
#4697 = CARTESIAN_POINT('',(0.,0.));
#4698 = VECTOR('',#4699,1.);
#4699 = DIRECTION('',(1.,0.));
#4700 = ( GEOMETRIC_REPRESENTATION_CONTEXT(2) 
PARAMETRIC_REPRESENTATION_CONTEXT() REPRESENTATION_CONTEXT('2D SPACE',''
  ) );
#4701 = ORIENTED_EDGE('',*,*,#4657,.T.);
#4702 = ADVANCED_FACE('',(#4703),#2663,.T.);
#4703 = FACE_BOUND('',#4704,.T.);
#4704 = EDGE_LOOP('',(#4705,#4706,#4707,#4708,#4709,#4710,#4711,#4712,
    #4713,#4714,#4715,#4716,#4717,#4718,#4719,#4720,#4721,#4722));
#4705 = ORIENTED_EDGE('',*,*,#3884,.T.);
#4706 = ORIENTED_EDGE('',*,*,#3931,.T.);
#4707 = ORIENTED_EDGE('',*,*,#3979,.T.);
#4708 = ORIENTED_EDGE('',*,*,#4051,.F.);
#4709 = ORIENTED_EDGE('',*,*,#4078,.T.);
#4710 = ORIENTED_EDGE('',*,*,#4150,.F.);
#4711 = ORIENTED_EDGE('',*,*,#4177,.T.);
#4712 = ORIENTED_EDGE('',*,*,#4226,.T.);
#4713 = ORIENTED_EDGE('',*,*,#4302,.F.);
#4714 = ORIENTED_EDGE('',*,*,#4329,.T.);
#4715 = ORIENTED_EDGE('',*,*,#4405,.F.);
#4716 = ORIENTED_EDGE('',*,*,#4454,.F.);
#4717 = ORIENTED_EDGE('',*,*,#4503,.F.);
#4718 = ORIENTED_EDGE('',*,*,#4535,.T.);
#4719 = ORIENTED_EDGE('',*,*,#4584,.T.);
#4720 = ORIENTED_EDGE('',*,*,#4634,.T.);
#4721 = ORIENTED_EDGE('',*,*,#4681,.F.);
#4722 = ORIENTED_EDGE('',*,*,#2648,.T.);
#4723 = ADVANCED_FACE('',(#4724),#2773,.T.);
#4724 = FACE_BOUND('',#4725,.T.);
#4725 = EDGE_LOOP('',(#4726,#4727));
#4726 = ORIENTED_EDGE('',*,*,#2867,.F.);
#4727 = ORIENTED_EDGE('',*,*,#2757,.T.);
#4728 = ADVANCED_FACE('',(#4729),#3412,.T.);
#4729 = FACE_BOUND('',#4730,.T.);
#4730 = EDGE_LOOP('',(#4731,#4754,#4787,#4808));
#4731 = ORIENTED_EDGE('',*,*,#4732,.T.);
#4732 = EDGE_CURVE('',#3390,#4733,#4735,.T.);
#4733 = VERTEX_POINT('',#4734);
#4734 = CARTESIAN_POINT('',(-179.01,-41.22432534317,8.076271631908));
#4735 = SURFACE_CURVE('',#4736,(#4740,#4747),.PCURVE_S1.);
#4736 = LINE('',#4737,#4738);
#4737 = CARTESIAN_POINT('',(-179.01,-39.95153313704,6.803479425773));
#4738 = VECTOR('',#4739,1.);
#4739 = DIRECTION('',(0.,-0.707106781187,0.707106781187));
#4740 = PCURVE('',#3412,#4741);
#4741 = DEFINITIONAL_REPRESENTATION('',(#4742),#4746);
#4742 = LINE('',#4743,#4744);
#4743 = CARTESIAN_POINT('',(4.712388980385,0.));
#4744 = VECTOR('',#4745,1.);
#4745 = DIRECTION('',(0.,-1.));
#4746 = ( GEOMETRIC_REPRESENTATION_CONTEXT(2) 
PARAMETRIC_REPRESENTATION_CONTEXT() REPRESENTATION_CONTEXT('2D SPACE',''
  ) );
#4747 = PCURVE('',#3621,#4748);
#4748 = DEFINITIONAL_REPRESENTATION('',(#4749),#4753);
#4749 = LINE('',#4750,#4751);
#4750 = CARTESIAN_POINT('',(0.,0.));
#4751 = VECTOR('',#4752,1.);
#4752 = DIRECTION('',(0.,-1.));
#4753 = ( GEOMETRIC_REPRESENTATION_CONTEXT(2) 
PARAMETRIC_REPRESENTATION_CONTEXT() REPRESENTATION_CONTEXT('2D SPACE',''
  ) );
#4754 = ORIENTED_EDGE('',*,*,#4755,.T.);
#4755 = EDGE_CURVE('',#4733,#4756,#4758,.T.);
#4756 = VERTEX_POINT('',#4757);
#4757 = CARTESIAN_POINT('',(-184.8,-37.1301770801,12.170419894978));
#4758 = SURFACE_CURVE('',#4759,(#4764,#4771),.PCURVE_S1.);
#4759 = CIRCLE('',#4760,5.79);
#4760 = AXIS2_PLACEMENT_3D('',#4761,#4762,#4763);
#4761 = CARTESIAN_POINT('',(-179.01,-37.1301770801,12.170419894978));
#4762 = DIRECTION('',(0.,0.707106781187,-0.707106781187));
#4763 = DIRECTION('',(-1.,0.,0.));
#4764 = PCURVE('',#3412,#4765);
#4765 = DEFINITIONAL_REPRESENTATION('',(#4766),#4770);
#4766 = LINE('',#4767,#4768);
#4767 = CARTESIAN_POINT('',(0.,-1.8));
#4768 = VECTOR('',#4769,1.);
#4769 = DIRECTION('',(1.,0.));
#4770 = ( GEOMETRIC_REPRESENTATION_CONTEXT(2) 
PARAMETRIC_REPRESENTATION_CONTEXT() REPRESENTATION_CONTEXT('2D SPACE',''
  ) );
#4771 = PCURVE('',#4772,#4777);
#4772 = PLANE('',#4773);
#4773 = AXIS2_PLACEMENT_3D('',#4774,#4775,#4776);
#4774 = CARTESIAN_POINT('',(-179.,-37.12310601229,12.17749096279));
#4775 = DIRECTION('',(0.,-0.707106781187,0.707106781187));
#4776 = DIRECTION('',(1.,0.,0.));
#4777 = DEFINITIONAL_REPRESENTATION('',(#4778),#4786);
#4778 = ( BOUNDED_CURVE() B_SPLINE_CURVE(2,(#4779,#4780,#4781,#4782,
#4783,#4784,#4785),.UNSPECIFIED.,.T.,.F.) B_SPLINE_CURVE_WITH_KNOTS((1,2
    ,2,2,2,1),(-2.094395102393,0.,2.094395102393,4.188790204786,
6.28318530718,8.377580409573),.UNSPECIFIED.) CURVE() 
GEOMETRIC_REPRESENTATION_ITEM() RATIONAL_B_SPLINE_CURVE((1.,0.5,1.,0.5,
1.,0.5,1.)) REPRESENTATION_ITEM('') );
#4779 = CARTESIAN_POINT('',(-5.8,-1.E-02));
#4780 = CARTESIAN_POINT('',(-5.8,10.018574175824));
#4781 = CARTESIAN_POINT('',(2.885,5.004287087912));
#4782 = CARTESIAN_POINT('',(11.57,-9.999999999998E-03));
#4783 = CARTESIAN_POINT('',(2.885,-5.024287087912));
#4784 = CARTESIAN_POINT('',(-5.8,-10.03857417582));
#4785 = CARTESIAN_POINT('',(-5.8,-1.E-02));
#4786 = ( GEOMETRIC_REPRESENTATION_CONTEXT(2) 
PARAMETRIC_REPRESENTATION_CONTEXT() REPRESENTATION_CONTEXT('2D SPACE',''
  ) );
#4787 = ORIENTED_EDGE('',*,*,#4788,.F.);
#4788 = EDGE_CURVE('',#3392,#4756,#4789,.T.);
#4789 = SURFACE_CURVE('',#4790,(#4794,#4801),.PCURVE_S1.);
#4790 = LINE('',#4791,#4792);
#4791 = CARTESIAN_POINT('',(-184.8,-35.85738487397,10.897627688843));
#4792 = VECTOR('',#4793,1.);
#4793 = DIRECTION('',(0.,-0.707106781187,0.707106781187));
#4794 = PCURVE('',#3412,#4795);
#4795 = DEFINITIONAL_REPRESENTATION('',(#4796),#4800);
#4796 = LINE('',#4797,#4798);
#4797 = CARTESIAN_POINT('',(6.28318530718,0.));
#4798 = VECTOR('',#4799,1.);
#4799 = DIRECTION('',(0.,-1.));
#4800 = ( GEOMETRIC_REPRESENTATION_CONTEXT(2) 
PARAMETRIC_REPRESENTATION_CONTEXT() REPRESENTATION_CONTEXT('2D SPACE',''
  ) );
#4801 = PCURVE('',#3440,#4802);
#4802 = DEFINITIONAL_REPRESENTATION('',(#4803),#4807);
#4803 = LINE('',#4804,#4805);
#4804 = CARTESIAN_POINT('',(0.,0.));
#4805 = VECTOR('',#4806,1.);
#4806 = DIRECTION('',(0.,-1.));
#4807 = ( GEOMETRIC_REPRESENTATION_CONTEXT(2) 
PARAMETRIC_REPRESENTATION_CONTEXT() REPRESENTATION_CONTEXT('2D SPACE',''
  ) );
#4808 = ORIENTED_EDGE('',*,*,#3389,.F.);
#4809 = ADVANCED_FACE('',(#4810),#3621,.F.);
#4810 = FACE_BOUND('',#4811,.F.);
#4811 = EDGE_LOOP('',(#4812,#4813,#4836,#4857));
#4812 = ORIENTED_EDGE('',*,*,#4732,.T.);
#4813 = ORIENTED_EDGE('',*,*,#4814,.T.);
#4814 = EDGE_CURVE('',#4733,#4815,#4817,.T.);
#4815 = VERTEX_POINT('',#4816);
#4816 = CARTESIAN_POINT('',(-178.99,-41.22432534317,8.076271631908));
#4817 = SURFACE_CURVE('',#4818,(#4822,#4829),.PCURVE_S1.);
#4818 = LINE('',#4819,#4820);
#4819 = CARTESIAN_POINT('',(-179.,-41.22432534317,8.076271631908));
#4820 = VECTOR('',#4821,1.);
#4821 = DIRECTION('',(1.,0.,0.));
#4822 = PCURVE('',#3621,#4823);
#4823 = DEFINITIONAL_REPRESENTATION('',(#4824),#4828);
#4824 = LINE('',#4825,#4826);
#4825 = CARTESIAN_POINT('',(9.999999999991E-03,-1.8));
#4826 = VECTOR('',#4827,1.);
#4827 = DIRECTION('',(1.,0.));
#4828 = ( GEOMETRIC_REPRESENTATION_CONTEXT(2) 
PARAMETRIC_REPRESENTATION_CONTEXT() REPRESENTATION_CONTEXT('2D SPACE',''
  ) );
#4829 = PCURVE('',#4772,#4830);
#4830 = DEFINITIONAL_REPRESENTATION('',(#4831),#4835);
#4831 = LINE('',#4832,#4833);
#4832 = CARTESIAN_POINT('',(4.111399457208E-16,-5.8));
#4833 = VECTOR('',#4834,1.);
#4834 = DIRECTION('',(1.,0.));
#4835 = ( GEOMETRIC_REPRESENTATION_CONTEXT(2) 
PARAMETRIC_REPRESENTATION_CONTEXT() REPRESENTATION_CONTEXT('2D SPACE',''
  ) );
#4836 = ORIENTED_EDGE('',*,*,#4837,.F.);
#4837 = EDGE_CURVE('',#3575,#4815,#4838,.T.);
#4838 = SURFACE_CURVE('',#4839,(#4843,#4850),.PCURVE_S1.);
#4839 = LINE('',#4840,#4841);
#4840 = CARTESIAN_POINT('',(-178.99,-39.95153313704,6.803479425773));
#4841 = VECTOR('',#4842,1.);
#4842 = DIRECTION('',(0.,-0.707106781187,0.707106781187));
#4843 = PCURVE('',#3621,#4844);
#4844 = DEFINITIONAL_REPRESENTATION('',(#4845),#4849);
#4845 = LINE('',#4846,#4847);
#4846 = CARTESIAN_POINT('',(1.999999999998E-02,0.));
#4847 = VECTOR('',#4848,1.);
#4848 = DIRECTION('',(0.,-1.));
#4849 = ( GEOMETRIC_REPRESENTATION_CONTEXT(2) 
PARAMETRIC_REPRESENTATION_CONTEXT() REPRESENTATION_CONTEXT('2D SPACE',''
  ) );
#4850 = PCURVE('',#3595,#4851);
#4851 = DEFINITIONAL_REPRESENTATION('',(#4852),#4856);
#4852 = LINE('',#4853,#4854);
#4853 = CARTESIAN_POINT('',(4.712388980385,0.));
#4854 = VECTOR('',#4855,1.);
#4855 = DIRECTION('',(0.,-1.));
#4856 = ( GEOMETRIC_REPRESENTATION_CONTEXT(2) 
PARAMETRIC_REPRESENTATION_CONTEXT() REPRESENTATION_CONTEXT('2D SPACE',''
  ) );
#4857 = ORIENTED_EDGE('',*,*,#3607,.F.);
#4858 = ADVANCED_FACE('',(#4859),#3440,.T.);
#4859 = FACE_BOUND('',#4860,.T.);
#4860 = EDGE_LOOP('',(#4861,#4862,#4885,#4906));
#4861 = ORIENTED_EDGE('',*,*,#4788,.T.);
#4862 = ORIENTED_EDGE('',*,*,#4863,.T.);
#4863 = EDGE_CURVE('',#4756,#4864,#4866,.T.);
#4864 = VERTEX_POINT('',#4865);
#4865 = CARTESIAN_POINT('',(-184.8,-37.11603494448,12.184562030602));
#4866 = SURFACE_CURVE('',#4867,(#4871,#4878),.PCURVE_S1.);
#4867 = LINE('',#4868,#4869);
#4868 = CARTESIAN_POINT('',(-184.8,-37.12310601229,12.17749096279));
#4869 = VECTOR('',#4870,1.);
#4870 = DIRECTION('',(0.,0.707106781187,0.707106781187));
#4871 = PCURVE('',#3440,#4872);
#4872 = DEFINITIONAL_REPRESENTATION('',(#4873),#4877);
#4873 = LINE('',#4874,#4875);
#4874 = CARTESIAN_POINT('',(1.000000000001E-02,-1.8));
#4875 = VECTOR('',#4876,1.);
#4876 = DIRECTION('',(1.,0.));
#4877 = ( GEOMETRIC_REPRESENTATION_CONTEXT(2) 
PARAMETRIC_REPRESENTATION_CONTEXT() REPRESENTATION_CONTEXT('2D SPACE',''
  ) );
#4878 = PCURVE('',#4772,#4879);
#4879 = DEFINITIONAL_REPRESENTATION('',(#4880),#4884);
#4880 = LINE('',#4881,#4882);
#4881 = CARTESIAN_POINT('',(-5.8,9.856193478124E-17));
#4882 = VECTOR('',#4883,1.);
#4883 = DIRECTION('',(0.,1.));
#4884 = ( GEOMETRIC_REPRESENTATION_CONTEXT(2) 
PARAMETRIC_REPRESENTATION_CONTEXT() REPRESENTATION_CONTEXT('2D SPACE',''
  ) );
#4885 = ORIENTED_EDGE('',*,*,#4886,.F.);
#4886 = EDGE_CURVE('',#3425,#4864,#4887,.T.);
#4887 = SURFACE_CURVE('',#4888,(#4892,#4899),.PCURVE_S1.);
#4888 = LINE('',#4889,#4890);
#4889 = CARTESIAN_POINT('',(-184.8,-35.84324273834,10.911769824466));
#4890 = VECTOR('',#4891,1.);
#4891 = DIRECTION('',(0.,-0.707106781187,0.707106781187));
#4892 = PCURVE('',#3440,#4893);
#4893 = DEFINITIONAL_REPRESENTATION('',(#4894),#4898);
#4894 = LINE('',#4895,#4896);
#4895 = CARTESIAN_POINT('',(2.E-02,0.));
#4896 = VECTOR('',#4897,1.);
#4897 = DIRECTION('',(0.,-1.));
#4898 = ( GEOMETRIC_REPRESENTATION_CONTEXT(2) 
PARAMETRIC_REPRESENTATION_CONTEXT() REPRESENTATION_CONTEXT('2D SPACE',''
  ) );
#4899 = PCURVE('',#3473,#4900);
#4900 = DEFINITIONAL_REPRESENTATION('',(#4901),#4905);
#4901 = LINE('',#4902,#4903);
#4902 = CARTESIAN_POINT('',(0.,0.));
#4903 = VECTOR('',#4904,1.);
#4904 = DIRECTION('',(0.,-1.));
#4905 = ( GEOMETRIC_REPRESENTATION_CONTEXT(2) 
PARAMETRIC_REPRESENTATION_CONTEXT() REPRESENTATION_CONTEXT('2D SPACE',''
  ) );
#4906 = ORIENTED_EDGE('',*,*,#3424,.F.);
#4907 = ADVANCED_FACE('',(#4908),#3595,.T.);
#4908 = FACE_BOUND('',#4909,.T.);
#4909 = EDGE_LOOP('',(#4910,#4933,#4959,#4960));
#4910 = ORIENTED_EDGE('',*,*,#4911,.T.);
#4911 = EDGE_CURVE('',#3547,#4912,#4914,.T.);
#4912 = VERTEX_POINT('',#4913);
#4913 = CARTESIAN_POINT('',(-173.2,-37.1301770801,12.170419894978));
#4914 = SURFACE_CURVE('',#4915,(#4919,#4926),.PCURVE_S1.);
#4915 = LINE('',#4916,#4917);
#4916 = CARTESIAN_POINT('',(-173.2,-35.85738487397,10.897627688843));
#4917 = VECTOR('',#4918,1.);
#4918 = DIRECTION('',(0.,-0.707106781187,0.707106781187));
#4919 = PCURVE('',#3595,#4920);
#4920 = DEFINITIONAL_REPRESENTATION('',(#4921),#4925);
#4921 = LINE('',#4922,#4923);
#4922 = CARTESIAN_POINT('',(3.14159265359,0.));
#4923 = VECTOR('',#4924,1.);
#4924 = DIRECTION('',(0.,-1.));
#4925 = ( GEOMETRIC_REPRESENTATION_CONTEXT(2) 
PARAMETRIC_REPRESENTATION_CONTEXT() REPRESENTATION_CONTEXT('2D SPACE',''
  ) );
#4926 = PCURVE('',#3562,#4927);
#4927 = DEFINITIONAL_REPRESENTATION('',(#4928),#4932);
#4928 = LINE('',#4929,#4930);
#4929 = CARTESIAN_POINT('',(0.,0.));
#4930 = VECTOR('',#4931,1.);
#4931 = DIRECTION('',(0.,-1.));
#4932 = ( GEOMETRIC_REPRESENTATION_CONTEXT(2) 
PARAMETRIC_REPRESENTATION_CONTEXT() REPRESENTATION_CONTEXT('2D SPACE',''
  ) );
#4933 = ORIENTED_EDGE('',*,*,#4934,.T.);
#4934 = EDGE_CURVE('',#4912,#4815,#4935,.T.);
#4935 = SURFACE_CURVE('',#4936,(#4941,#4948),.PCURVE_S1.);
#4936 = CIRCLE('',#4937,5.79);
#4937 = AXIS2_PLACEMENT_3D('',#4938,#4939,#4940);
#4938 = CARTESIAN_POINT('',(-178.99,-37.1301770801,12.170419894978));
#4939 = DIRECTION('',(0.,0.707106781187,-0.707106781187));
#4940 = DIRECTION('',(-1.,0.,0.));
#4941 = PCURVE('',#3595,#4942);
#4942 = DEFINITIONAL_REPRESENTATION('',(#4943),#4947);
#4943 = LINE('',#4944,#4945);
#4944 = CARTESIAN_POINT('',(0.,-1.8));
#4945 = VECTOR('',#4946,1.);
#4946 = DIRECTION('',(1.,0.));
#4947 = ( GEOMETRIC_REPRESENTATION_CONTEXT(2) 
PARAMETRIC_REPRESENTATION_CONTEXT() REPRESENTATION_CONTEXT('2D SPACE',''
  ) );
#4948 = PCURVE('',#4772,#4949);
#4949 = DEFINITIONAL_REPRESENTATION('',(#4950),#4958);
#4950 = ( BOUNDED_CURVE() B_SPLINE_CURVE(2,(#4951,#4952,#4953,#4954,
#4955,#4956,#4957),.UNSPECIFIED.,.T.,.F.) B_SPLINE_CURVE_WITH_KNOTS((1,2
    ,2,2,2,1),(-2.094395102393,0.,2.094395102393,4.188790204786,
6.28318530718,8.377580409573),.UNSPECIFIED.) CURVE() 
GEOMETRIC_REPRESENTATION_ITEM() RATIONAL_B_SPLINE_CURVE((1.,0.5,1.,0.5,
1.,0.5,1.)) REPRESENTATION_ITEM('') );
#4951 = CARTESIAN_POINT('',(-5.78,-1.E-02));
#4952 = CARTESIAN_POINT('',(-5.78,10.018574175824));
#4953 = CARTESIAN_POINT('',(2.905,5.004287087912));
#4954 = CARTESIAN_POINT('',(11.59,-9.999999999998E-03));
#4955 = CARTESIAN_POINT('',(2.905,-5.024287087912));
#4956 = CARTESIAN_POINT('',(-5.78,-10.03857417582));
#4957 = CARTESIAN_POINT('',(-5.78,-1.E-02));
#4958 = ( GEOMETRIC_REPRESENTATION_CONTEXT(2) 
PARAMETRIC_REPRESENTATION_CONTEXT() REPRESENTATION_CONTEXT('2D SPACE',''
  ) );
#4959 = ORIENTED_EDGE('',*,*,#4837,.F.);
#4960 = ORIENTED_EDGE('',*,*,#3574,.F.);
#4961 = ADVANCED_FACE('',(#4962),#3473,.T.);
#4962 = FACE_BOUND('',#4963,.T.);
#4963 = EDGE_LOOP('',(#4964,#4965,#4993,#5014));
#4964 = ORIENTED_EDGE('',*,*,#4886,.T.);
#4965 = ORIENTED_EDGE('',*,*,#4966,.T.);
#4966 = EDGE_CURVE('',#4864,#4967,#4969,.T.);
#4967 = VERTEX_POINT('',#4968);
#4968 = CARTESIAN_POINT('',(-179.01,-33.02188668141,16.278710293672));
#4969 = SURFACE_CURVE('',#4970,(#4975,#4982),.PCURVE_S1.);
#4970 = CIRCLE('',#4971,5.79);
#4971 = AXIS2_PLACEMENT_3D('',#4972,#4973,#4974);
#4972 = CARTESIAN_POINT('',(-179.01,-37.11603494448,12.184562030602));
#4973 = DIRECTION('',(0.,0.707106781187,-0.707106781187));
#4974 = DIRECTION('',(-1.,0.,0.));
#4975 = PCURVE('',#3473,#4976);
#4976 = DEFINITIONAL_REPRESENTATION('',(#4977),#4981);
#4977 = LINE('',#4978,#4979);
#4978 = CARTESIAN_POINT('',(0.,-1.8));
#4979 = VECTOR('',#4980,1.);
#4980 = DIRECTION('',(1.,0.));
#4981 = ( GEOMETRIC_REPRESENTATION_CONTEXT(2) 
PARAMETRIC_REPRESENTATION_CONTEXT() REPRESENTATION_CONTEXT('2D SPACE',''
  ) );
#4982 = PCURVE('',#4772,#4983);
#4983 = DEFINITIONAL_REPRESENTATION('',(#4984),#4992);
#4984 = ( BOUNDED_CURVE() B_SPLINE_CURVE(2,(#4985,#4986,#4987,#4988,
#4989,#4990,#4991),.UNSPECIFIED.,.T.,.F.) B_SPLINE_CURVE_WITH_KNOTS((1,2
    ,2,2,2,1),(-2.094395102393,0.,2.094395102393,4.188790204786,
6.28318530718,8.377580409573),.UNSPECIFIED.) CURVE() 
GEOMETRIC_REPRESENTATION_ITEM() RATIONAL_B_SPLINE_CURVE((1.,0.5,1.,0.5,
1.,0.5,1.)) REPRESENTATION_ITEM('') );
#4985 = CARTESIAN_POINT('',(-5.8,1.E-02));
#4986 = CARTESIAN_POINT('',(-5.8,10.038574175824));
#4987 = CARTESIAN_POINT('',(2.885,5.024287087912));
#4988 = CARTESIAN_POINT('',(11.57,1.E-02));
#4989 = CARTESIAN_POINT('',(2.885,-5.004287087912));
#4990 = CARTESIAN_POINT('',(-5.8,-10.01857417582));
#4991 = CARTESIAN_POINT('',(-5.8,1.E-02));
#4992 = ( GEOMETRIC_REPRESENTATION_CONTEXT(2) 
PARAMETRIC_REPRESENTATION_CONTEXT() REPRESENTATION_CONTEXT('2D SPACE',''
  ) );
#4993 = ORIENTED_EDGE('',*,*,#4994,.F.);
#4994 = EDGE_CURVE('',#3453,#4967,#4995,.T.);
#4995 = SURFACE_CURVE('',#4996,(#5000,#5007),.PCURVE_S1.);
#4996 = LINE('',#4997,#4998);
#4997 = CARTESIAN_POINT('',(-179.01,-31.74909447527,15.005918087536));
#4998 = VECTOR('',#4999,1.);
#4999 = DIRECTION('',(0.,-0.707106781187,0.707106781187));
#5000 = PCURVE('',#3473,#5001);
#5001 = DEFINITIONAL_REPRESENTATION('',(#5002),#5006);
#5002 = LINE('',#5003,#5004);
#5003 = CARTESIAN_POINT('',(1.570796326795,0.));
#5004 = VECTOR('',#5005,1.);
#5005 = DIRECTION('',(0.,-1.));
#5006 = ( GEOMETRIC_REPRESENTATION_CONTEXT(2) 
PARAMETRIC_REPRESENTATION_CONTEXT() REPRESENTATION_CONTEXT('2D SPACE',''
  ) );
#5007 = PCURVE('',#3501,#5008);
#5008 = DEFINITIONAL_REPRESENTATION('',(#5009),#5013);
#5009 = LINE('',#5010,#5011);
#5010 = CARTESIAN_POINT('',(0.,0.));
#5011 = VECTOR('',#5012,1.);
#5012 = DIRECTION('',(0.,-1.));
#5013 = ( GEOMETRIC_REPRESENTATION_CONTEXT(2) 
PARAMETRIC_REPRESENTATION_CONTEXT() REPRESENTATION_CONTEXT('2D SPACE',''
  ) );
#5014 = ORIENTED_EDGE('',*,*,#3452,.F.);
#5015 = ADVANCED_FACE('',(#5016),#3562,.F.);
#5016 = FACE_BOUND('',#5017,.F.);
#5017 = EDGE_LOOP('',(#5018,#5019,#5042,#5063));
#5018 = ORIENTED_EDGE('',*,*,#4911,.T.);
#5019 = ORIENTED_EDGE('',*,*,#5020,.T.);
#5020 = EDGE_CURVE('',#4912,#5021,#5023,.T.);
#5021 = VERTEX_POINT('',#5022);
#5022 = CARTESIAN_POINT('',(-173.2,-37.11603494448,12.184562030602));
#5023 = SURFACE_CURVE('',#5024,(#5028,#5035),.PCURVE_S1.);
#5024 = LINE('',#5025,#5026);
#5025 = CARTESIAN_POINT('',(-173.2,-37.12310601229,12.17749096279));
#5026 = VECTOR('',#5027,1.);
#5027 = DIRECTION('',(0.,0.707106781187,0.707106781187));
#5028 = PCURVE('',#3562,#5029);
#5029 = DEFINITIONAL_REPRESENTATION('',(#5030),#5034);
#5030 = LINE('',#5031,#5032);
#5031 = CARTESIAN_POINT('',(9.999999999998E-03,-1.8));
#5032 = VECTOR('',#5033,1.);
#5033 = DIRECTION('',(1.,0.));
#5034 = ( GEOMETRIC_REPRESENTATION_CONTEXT(2) 
PARAMETRIC_REPRESENTATION_CONTEXT() REPRESENTATION_CONTEXT('2D SPACE',''
  ) );
#5035 = PCURVE('',#4772,#5036);
#5036 = DEFINITIONAL_REPRESENTATION('',(#5037),#5041);
#5037 = LINE('',#5038,#5039);
#5038 = CARTESIAN_POINT('',(5.8,9.856193478124E-17));
#5039 = VECTOR('',#5040,1.);
#5040 = DIRECTION('',(0.,1.));
#5041 = ( GEOMETRIC_REPRESENTATION_CONTEXT(2) 
PARAMETRIC_REPRESENTATION_CONTEXT() REPRESENTATION_CONTEXT('2D SPACE',''
  ) );
#5042 = ORIENTED_EDGE('',*,*,#5043,.F.);
#5043 = EDGE_CURVE('',#3514,#5021,#5044,.T.);
#5044 = SURFACE_CURVE('',#5045,(#5049,#5056),.PCURVE_S1.);
#5045 = LINE('',#5046,#5047);
#5046 = CARTESIAN_POINT('',(-173.2,-35.84324273834,10.911769824466));
#5047 = VECTOR('',#5048,1.);
#5048 = DIRECTION('',(0.,-0.707106781187,0.707106781187));
#5049 = PCURVE('',#3562,#5050);
#5050 = DEFINITIONAL_REPRESENTATION('',(#5051),#5055);
#5051 = LINE('',#5052,#5053);
#5052 = CARTESIAN_POINT('',(2.E-02,0.));
#5053 = VECTOR('',#5054,1.);
#5054 = DIRECTION('',(0.,-1.));
#5055 = ( GEOMETRIC_REPRESENTATION_CONTEXT(2) 
PARAMETRIC_REPRESENTATION_CONTEXT() REPRESENTATION_CONTEXT('2D SPACE',''
  ) );
#5056 = PCURVE('',#3534,#5057);
#5057 = DEFINITIONAL_REPRESENTATION('',(#5058),#5062);
#5058 = LINE('',#5059,#5060);
#5059 = CARTESIAN_POINT('',(3.14159265359,0.));
#5060 = VECTOR('',#5061,1.);
#5061 = DIRECTION('',(0.,-1.));
#5062 = ( GEOMETRIC_REPRESENTATION_CONTEXT(2) 
PARAMETRIC_REPRESENTATION_CONTEXT() REPRESENTATION_CONTEXT('2D SPACE',''
  ) );
#5063 = ORIENTED_EDGE('',*,*,#3546,.F.);
#5064 = ADVANCED_FACE('',(#5065),#3501,.T.);
#5065 = FACE_BOUND('',#5066,.T.);
#5066 = EDGE_LOOP('',(#5067,#5068,#5091,#5112));
#5067 = ORIENTED_EDGE('',*,*,#4994,.T.);
#5068 = ORIENTED_EDGE('',*,*,#5069,.T.);
#5069 = EDGE_CURVE('',#4967,#5070,#5072,.T.);
#5070 = VERTEX_POINT('',#5071);
#5071 = CARTESIAN_POINT('',(-178.99,-33.02188668141,16.278710293672));
#5072 = SURFACE_CURVE('',#5073,(#5077,#5084),.PCURVE_S1.);
#5073 = LINE('',#5074,#5075);
#5074 = CARTESIAN_POINT('',(-179.,-33.02188668141,16.278710293672));
#5075 = VECTOR('',#5076,1.);
#5076 = DIRECTION('',(1.,0.,0.));
#5077 = PCURVE('',#3501,#5078);
#5078 = DEFINITIONAL_REPRESENTATION('',(#5079),#5083);
#5079 = LINE('',#5080,#5081);
#5080 = CARTESIAN_POINT('',(9.999999999991E-03,-1.8));
#5081 = VECTOR('',#5082,1.);
#5082 = DIRECTION('',(1.,0.));
#5083 = ( GEOMETRIC_REPRESENTATION_CONTEXT(2) 
PARAMETRIC_REPRESENTATION_CONTEXT() REPRESENTATION_CONTEXT('2D SPACE',''
  ) );
#5084 = PCURVE('',#4772,#5085);
#5085 = DEFINITIONAL_REPRESENTATION('',(#5086),#5090);
#5086 = LINE('',#5087,#5088);
#5087 = CARTESIAN_POINT('',(4.111399457208E-16,5.8));
#5088 = VECTOR('',#5089,1.);
#5089 = DIRECTION('',(1.,0.));
#5090 = ( GEOMETRIC_REPRESENTATION_CONTEXT(2) 
PARAMETRIC_REPRESENTATION_CONTEXT() REPRESENTATION_CONTEXT('2D SPACE',''
  ) );
#5091 = ORIENTED_EDGE('',*,*,#5092,.F.);
#5092 = EDGE_CURVE('',#3486,#5070,#5093,.T.);
#5093 = SURFACE_CURVE('',#5094,(#5098,#5105),.PCURVE_S1.);
#5094 = LINE('',#5095,#5096);
#5095 = CARTESIAN_POINT('',(-178.99,-31.74909447527,15.005918087536));
#5096 = VECTOR('',#5097,1.);
#5097 = DIRECTION('',(0.,-0.707106781187,0.707106781187));
#5098 = PCURVE('',#3501,#5099);
#5099 = DEFINITIONAL_REPRESENTATION('',(#5100),#5104);
#5100 = LINE('',#5101,#5102);
#5101 = CARTESIAN_POINT('',(1.999999999998E-02,0.));
#5102 = VECTOR('',#5103,1.);
#5103 = DIRECTION('',(0.,-1.));
#5104 = ( GEOMETRIC_REPRESENTATION_CONTEXT(2) 
PARAMETRIC_REPRESENTATION_CONTEXT() REPRESENTATION_CONTEXT('2D SPACE',''
  ) );
#5105 = PCURVE('',#3534,#5106);
#5106 = DEFINITIONAL_REPRESENTATION('',(#5107),#5111);
#5107 = LINE('',#5108,#5109);
#5108 = CARTESIAN_POINT('',(1.570796326795,0.));
#5109 = VECTOR('',#5110,1.);
#5110 = DIRECTION('',(0.,-1.));
#5111 = ( GEOMETRIC_REPRESENTATION_CONTEXT(2) 
PARAMETRIC_REPRESENTATION_CONTEXT() REPRESENTATION_CONTEXT('2D SPACE',''
  ) );
#5112 = ORIENTED_EDGE('',*,*,#3485,.F.);
#5113 = ADVANCED_FACE('',(#5114),#3534,.T.);
#5114 = FACE_BOUND('',#5115,.T.);
#5115 = EDGE_LOOP('',(#5116,#5117,#5143,#5144));
#5116 = ORIENTED_EDGE('',*,*,#5092,.T.);
#5117 = ORIENTED_EDGE('',*,*,#5118,.T.);
#5118 = EDGE_CURVE('',#5070,#5021,#5119,.T.);
#5119 = SURFACE_CURVE('',#5120,(#5125,#5132),.PCURVE_S1.);
#5120 = CIRCLE('',#5121,5.79);
#5121 = AXIS2_PLACEMENT_3D('',#5122,#5123,#5124);
#5122 = CARTESIAN_POINT('',(-178.99,-37.11603494448,12.184562030602));
#5123 = DIRECTION('',(0.,0.707106781187,-0.707106781187));
#5124 = DIRECTION('',(-1.,0.,0.));
#5125 = PCURVE('',#3534,#5126);
#5126 = DEFINITIONAL_REPRESENTATION('',(#5127),#5131);
#5127 = LINE('',#5128,#5129);
#5128 = CARTESIAN_POINT('',(0.,-1.8));
#5129 = VECTOR('',#5130,1.);
#5130 = DIRECTION('',(1.,0.));
#5131 = ( GEOMETRIC_REPRESENTATION_CONTEXT(2) 
PARAMETRIC_REPRESENTATION_CONTEXT() REPRESENTATION_CONTEXT('2D SPACE',''
  ) );
#5132 = PCURVE('',#4772,#5133);
#5133 = DEFINITIONAL_REPRESENTATION('',(#5134),#5142);
#5134 = ( BOUNDED_CURVE() B_SPLINE_CURVE(2,(#5135,#5136,#5137,#5138,
#5139,#5140,#5141),.UNSPECIFIED.,.T.,.F.) B_SPLINE_CURVE_WITH_KNOTS((1,2
    ,2,2,2,1),(-2.094395102393,0.,2.094395102393,4.188790204786,
6.28318530718,8.377580409573),.UNSPECIFIED.) CURVE() 
GEOMETRIC_REPRESENTATION_ITEM() RATIONAL_B_SPLINE_CURVE((1.,0.5,1.,0.5,
1.,0.5,1.)) REPRESENTATION_ITEM('') );
#5135 = CARTESIAN_POINT('',(-5.78,1.E-02));
#5136 = CARTESIAN_POINT('',(-5.78,10.038574175824));
#5137 = CARTESIAN_POINT('',(2.905,5.024287087912));
#5138 = CARTESIAN_POINT('',(11.59,1.E-02));
#5139 = CARTESIAN_POINT('',(2.905,-5.004287087912));
#5140 = CARTESIAN_POINT('',(-5.78,-10.01857417582));
#5141 = CARTESIAN_POINT('',(-5.78,1.E-02));
#5142 = ( GEOMETRIC_REPRESENTATION_CONTEXT(2) 
PARAMETRIC_REPRESENTATION_CONTEXT() REPRESENTATION_CONTEXT('2D SPACE',''
  ) );
#5143 = ORIENTED_EDGE('',*,*,#5043,.F.);
#5144 = ORIENTED_EDGE('',*,*,#3513,.F.);
#5145 = ADVANCED_FACE('',(#5146),#3658,.T.);
#5146 = FACE_BOUND('',#5147,.T.);
#5147 = EDGE_LOOP('',(#5148,#5171,#5204,#5225));
#5148 = ORIENTED_EDGE('',*,*,#5149,.T.);
#5149 = EDGE_CURVE('',#3636,#5150,#5152,.T.);
#5150 = VERTEX_POINT('',#5151);
#5151 = CARTESIAN_POINT('',(-179.01,33.304729393886,82.60532636897));
#5152 = SURFACE_CURVE('',#5153,(#5157,#5164),.PCURVE_S1.);
#5153 = LINE('',#5154,#5155);
#5154 = CARTESIAN_POINT('',(-179.01,34.577521600022,81.332534162835));
#5155 = VECTOR('',#5156,1.);
#5156 = DIRECTION('',(0.,-0.707106781187,0.707106781187));
#5157 = PCURVE('',#3658,#5158);
#5158 = DEFINITIONAL_REPRESENTATION('',(#5159),#5163);
#5159 = LINE('',#5160,#5161);
#5160 = CARTESIAN_POINT('',(4.712388980385,0.));
#5161 = VECTOR('',#5162,1.);
#5162 = DIRECTION('',(0.,-1.));
#5163 = ( GEOMETRIC_REPRESENTATION_CONTEXT(2) 
PARAMETRIC_REPRESENTATION_CONTEXT() REPRESENTATION_CONTEXT('2D SPACE',''
  ) );
#5164 = PCURVE('',#3867,#5165);
#5165 = DEFINITIONAL_REPRESENTATION('',(#5166),#5170);
#5166 = LINE('',#5167,#5168);
#5167 = CARTESIAN_POINT('',(0.,0.));
#5168 = VECTOR('',#5169,1.);
#5169 = DIRECTION('',(0.,-1.));
#5170 = ( GEOMETRIC_REPRESENTATION_CONTEXT(2) 
PARAMETRIC_REPRESENTATION_CONTEXT() REPRESENTATION_CONTEXT('2D SPACE',''
  ) );
#5171 = ORIENTED_EDGE('',*,*,#5172,.T.);
#5172 = EDGE_CURVE('',#5150,#5173,#5175,.T.);
#5173 = VERTEX_POINT('',#5174);
#5174 = CARTESIAN_POINT('',(-184.8,37.398877656957,86.699474632041));
#5175 = SURFACE_CURVE('',#5176,(#5181,#5188),.PCURVE_S1.);
#5176 = CIRCLE('',#5177,5.79);
#5177 = AXIS2_PLACEMENT_3D('',#5178,#5179,#5180);
#5178 = CARTESIAN_POINT('',(-179.01,37.398877656957,86.699474632041));
#5179 = DIRECTION('',(0.,0.707106781187,-0.707106781187));
#5180 = DIRECTION('',(-1.,0.,0.));
#5181 = PCURVE('',#3658,#5182);
#5182 = DEFINITIONAL_REPRESENTATION('',(#5183),#5187);
#5183 = LINE('',#5184,#5185);
#5184 = CARTESIAN_POINT('',(0.,-1.8));
#5185 = VECTOR('',#5186,1.);
#5186 = DIRECTION('',(1.,0.));
#5187 = ( GEOMETRIC_REPRESENTATION_CONTEXT(2) 
PARAMETRIC_REPRESENTATION_CONTEXT() REPRESENTATION_CONTEXT('2D SPACE',''
  ) );
#5188 = PCURVE('',#5189,#5194);
#5189 = PLANE('',#5190);
#5190 = AXIS2_PLACEMENT_3D('',#5191,#5192,#5193);
#5191 = CARTESIAN_POINT('',(-179.,37.405948724768,86.706545699852));
#5192 = DIRECTION('',(0.,-0.707106781187,0.707106781187));
#5193 = DIRECTION('',(1.,0.,0.));
#5194 = DEFINITIONAL_REPRESENTATION('',(#5195),#5203);
#5195 = ( BOUNDED_CURVE() B_SPLINE_CURVE(2,(#5196,#5197,#5198,#5199,
#5200,#5201,#5202),.UNSPECIFIED.,.T.,.F.) B_SPLINE_CURVE_WITH_KNOTS((1,2
    ,2,2,2,1),(-2.094395102393,0.,2.094395102393,4.188790204786,
6.28318530718,8.377580409573),.UNSPECIFIED.) CURVE() 
GEOMETRIC_REPRESENTATION_ITEM() RATIONAL_B_SPLINE_CURVE((1.,0.5,1.,0.5,
1.,0.5,1.)) REPRESENTATION_ITEM('') );
#5196 = CARTESIAN_POINT('',(-5.8,-1.E-02));
#5197 = CARTESIAN_POINT('',(-5.8,10.018574175824));
#5198 = CARTESIAN_POINT('',(2.885,5.004287087912));
#5199 = CARTESIAN_POINT('',(11.57,-9.999999999998E-03));
#5200 = CARTESIAN_POINT('',(2.885,-5.024287087912));
#5201 = CARTESIAN_POINT('',(-5.8,-10.03857417582));
#5202 = CARTESIAN_POINT('',(-5.8,-1.E-02));
#5203 = ( GEOMETRIC_REPRESENTATION_CONTEXT(2) 
PARAMETRIC_REPRESENTATION_CONTEXT() REPRESENTATION_CONTEXT('2D SPACE',''
  ) );
#5204 = ORIENTED_EDGE('',*,*,#5205,.F.);
#5205 = EDGE_CURVE('',#3638,#5173,#5206,.T.);
#5206 = SURFACE_CURVE('',#5207,(#5211,#5218),.PCURVE_S1.);
#5207 = LINE('',#5208,#5209);
#5208 = CARTESIAN_POINT('',(-184.8,38.671669863092,85.426682425905));
#5209 = VECTOR('',#5210,1.);
#5210 = DIRECTION('',(0.,-0.707106781187,0.707106781187));
#5211 = PCURVE('',#3658,#5212);
#5212 = DEFINITIONAL_REPRESENTATION('',(#5213),#5217);
#5213 = LINE('',#5214,#5215);
#5214 = CARTESIAN_POINT('',(6.28318530718,0.));
#5215 = VECTOR('',#5216,1.);
#5216 = DIRECTION('',(0.,-1.));
#5217 = ( GEOMETRIC_REPRESENTATION_CONTEXT(2) 
PARAMETRIC_REPRESENTATION_CONTEXT() REPRESENTATION_CONTEXT('2D SPACE',''
  ) );
#5218 = PCURVE('',#3686,#5219);
#5219 = DEFINITIONAL_REPRESENTATION('',(#5220),#5224);
#5220 = LINE('',#5221,#5222);
#5221 = CARTESIAN_POINT('',(0.,0.));
#5222 = VECTOR('',#5223,1.);
#5223 = DIRECTION('',(0.,-1.));
#5224 = ( GEOMETRIC_REPRESENTATION_CONTEXT(2) 
PARAMETRIC_REPRESENTATION_CONTEXT() REPRESENTATION_CONTEXT('2D SPACE',''
  ) );
#5225 = ORIENTED_EDGE('',*,*,#3635,.F.);
#5226 = ADVANCED_FACE('',(#5227),#3867,.F.);
#5227 = FACE_BOUND('',#5228,.F.);
#5228 = EDGE_LOOP('',(#5229,#5230,#5253,#5274));
#5229 = ORIENTED_EDGE('',*,*,#5149,.T.);
#5230 = ORIENTED_EDGE('',*,*,#5231,.T.);
#5231 = EDGE_CURVE('',#5150,#5232,#5234,.T.);
#5232 = VERTEX_POINT('',#5233);
#5233 = CARTESIAN_POINT('',(-178.99,33.304729393886,82.60532636897));
#5234 = SURFACE_CURVE('',#5235,(#5239,#5246),.PCURVE_S1.);
#5235 = LINE('',#5236,#5237);
#5236 = CARTESIAN_POINT('',(-179.,33.304729393886,82.60532636897));
#5237 = VECTOR('',#5238,1.);
#5238 = DIRECTION('',(1.,0.,0.));
#5239 = PCURVE('',#3867,#5240);
#5240 = DEFINITIONAL_REPRESENTATION('',(#5241),#5245);
#5241 = LINE('',#5242,#5243);
#5242 = CARTESIAN_POINT('',(9.999999999991E-03,-1.8));
#5243 = VECTOR('',#5244,1.);
#5244 = DIRECTION('',(1.,0.));
#5245 = ( GEOMETRIC_REPRESENTATION_CONTEXT(2) 
PARAMETRIC_REPRESENTATION_CONTEXT() REPRESENTATION_CONTEXT('2D SPACE',''
  ) );
#5246 = PCURVE('',#5189,#5247);
#5247 = DEFINITIONAL_REPRESENTATION('',(#5248),#5252);
#5248 = LINE('',#5249,#5250);
#5249 = CARTESIAN_POINT('',(4.111399457208E-16,-5.8));
#5250 = VECTOR('',#5251,1.);
#5251 = DIRECTION('',(1.,0.));
#5252 = ( GEOMETRIC_REPRESENTATION_CONTEXT(2) 
PARAMETRIC_REPRESENTATION_CONTEXT() REPRESENTATION_CONTEXT('2D SPACE',''
  ) );
#5253 = ORIENTED_EDGE('',*,*,#5254,.F.);
#5254 = EDGE_CURVE('',#3821,#5232,#5255,.T.);
#5255 = SURFACE_CURVE('',#5256,(#5260,#5267),.PCURVE_S1.);
#5256 = LINE('',#5257,#5258);
#5257 = CARTESIAN_POINT('',(-178.99,34.577521600022,81.332534162835));
#5258 = VECTOR('',#5259,1.);
#5259 = DIRECTION('',(0.,-0.707106781187,0.707106781187));
#5260 = PCURVE('',#3867,#5261);
#5261 = DEFINITIONAL_REPRESENTATION('',(#5262),#5266);
#5262 = LINE('',#5263,#5264);
#5263 = CARTESIAN_POINT('',(1.999999999998E-02,0.));
#5264 = VECTOR('',#5265,1.);
#5265 = DIRECTION('',(0.,-1.));
#5266 = ( GEOMETRIC_REPRESENTATION_CONTEXT(2) 
PARAMETRIC_REPRESENTATION_CONTEXT() REPRESENTATION_CONTEXT('2D SPACE',''
  ) );
#5267 = PCURVE('',#3841,#5268);
#5268 = DEFINITIONAL_REPRESENTATION('',(#5269),#5273);
#5269 = LINE('',#5270,#5271);
#5270 = CARTESIAN_POINT('',(4.712388980385,0.));
#5271 = VECTOR('',#5272,1.);
#5272 = DIRECTION('',(0.,-1.));
#5273 = ( GEOMETRIC_REPRESENTATION_CONTEXT(2) 
PARAMETRIC_REPRESENTATION_CONTEXT() REPRESENTATION_CONTEXT('2D SPACE',''
  ) );
#5274 = ORIENTED_EDGE('',*,*,#3853,.F.);
#5275 = ADVANCED_FACE('',(#5276),#3686,.T.);
#5276 = FACE_BOUND('',#5277,.T.);
#5277 = EDGE_LOOP('',(#5278,#5279,#5302,#5323));
#5278 = ORIENTED_EDGE('',*,*,#5205,.T.);
#5279 = ORIENTED_EDGE('',*,*,#5280,.T.);
#5280 = EDGE_CURVE('',#5173,#5281,#5283,.T.);
#5281 = VERTEX_POINT('',#5282);
#5282 = CARTESIAN_POINT('',(-184.8,37.41301979258,86.713616767664));
#5283 = SURFACE_CURVE('',#5284,(#5288,#5295),.PCURVE_S1.);
#5284 = LINE('',#5285,#5286);
#5285 = CARTESIAN_POINT('',(-184.8,37.405948724768,86.706545699852));
#5286 = VECTOR('',#5287,1.);
#5287 = DIRECTION('',(0.,0.707106781187,0.707106781187));
#5288 = PCURVE('',#3686,#5289);
#5289 = DEFINITIONAL_REPRESENTATION('',(#5290),#5294);
#5290 = LINE('',#5291,#5292);
#5291 = CARTESIAN_POINT('',(1.000000000001E-02,-1.8));
#5292 = VECTOR('',#5293,1.);
#5293 = DIRECTION('',(1.,0.));
#5294 = ( GEOMETRIC_REPRESENTATION_CONTEXT(2) 
PARAMETRIC_REPRESENTATION_CONTEXT() REPRESENTATION_CONTEXT('2D SPACE',''
  ) );
#5295 = PCURVE('',#5189,#5296);
#5296 = DEFINITIONAL_REPRESENTATION('',(#5297),#5301);
#5297 = LINE('',#5298,#5299);
#5298 = CARTESIAN_POINT('',(-5.8,9.856193478124E-17));
#5299 = VECTOR('',#5300,1.);
#5300 = DIRECTION('',(0.,1.));
#5301 = ( GEOMETRIC_REPRESENTATION_CONTEXT(2) 
PARAMETRIC_REPRESENTATION_CONTEXT() REPRESENTATION_CONTEXT('2D SPACE',''
  ) );
#5302 = ORIENTED_EDGE('',*,*,#5303,.F.);
#5303 = EDGE_CURVE('',#3671,#5281,#5304,.T.);
#5304 = SURFACE_CURVE('',#5305,(#5309,#5316),.PCURVE_S1.);
#5305 = LINE('',#5306,#5307);
#5306 = CARTESIAN_POINT('',(-184.8,38.685811998716,85.440824561528));
#5307 = VECTOR('',#5308,1.);
#5308 = DIRECTION('',(0.,-0.707106781187,0.707106781187));
#5309 = PCURVE('',#3686,#5310);
#5310 = DEFINITIONAL_REPRESENTATION('',(#5311),#5315);
#5311 = LINE('',#5312,#5313);
#5312 = CARTESIAN_POINT('',(2.E-02,0.));
#5313 = VECTOR('',#5314,1.);
#5314 = DIRECTION('',(0.,-1.));
#5315 = ( GEOMETRIC_REPRESENTATION_CONTEXT(2) 
PARAMETRIC_REPRESENTATION_CONTEXT() REPRESENTATION_CONTEXT('2D SPACE',''
  ) );
#5316 = PCURVE('',#3719,#5317);
#5317 = DEFINITIONAL_REPRESENTATION('',(#5318),#5322);
#5318 = LINE('',#5319,#5320);
#5319 = CARTESIAN_POINT('',(0.,0.));
#5320 = VECTOR('',#5321,1.);
#5321 = DIRECTION('',(0.,-1.));
#5322 = ( GEOMETRIC_REPRESENTATION_CONTEXT(2) 
PARAMETRIC_REPRESENTATION_CONTEXT() REPRESENTATION_CONTEXT('2D SPACE',''
  ) );
#5323 = ORIENTED_EDGE('',*,*,#3670,.F.);
#5324 = ADVANCED_FACE('',(#5325),#3841,.T.);
#5325 = FACE_BOUND('',#5326,.T.);
#5326 = EDGE_LOOP('',(#5327,#5350,#5376,#5377));
#5327 = ORIENTED_EDGE('',*,*,#5328,.T.);
#5328 = EDGE_CURVE('',#3793,#5329,#5331,.T.);
#5329 = VERTEX_POINT('',#5330);
#5330 = CARTESIAN_POINT('',(-173.2,37.398877656957,86.699474632041));
#5331 = SURFACE_CURVE('',#5332,(#5336,#5343),.PCURVE_S1.);
#5332 = LINE('',#5333,#5334);
#5333 = CARTESIAN_POINT('',(-173.2,38.671669863092,85.426682425905));
#5334 = VECTOR('',#5335,1.);
#5335 = DIRECTION('',(0.,-0.707106781187,0.707106781187));
#5336 = PCURVE('',#3841,#5337);
#5337 = DEFINITIONAL_REPRESENTATION('',(#5338),#5342);
#5338 = LINE('',#5339,#5340);
#5339 = CARTESIAN_POINT('',(3.14159265359,0.));
#5340 = VECTOR('',#5341,1.);
#5341 = DIRECTION('',(0.,-1.));
#5342 = ( GEOMETRIC_REPRESENTATION_CONTEXT(2) 
PARAMETRIC_REPRESENTATION_CONTEXT() REPRESENTATION_CONTEXT('2D SPACE',''
  ) );
#5343 = PCURVE('',#3808,#5344);
#5344 = DEFINITIONAL_REPRESENTATION('',(#5345),#5349);
#5345 = LINE('',#5346,#5347);
#5346 = CARTESIAN_POINT('',(0.,0.));
#5347 = VECTOR('',#5348,1.);
#5348 = DIRECTION('',(0.,-1.));
#5349 = ( GEOMETRIC_REPRESENTATION_CONTEXT(2) 
PARAMETRIC_REPRESENTATION_CONTEXT() REPRESENTATION_CONTEXT('2D SPACE',''
  ) );
#5350 = ORIENTED_EDGE('',*,*,#5351,.T.);
#5351 = EDGE_CURVE('',#5329,#5232,#5352,.T.);
#5352 = SURFACE_CURVE('',#5353,(#5358,#5365),.PCURVE_S1.);
#5353 = CIRCLE('',#5354,5.79);
#5354 = AXIS2_PLACEMENT_3D('',#5355,#5356,#5357);
#5355 = CARTESIAN_POINT('',(-178.99,37.398877656957,86.699474632041));
#5356 = DIRECTION('',(0.,0.707106781187,-0.707106781187));
#5357 = DIRECTION('',(-1.,0.,0.));
#5358 = PCURVE('',#3841,#5359);
#5359 = DEFINITIONAL_REPRESENTATION('',(#5360),#5364);
#5360 = LINE('',#5361,#5362);
#5361 = CARTESIAN_POINT('',(0.,-1.8));
#5362 = VECTOR('',#5363,1.);
#5363 = DIRECTION('',(1.,0.));
#5364 = ( GEOMETRIC_REPRESENTATION_CONTEXT(2) 
PARAMETRIC_REPRESENTATION_CONTEXT() REPRESENTATION_CONTEXT('2D SPACE',''
  ) );
#5365 = PCURVE('',#5189,#5366);
#5366 = DEFINITIONAL_REPRESENTATION('',(#5367),#5375);
#5367 = ( BOUNDED_CURVE() B_SPLINE_CURVE(2,(#5368,#5369,#5370,#5371,
#5372,#5373,#5374),.UNSPECIFIED.,.T.,.F.) B_SPLINE_CURVE_WITH_KNOTS((1,2
    ,2,2,2,1),(-2.094395102393,0.,2.094395102393,4.188790204786,
6.28318530718,8.377580409573),.UNSPECIFIED.) CURVE() 
GEOMETRIC_REPRESENTATION_ITEM() RATIONAL_B_SPLINE_CURVE((1.,0.5,1.,0.5,
1.,0.5,1.)) REPRESENTATION_ITEM('') );
#5368 = CARTESIAN_POINT('',(-5.78,-1.E-02));
#5369 = CARTESIAN_POINT('',(-5.78,10.018574175824));
#5370 = CARTESIAN_POINT('',(2.905,5.004287087912));
#5371 = CARTESIAN_POINT('',(11.59,-9.999999999998E-03));
#5372 = CARTESIAN_POINT('',(2.905,-5.024287087912));
#5373 = CARTESIAN_POINT('',(-5.78,-10.03857417582));
#5374 = CARTESIAN_POINT('',(-5.78,-1.E-02));
#5375 = ( GEOMETRIC_REPRESENTATION_CONTEXT(2) 
PARAMETRIC_REPRESENTATION_CONTEXT() REPRESENTATION_CONTEXT('2D SPACE',''
  ) );
#5376 = ORIENTED_EDGE('',*,*,#5254,.F.);
#5377 = ORIENTED_EDGE('',*,*,#3820,.F.);
#5378 = ADVANCED_FACE('',(#5379),#3719,.T.);
#5379 = FACE_BOUND('',#5380,.T.);
#5380 = EDGE_LOOP('',(#5381,#5382,#5410,#5431));
#5381 = ORIENTED_EDGE('',*,*,#5303,.T.);
#5382 = ORIENTED_EDGE('',*,*,#5383,.T.);
#5383 = EDGE_CURVE('',#5281,#5384,#5386,.T.);
#5384 = VERTEX_POINT('',#5385);
#5385 = CARTESIAN_POINT('',(-179.01,41.50716805565,90.807765030734));
#5386 = SURFACE_CURVE('',#5387,(#5392,#5399),.PCURVE_S1.);
#5387 = CIRCLE('',#5388,5.79);
#5388 = AXIS2_PLACEMENT_3D('',#5389,#5390,#5391);
#5389 = CARTESIAN_POINT('',(-179.01,37.41301979258,86.713616767664));
#5390 = DIRECTION('',(0.,0.707106781187,-0.707106781187));
#5391 = DIRECTION('',(-1.,0.,0.));
#5392 = PCURVE('',#3719,#5393);
#5393 = DEFINITIONAL_REPRESENTATION('',(#5394),#5398);
#5394 = LINE('',#5395,#5396);
#5395 = CARTESIAN_POINT('',(0.,-1.8));
#5396 = VECTOR('',#5397,1.);
#5397 = DIRECTION('',(1.,0.));
#5398 = ( GEOMETRIC_REPRESENTATION_CONTEXT(2) 
PARAMETRIC_REPRESENTATION_CONTEXT() REPRESENTATION_CONTEXT('2D SPACE',''
  ) );
#5399 = PCURVE('',#5189,#5400);
#5400 = DEFINITIONAL_REPRESENTATION('',(#5401),#5409);
#5401 = ( BOUNDED_CURVE() B_SPLINE_CURVE(2,(#5402,#5403,#5404,#5405,
#5406,#5407,#5408),.UNSPECIFIED.,.T.,.F.) B_SPLINE_CURVE_WITH_KNOTS((1,2
    ,2,2,2,1),(-2.094395102393,0.,2.094395102393,4.188790204786,
6.28318530718,8.377580409573),.UNSPECIFIED.) CURVE() 
GEOMETRIC_REPRESENTATION_ITEM() RATIONAL_B_SPLINE_CURVE((1.,0.5,1.,0.5,
1.,0.5,1.)) REPRESENTATION_ITEM('') );
#5402 = CARTESIAN_POINT('',(-5.8,1.E-02));
#5403 = CARTESIAN_POINT('',(-5.8,10.038574175824));
#5404 = CARTESIAN_POINT('',(2.885,5.024287087912));
#5405 = CARTESIAN_POINT('',(11.57,1.E-02));
#5406 = CARTESIAN_POINT('',(2.885,-5.004287087912));
#5407 = CARTESIAN_POINT('',(-5.8,-10.01857417582));
#5408 = CARTESIAN_POINT('',(-5.8,1.E-02));
#5409 = ( GEOMETRIC_REPRESENTATION_CONTEXT(2) 
PARAMETRIC_REPRESENTATION_CONTEXT() REPRESENTATION_CONTEXT('2D SPACE',''
  ) );
#5410 = ORIENTED_EDGE('',*,*,#5411,.F.);
#5411 = EDGE_CURVE('',#3699,#5384,#5412,.T.);
#5412 = SURFACE_CURVE('',#5413,(#5417,#5424),.PCURVE_S1.);
#5413 = LINE('',#5414,#5415);
#5414 = CARTESIAN_POINT('',(-179.01,42.779960261786,89.534972824599));
#5415 = VECTOR('',#5416,1.);
#5416 = DIRECTION('',(0.,-0.707106781187,0.707106781187));
#5417 = PCURVE('',#3719,#5418);
#5418 = DEFINITIONAL_REPRESENTATION('',(#5419),#5423);
#5419 = LINE('',#5420,#5421);
#5420 = CARTESIAN_POINT('',(1.570796326795,0.));
#5421 = VECTOR('',#5422,1.);
#5422 = DIRECTION('',(0.,-1.));
#5423 = ( GEOMETRIC_REPRESENTATION_CONTEXT(2) 
PARAMETRIC_REPRESENTATION_CONTEXT() REPRESENTATION_CONTEXT('2D SPACE',''
  ) );
#5424 = PCURVE('',#3747,#5425);
#5425 = DEFINITIONAL_REPRESENTATION('',(#5426),#5430);
#5426 = LINE('',#5427,#5428);
#5427 = CARTESIAN_POINT('',(0.,0.));
#5428 = VECTOR('',#5429,1.);
#5429 = DIRECTION('',(0.,-1.));
#5430 = ( GEOMETRIC_REPRESENTATION_CONTEXT(2) 
PARAMETRIC_REPRESENTATION_CONTEXT() REPRESENTATION_CONTEXT('2D SPACE',''
  ) );
#5431 = ORIENTED_EDGE('',*,*,#3698,.F.);
#5432 = ADVANCED_FACE('',(#5433),#3808,.F.);
#5433 = FACE_BOUND('',#5434,.F.);
#5434 = EDGE_LOOP('',(#5435,#5436,#5459,#5480));
#5435 = ORIENTED_EDGE('',*,*,#5328,.T.);
#5436 = ORIENTED_EDGE('',*,*,#5437,.T.);
#5437 = EDGE_CURVE('',#5329,#5438,#5440,.T.);
#5438 = VERTEX_POINT('',#5439);
#5439 = CARTESIAN_POINT('',(-173.2,37.41301979258,86.713616767664));
#5440 = SURFACE_CURVE('',#5441,(#5445,#5452),.PCURVE_S1.);
#5441 = LINE('',#5442,#5443);
#5442 = CARTESIAN_POINT('',(-173.2,37.405948724768,86.706545699852));
#5443 = VECTOR('',#5444,1.);
#5444 = DIRECTION('',(0.,0.707106781187,0.707106781187));
#5445 = PCURVE('',#3808,#5446);
#5446 = DEFINITIONAL_REPRESENTATION('',(#5447),#5451);
#5447 = LINE('',#5448,#5449);
#5448 = CARTESIAN_POINT('',(9.999999999998E-03,-1.8));
#5449 = VECTOR('',#5450,1.);
#5450 = DIRECTION('',(1.,0.));
#5451 = ( GEOMETRIC_REPRESENTATION_CONTEXT(2) 
PARAMETRIC_REPRESENTATION_CONTEXT() REPRESENTATION_CONTEXT('2D SPACE',''
  ) );
#5452 = PCURVE('',#5189,#5453);
#5453 = DEFINITIONAL_REPRESENTATION('',(#5454),#5458);
#5454 = LINE('',#5455,#5456);
#5455 = CARTESIAN_POINT('',(5.8,9.856193478124E-17));
#5456 = VECTOR('',#5457,1.);
#5457 = DIRECTION('',(0.,1.));
#5458 = ( GEOMETRIC_REPRESENTATION_CONTEXT(2) 
PARAMETRIC_REPRESENTATION_CONTEXT() REPRESENTATION_CONTEXT('2D SPACE',''
  ) );
#5459 = ORIENTED_EDGE('',*,*,#5460,.F.);
#5460 = EDGE_CURVE('',#3760,#5438,#5461,.T.);
#5461 = SURFACE_CURVE('',#5462,(#5466,#5473),.PCURVE_S1.);
#5462 = LINE('',#5463,#5464);
#5463 = CARTESIAN_POINT('',(-173.2,38.685811998716,85.440824561528));
#5464 = VECTOR('',#5465,1.);
#5465 = DIRECTION('',(0.,-0.707106781187,0.707106781187));
#5466 = PCURVE('',#3808,#5467);
#5467 = DEFINITIONAL_REPRESENTATION('',(#5468),#5472);
#5468 = LINE('',#5469,#5470);
#5469 = CARTESIAN_POINT('',(2.E-02,0.));
#5470 = VECTOR('',#5471,1.);
#5471 = DIRECTION('',(0.,-1.));
#5472 = ( GEOMETRIC_REPRESENTATION_CONTEXT(2) 
PARAMETRIC_REPRESENTATION_CONTEXT() REPRESENTATION_CONTEXT('2D SPACE',''
  ) );
#5473 = PCURVE('',#3780,#5474);
#5474 = DEFINITIONAL_REPRESENTATION('',(#5475),#5479);
#5475 = LINE('',#5476,#5477);
#5476 = CARTESIAN_POINT('',(3.14159265359,0.));
#5477 = VECTOR('',#5478,1.);
#5478 = DIRECTION('',(0.,-1.));
#5479 = ( GEOMETRIC_REPRESENTATION_CONTEXT(2) 
PARAMETRIC_REPRESENTATION_CONTEXT() REPRESENTATION_CONTEXT('2D SPACE',''
  ) );
#5480 = ORIENTED_EDGE('',*,*,#3792,.F.);
#5481 = ADVANCED_FACE('',(#5482),#3747,.T.);
#5482 = FACE_BOUND('',#5483,.T.);
#5483 = EDGE_LOOP('',(#5484,#5485,#5508,#5529));
#5484 = ORIENTED_EDGE('',*,*,#5411,.T.);
#5485 = ORIENTED_EDGE('',*,*,#5486,.T.);
#5486 = EDGE_CURVE('',#5384,#5487,#5489,.T.);
#5487 = VERTEX_POINT('',#5488);
#5488 = CARTESIAN_POINT('',(-178.99,41.50716805565,90.807765030734));
#5489 = SURFACE_CURVE('',#5490,(#5494,#5501),.PCURVE_S1.);
#5490 = LINE('',#5491,#5492);
#5491 = CARTESIAN_POINT('',(-179.,41.50716805565,90.807765030734));
#5492 = VECTOR('',#5493,1.);
#5493 = DIRECTION('',(1.,0.,0.));
#5494 = PCURVE('',#3747,#5495);
#5495 = DEFINITIONAL_REPRESENTATION('',(#5496),#5500);
#5496 = LINE('',#5497,#5498);
#5497 = CARTESIAN_POINT('',(9.999999999991E-03,-1.8));
#5498 = VECTOR('',#5499,1.);
#5499 = DIRECTION('',(1.,0.));
#5500 = ( GEOMETRIC_REPRESENTATION_CONTEXT(2) 
PARAMETRIC_REPRESENTATION_CONTEXT() REPRESENTATION_CONTEXT('2D SPACE',''
  ) );
#5501 = PCURVE('',#5189,#5502);
#5502 = DEFINITIONAL_REPRESENTATION('',(#5503),#5507);
#5503 = LINE('',#5504,#5505);
#5504 = CARTESIAN_POINT('',(4.111399457208E-16,5.8));
#5505 = VECTOR('',#5506,1.);
#5506 = DIRECTION('',(1.,0.));
#5507 = ( GEOMETRIC_REPRESENTATION_CONTEXT(2) 
PARAMETRIC_REPRESENTATION_CONTEXT() REPRESENTATION_CONTEXT('2D SPACE',''
  ) );
#5508 = ORIENTED_EDGE('',*,*,#5509,.F.);
#5509 = EDGE_CURVE('',#3732,#5487,#5510,.T.);
#5510 = SURFACE_CURVE('',#5511,(#5515,#5522),.PCURVE_S1.);
#5511 = LINE('',#5512,#5513);
#5512 = CARTESIAN_POINT('',(-178.99,42.779960261786,89.534972824599));
#5513 = VECTOR('',#5514,1.);
#5514 = DIRECTION('',(0.,-0.707106781187,0.707106781187));
#5515 = PCURVE('',#3747,#5516);
#5516 = DEFINITIONAL_REPRESENTATION('',(#5517),#5521);
#5517 = LINE('',#5518,#5519);
#5518 = CARTESIAN_POINT('',(1.999999999998E-02,0.));
#5519 = VECTOR('',#5520,1.);
#5520 = DIRECTION('',(0.,-1.));
#5521 = ( GEOMETRIC_REPRESENTATION_CONTEXT(2) 
PARAMETRIC_REPRESENTATION_CONTEXT() REPRESENTATION_CONTEXT('2D SPACE',''
  ) );
#5522 = PCURVE('',#3780,#5523);
#5523 = DEFINITIONAL_REPRESENTATION('',(#5524),#5528);
#5524 = LINE('',#5525,#5526);
#5525 = CARTESIAN_POINT('',(1.570796326795,0.));
#5526 = VECTOR('',#5527,1.);
#5527 = DIRECTION('',(0.,-1.));
#5528 = ( GEOMETRIC_REPRESENTATION_CONTEXT(2) 
PARAMETRIC_REPRESENTATION_CONTEXT() REPRESENTATION_CONTEXT('2D SPACE',''
  ) );
#5529 = ORIENTED_EDGE('',*,*,#3731,.F.);
#5530 = ADVANCED_FACE('',(#5531),#3780,.T.);
#5531 = FACE_BOUND('',#5532,.T.);
#5532 = EDGE_LOOP('',(#5533,#5534,#5560,#5561));
#5533 = ORIENTED_EDGE('',*,*,#5509,.T.);
#5534 = ORIENTED_EDGE('',*,*,#5535,.T.);
#5535 = EDGE_CURVE('',#5487,#5438,#5536,.T.);
#5536 = SURFACE_CURVE('',#5537,(#5542,#5549),.PCURVE_S1.);
#5537 = CIRCLE('',#5538,5.79);
#5538 = AXIS2_PLACEMENT_3D('',#5539,#5540,#5541);
#5539 = CARTESIAN_POINT('',(-178.99,37.41301979258,86.713616767664));
#5540 = DIRECTION('',(0.,0.707106781187,-0.707106781187));
#5541 = DIRECTION('',(-1.,0.,0.));
#5542 = PCURVE('',#3780,#5543);
#5543 = DEFINITIONAL_REPRESENTATION('',(#5544),#5548);
#5544 = LINE('',#5545,#5546);
#5545 = CARTESIAN_POINT('',(0.,-1.8));
#5546 = VECTOR('',#5547,1.);
#5547 = DIRECTION('',(1.,0.));
#5548 = ( GEOMETRIC_REPRESENTATION_CONTEXT(2) 
PARAMETRIC_REPRESENTATION_CONTEXT() REPRESENTATION_CONTEXT('2D SPACE',''
  ) );
#5549 = PCURVE('',#5189,#5550);
#5550 = DEFINITIONAL_REPRESENTATION('',(#5551),#5559);
#5551 = ( BOUNDED_CURVE() B_SPLINE_CURVE(2,(#5552,#5553,#5554,#5555,
#5556,#5557,#5558),.UNSPECIFIED.,.T.,.F.) B_SPLINE_CURVE_WITH_KNOTS((1,2
    ,2,2,2,1),(-2.094395102393,0.,2.094395102393,4.188790204786,
6.28318530718,8.377580409573),.UNSPECIFIED.) CURVE() 
GEOMETRIC_REPRESENTATION_ITEM() RATIONAL_B_SPLINE_CURVE((1.,0.5,1.,0.5,
1.,0.5,1.)) REPRESENTATION_ITEM('') );
#5552 = CARTESIAN_POINT('',(-5.78,1.E-02));
#5553 = CARTESIAN_POINT('',(-5.78,10.038574175824));
#5554 = CARTESIAN_POINT('',(2.905,5.024287087912));
#5555 = CARTESIAN_POINT('',(11.59,1.E-02));
#5556 = CARTESIAN_POINT('',(2.905,-5.004287087912));
#5557 = CARTESIAN_POINT('',(-5.78,-10.01857417582));
#5558 = CARTESIAN_POINT('',(-5.78,1.E-02));
#5559 = ( GEOMETRIC_REPRESENTATION_CONTEXT(2) 
PARAMETRIC_REPRESENTATION_CONTEXT() REPRESENTATION_CONTEXT('2D SPACE',''
  ) );
#5560 = ORIENTED_EDGE('',*,*,#5460,.F.);
#5561 = ORIENTED_EDGE('',*,*,#3759,.F.);
#5562 = ADVANCED_FACE('',(#5563,#5573),#4772,.T.);
#5563 = FACE_BOUND('',#5564,.T.);
#5564 = EDGE_LOOP('',(#5565,#5566,#5567,#5568,#5569,#5570,#5571,#5572));
#5565 = ORIENTED_EDGE('',*,*,#4863,.F.);
#5566 = ORIENTED_EDGE('',*,*,#4755,.F.);
#5567 = ORIENTED_EDGE('',*,*,#4814,.T.);
#5568 = ORIENTED_EDGE('',*,*,#4934,.F.);
#5569 = ORIENTED_EDGE('',*,*,#5020,.T.);
#5570 = ORIENTED_EDGE('',*,*,#5118,.F.);
#5571 = ORIENTED_EDGE('',*,*,#5069,.F.);
#5572 = ORIENTED_EDGE('',*,*,#4966,.F.);
#5573 = FACE_BOUND('',#5574,.T.);
#5574 = EDGE_LOOP('',(#5575,#5610,#5638,#5671,#5699,#5732,#5760,#5793));
#5575 = ORIENTED_EDGE('',*,*,#5576,.T.);
#5576 = EDGE_CURVE('',#5577,#5579,#5581,.T.);
#5577 = VERTEX_POINT('',#5578);
#5578 = CARTESIAN_POINT('',(-179.01,-40.02224381515,9.278353159925));
#5579 = VERTEX_POINT('',#5580);
#5580 = CARTESIAN_POINT('',(-183.1,-37.1301770801,12.170419894978));
#5581 = SURFACE_CURVE('',#5582,(#5587,#5598),.PCURVE_S1.);
#5582 = CIRCLE('',#5583,4.09);
#5583 = AXIS2_PLACEMENT_3D('',#5584,#5585,#5586);
#5584 = CARTESIAN_POINT('',(-179.01,-37.1301770801,12.170419894978));
#5585 = DIRECTION('',(0.,0.707106781187,-0.707106781187));
#5586 = DIRECTION('',(-1.,0.,0.));
#5587 = PCURVE('',#4772,#5588);
#5588 = DEFINITIONAL_REPRESENTATION('',(#5589),#5597);
#5589 = ( BOUNDED_CURVE() B_SPLINE_CURVE(2,(#5590,#5591,#5592,#5593,
#5594,#5595,#5596),.UNSPECIFIED.,.T.,.F.) B_SPLINE_CURVE_WITH_KNOTS((1,2
    ,2,2,2,1),(-2.094395102393,0.,2.094395102393,4.188790204786,
6.28318530718,8.377580409573),.UNSPECIFIED.) CURVE() 
GEOMETRIC_REPRESENTATION_ITEM() RATIONAL_B_SPLINE_CURVE((1.,0.5,1.,0.5,
1.,0.5,1.)) REPRESENTATION_ITEM('') );
#5590 = CARTESIAN_POINT('',(-4.1,-1.E-02));
#5591 = CARTESIAN_POINT('',(-4.1,7.074087802957));
#5592 = CARTESIAN_POINT('',(2.035,3.532043901478));
#5593 = CARTESIAN_POINT('',(8.17,-9.999999999999E-03));
#5594 = CARTESIAN_POINT('',(2.035,-3.552043901478));
#5595 = CARTESIAN_POINT('',(-4.1,-7.094087802957));
#5596 = CARTESIAN_POINT('',(-4.1,-1.E-02));
#5597 = ( GEOMETRIC_REPRESENTATION_CONTEXT(2) 
PARAMETRIC_REPRESENTATION_CONTEXT() REPRESENTATION_CONTEXT('2D SPACE',''
  ) );
#5598 = PCURVE('',#5599,#5604);
#5599 = CYLINDRICAL_SURFACE('',#5600,4.09);
#5600 = AXIS2_PLACEMENT_3D('',#5601,#5602,#5603);
#5601 = CARTESIAN_POINT('',(-179.01,-35.00885673654,10.049099551419));
#5602 = DIRECTION('',(0.,0.707106781187,-0.707106781187));
#5603 = DIRECTION('',(-1.,0.,0.));
#5604 = DEFINITIONAL_REPRESENTATION('',(#5605),#5609);
#5605 = LINE('',#5606,#5607);
#5606 = CARTESIAN_POINT('',(0.,-3.));
#5607 = VECTOR('',#5608,1.);
#5608 = DIRECTION('',(1.,0.));
#5609 = ( GEOMETRIC_REPRESENTATION_CONTEXT(2) 
PARAMETRIC_REPRESENTATION_CONTEXT() REPRESENTATION_CONTEXT('2D SPACE',''
  ) );
#5610 = ORIENTED_EDGE('',*,*,#5611,.T.);
#5611 = EDGE_CURVE('',#5579,#5612,#5614,.T.);
#5612 = VERTEX_POINT('',#5613);
#5613 = CARTESIAN_POINT('',(-183.1,-37.11603494448,12.184562030602));
#5614 = SURFACE_CURVE('',#5615,(#5619,#5626),.PCURVE_S1.);
#5615 = LINE('',#5616,#5617);
#5616 = CARTESIAN_POINT('',(-183.1,-37.12310601229,12.17749096279));
#5617 = VECTOR('',#5618,1.);
#5618 = DIRECTION('',(0.,0.707106781187,0.707106781187));
#5619 = PCURVE('',#4772,#5620);
#5620 = DEFINITIONAL_REPRESENTATION('',(#5621),#5625);
#5621 = LINE('',#5622,#5623);
#5622 = CARTESIAN_POINT('',(-4.1,9.856193478124E-17));
#5623 = VECTOR('',#5624,1.);
#5624 = DIRECTION('',(0.,1.));
#5625 = ( GEOMETRIC_REPRESENTATION_CONTEXT(2) 
PARAMETRIC_REPRESENTATION_CONTEXT() REPRESENTATION_CONTEXT('2D SPACE',''
  ) );
#5626 = PCURVE('',#5627,#5632);
#5627 = PLANE('',#5628);
#5628 = AXIS2_PLACEMENT_3D('',#5629,#5630,#5631);
#5629 = CARTESIAN_POINT('',(-183.1,-35.00885673654,10.049099551419));
#5630 = DIRECTION('',(-1.,0.,0.));
#5631 = DIRECTION('',(0.,0.707106781187,0.707106781187));
#5632 = DEFINITIONAL_REPRESENTATION('',(#5633),#5637);
#5633 = LINE('',#5634,#5635);
#5634 = CARTESIAN_POINT('',(9.999999999998E-03,-3.));
#5635 = VECTOR('',#5636,1.);
#5636 = DIRECTION('',(1.,0.));
#5637 = ( GEOMETRIC_REPRESENTATION_CONTEXT(2) 
PARAMETRIC_REPRESENTATION_CONTEXT() REPRESENTATION_CONTEXT('2D SPACE',''
  ) );
#5638 = ORIENTED_EDGE('',*,*,#5639,.T.);
#5639 = EDGE_CURVE('',#5612,#5640,#5642,.T.);
#5640 = VERTEX_POINT('',#5641);
#5641 = CARTESIAN_POINT('',(-179.01,-34.22396820942,15.076628765655));
#5642 = SURFACE_CURVE('',#5643,(#5648,#5659),.PCURVE_S1.);
#5643 = CIRCLE('',#5644,4.09);
#5644 = AXIS2_PLACEMENT_3D('',#5645,#5646,#5647);
#5645 = CARTESIAN_POINT('',(-179.01,-37.11603494448,12.184562030602));
#5646 = DIRECTION('',(0.,0.707106781187,-0.707106781187));
#5647 = DIRECTION('',(-1.,0.,0.));
#5648 = PCURVE('',#4772,#5649);
#5649 = DEFINITIONAL_REPRESENTATION('',(#5650),#5658);
#5650 = ( BOUNDED_CURVE() B_SPLINE_CURVE(2,(#5651,#5652,#5653,#5654,
#5655,#5656,#5657),.UNSPECIFIED.,.T.,.F.) B_SPLINE_CURVE_WITH_KNOTS((1,2
    ,2,2,2,1),(-2.094395102393,0.,2.094395102393,4.188790204786,
6.28318530718,8.377580409573),.UNSPECIFIED.) CURVE() 
GEOMETRIC_REPRESENTATION_ITEM() RATIONAL_B_SPLINE_CURVE((1.,0.5,1.,0.5,
1.,0.5,1.)) REPRESENTATION_ITEM('') );
#5651 = CARTESIAN_POINT('',(-4.1,1.E-02));
#5652 = CARTESIAN_POINT('',(-4.1,7.094087802957));
#5653 = CARTESIAN_POINT('',(2.035,3.552043901478));
#5654 = CARTESIAN_POINT('',(8.17,1.E-02));
#5655 = CARTESIAN_POINT('',(2.035,-3.532043901478));
#5656 = CARTESIAN_POINT('',(-4.1,-7.074087802957));
#5657 = CARTESIAN_POINT('',(-4.1,1.E-02));
#5658 = ( GEOMETRIC_REPRESENTATION_CONTEXT(2) 
PARAMETRIC_REPRESENTATION_CONTEXT() REPRESENTATION_CONTEXT('2D SPACE',''
  ) );
#5659 = PCURVE('',#5660,#5665);
#5660 = CYLINDRICAL_SURFACE('',#5661,4.09);
#5661 = AXIS2_PLACEMENT_3D('',#5662,#5663,#5664);
#5662 = CARTESIAN_POINT('',(-179.01,-34.99471460092,10.063241687042));
#5663 = DIRECTION('',(0.,0.707106781187,-0.707106781187));
#5664 = DIRECTION('',(-1.,0.,0.));
#5665 = DEFINITIONAL_REPRESENTATION('',(#5666),#5670);
#5666 = LINE('',#5667,#5668);
#5667 = CARTESIAN_POINT('',(0.,-3.));
#5668 = VECTOR('',#5669,1.);
#5669 = DIRECTION('',(1.,0.));
#5670 = ( GEOMETRIC_REPRESENTATION_CONTEXT(2) 
PARAMETRIC_REPRESENTATION_CONTEXT() REPRESENTATION_CONTEXT('2D SPACE',''
  ) );
#5671 = ORIENTED_EDGE('',*,*,#5672,.T.);
#5672 = EDGE_CURVE('',#5640,#5673,#5675,.T.);
#5673 = VERTEX_POINT('',#5674);
#5674 = CARTESIAN_POINT('',(-178.99,-34.22396820942,15.076628765655));
#5675 = SURFACE_CURVE('',#5676,(#5680,#5687),.PCURVE_S1.);
#5676 = LINE('',#5677,#5678);
#5677 = CARTESIAN_POINT('',(-179.,-34.22396820942,15.076628765655));
#5678 = VECTOR('',#5679,1.);
#5679 = DIRECTION('',(1.,0.,0.));
#5680 = PCURVE('',#4772,#5681);
#5681 = DEFINITIONAL_REPRESENTATION('',(#5682),#5686);
#5682 = LINE('',#5683,#5684);
#5683 = CARTESIAN_POINT('',(4.111399457208E-16,4.1));
#5684 = VECTOR('',#5685,1.);
#5685 = DIRECTION('',(1.,0.));
#5686 = ( GEOMETRIC_REPRESENTATION_CONTEXT(2) 
PARAMETRIC_REPRESENTATION_CONTEXT() REPRESENTATION_CONTEXT('2D SPACE',''
  ) );
#5687 = PCURVE('',#5688,#5693);
#5688 = PLANE('',#5689);
#5689 = AXIS2_PLACEMENT_3D('',#5690,#5691,#5692);
#5690 = CARTESIAN_POINT('',(-179.01,-32.10264786586,12.955308422095));
#5691 = DIRECTION('',(0.,0.707106781187,0.707106781187));
#5692 = DIRECTION('',(1.,0.,0.));
#5693 = DEFINITIONAL_REPRESENTATION('',(#5694),#5698);
#5694 = LINE('',#5695,#5696);
#5695 = CARTESIAN_POINT('',(9.999999999991E-03,-3.));
#5696 = VECTOR('',#5697,1.);
#5697 = DIRECTION('',(1.,0.));
#5698 = ( GEOMETRIC_REPRESENTATION_CONTEXT(2) 
PARAMETRIC_REPRESENTATION_CONTEXT() REPRESENTATION_CONTEXT('2D SPACE',''
  ) );
#5699 = ORIENTED_EDGE('',*,*,#5700,.T.);
#5700 = EDGE_CURVE('',#5673,#5701,#5703,.T.);
#5701 = VERTEX_POINT('',#5702);
#5702 = CARTESIAN_POINT('',(-174.9,-37.11603494448,12.184562030602));
#5703 = SURFACE_CURVE('',#5704,(#5709,#5720),.PCURVE_S1.);
#5704 = CIRCLE('',#5705,4.09);
#5705 = AXIS2_PLACEMENT_3D('',#5706,#5707,#5708);
#5706 = CARTESIAN_POINT('',(-178.99,-37.11603494448,12.184562030602));
#5707 = DIRECTION('',(0.,0.707106781187,-0.707106781187));
#5708 = DIRECTION('',(-1.,0.,0.));
#5709 = PCURVE('',#4772,#5710);
#5710 = DEFINITIONAL_REPRESENTATION('',(#5711),#5719);
#5711 = ( BOUNDED_CURVE() B_SPLINE_CURVE(2,(#5712,#5713,#5714,#5715,
#5716,#5717,#5718),.UNSPECIFIED.,.T.,.F.) B_SPLINE_CURVE_WITH_KNOTS((1,2
    ,2,2,2,1),(-2.094395102393,0.,2.094395102393,4.188790204786,
6.28318530718,8.377580409573),.UNSPECIFIED.) CURVE() 
GEOMETRIC_REPRESENTATION_ITEM() RATIONAL_B_SPLINE_CURVE((1.,0.5,1.,0.5,
1.,0.5,1.)) REPRESENTATION_ITEM('') );
#5712 = CARTESIAN_POINT('',(-4.08,1.E-02));
#5713 = CARTESIAN_POINT('',(-4.08,7.094087802957));
#5714 = CARTESIAN_POINT('',(2.055,3.552043901478));
#5715 = CARTESIAN_POINT('',(8.19,1.E-02));
#5716 = CARTESIAN_POINT('',(2.055,-3.532043901478));
#5717 = CARTESIAN_POINT('',(-4.08,-7.074087802957));
#5718 = CARTESIAN_POINT('',(-4.08,1.E-02));
#5719 = ( GEOMETRIC_REPRESENTATION_CONTEXT(2) 
PARAMETRIC_REPRESENTATION_CONTEXT() REPRESENTATION_CONTEXT('2D SPACE',''
  ) );
#5720 = PCURVE('',#5721,#5726);
#5721 = CYLINDRICAL_SURFACE('',#5722,4.09);
#5722 = AXIS2_PLACEMENT_3D('',#5723,#5724,#5725);
#5723 = CARTESIAN_POINT('',(-178.99,-34.99471460092,10.063241687042));
#5724 = DIRECTION('',(0.,0.707106781187,-0.707106781187));
#5725 = DIRECTION('',(-1.,0.,0.));
#5726 = DEFINITIONAL_REPRESENTATION('',(#5727),#5731);
#5727 = LINE('',#5728,#5729);
#5728 = CARTESIAN_POINT('',(0.,-3.));
#5729 = VECTOR('',#5730,1.);
#5730 = DIRECTION('',(1.,0.));
#5731 = ( GEOMETRIC_REPRESENTATION_CONTEXT(2) 
PARAMETRIC_REPRESENTATION_CONTEXT() REPRESENTATION_CONTEXT('2D SPACE',''
  ) );
#5732 = ORIENTED_EDGE('',*,*,#5733,.F.);
#5733 = EDGE_CURVE('',#5734,#5701,#5736,.T.);
#5734 = VERTEX_POINT('',#5735);
#5735 = CARTESIAN_POINT('',(-174.9,-37.1301770801,12.170419894978));
#5736 = SURFACE_CURVE('',#5737,(#5741,#5748),.PCURVE_S1.);
#5737 = LINE('',#5738,#5739);
#5738 = CARTESIAN_POINT('',(-174.9,-37.12310601229,12.17749096279));
#5739 = VECTOR('',#5740,1.);
#5740 = DIRECTION('',(0.,0.707106781187,0.707106781187));
#5741 = PCURVE('',#4772,#5742);
#5742 = DEFINITIONAL_REPRESENTATION('',(#5743),#5747);
#5743 = LINE('',#5744,#5745);
#5744 = CARTESIAN_POINT('',(4.1,9.856193478124E-17));
#5745 = VECTOR('',#5746,1.);
#5746 = DIRECTION('',(0.,1.));
#5747 = ( GEOMETRIC_REPRESENTATION_CONTEXT(2) 
PARAMETRIC_REPRESENTATION_CONTEXT() REPRESENTATION_CONTEXT('2D SPACE',''
  ) );
#5748 = PCURVE('',#5749,#5754);
#5749 = PLANE('',#5750);
#5750 = AXIS2_PLACEMENT_3D('',#5751,#5752,#5753);
#5751 = CARTESIAN_POINT('',(-174.9,-35.00885673654,10.049099551419));
#5752 = DIRECTION('',(-1.,0.,0.));
#5753 = DIRECTION('',(0.,0.707106781187,0.707106781187));
#5754 = DEFINITIONAL_REPRESENTATION('',(#5755),#5759);
#5755 = LINE('',#5756,#5757);
#5756 = CARTESIAN_POINT('',(9.999999999998E-03,-3.));
#5757 = VECTOR('',#5758,1.);
#5758 = DIRECTION('',(1.,0.));
#5759 = ( GEOMETRIC_REPRESENTATION_CONTEXT(2) 
PARAMETRIC_REPRESENTATION_CONTEXT() REPRESENTATION_CONTEXT('2D SPACE',''
  ) );
#5760 = ORIENTED_EDGE('',*,*,#5761,.T.);
#5761 = EDGE_CURVE('',#5734,#5762,#5764,.T.);
#5762 = VERTEX_POINT('',#5763);
#5763 = CARTESIAN_POINT('',(-178.99,-40.02224381515,9.278353159925));
#5764 = SURFACE_CURVE('',#5765,(#5770,#5781),.PCURVE_S1.);
#5765 = CIRCLE('',#5766,4.09);
#5766 = AXIS2_PLACEMENT_3D('',#5767,#5768,#5769);
#5767 = CARTESIAN_POINT('',(-178.99,-37.1301770801,12.170419894978));
#5768 = DIRECTION('',(0.,0.707106781187,-0.707106781187));
#5769 = DIRECTION('',(-1.,0.,0.));
#5770 = PCURVE('',#4772,#5771);
#5771 = DEFINITIONAL_REPRESENTATION('',(#5772),#5780);
#5772 = ( BOUNDED_CURVE() B_SPLINE_CURVE(2,(#5773,#5774,#5775,#5776,
#5777,#5778,#5779),.UNSPECIFIED.,.T.,.F.) B_SPLINE_CURVE_WITH_KNOTS((1,2
    ,2,2,2,1),(-2.094395102393,0.,2.094395102393,4.188790204786,
6.28318530718,8.377580409573),.UNSPECIFIED.) CURVE() 
GEOMETRIC_REPRESENTATION_ITEM() RATIONAL_B_SPLINE_CURVE((1.,0.5,1.,0.5,
1.,0.5,1.)) REPRESENTATION_ITEM('') );
#5773 = CARTESIAN_POINT('',(-4.08,-1.E-02));
#5774 = CARTESIAN_POINT('',(-4.08,7.074087802957));
#5775 = CARTESIAN_POINT('',(2.055,3.532043901478));
#5776 = CARTESIAN_POINT('',(8.19,-9.999999999999E-03));
#5777 = CARTESIAN_POINT('',(2.055,-3.552043901478));
#5778 = CARTESIAN_POINT('',(-4.08,-7.094087802957));
#5779 = CARTESIAN_POINT('',(-4.08,-1.E-02));
#5780 = ( GEOMETRIC_REPRESENTATION_CONTEXT(2) 
PARAMETRIC_REPRESENTATION_CONTEXT() REPRESENTATION_CONTEXT('2D SPACE',''
  ) );
#5781 = PCURVE('',#5782,#5787);
#5782 = CYLINDRICAL_SURFACE('',#5783,4.09);
#5783 = AXIS2_PLACEMENT_3D('',#5784,#5785,#5786);
#5784 = CARTESIAN_POINT('',(-178.99,-35.00885673654,10.049099551419));
#5785 = DIRECTION('',(0.,0.707106781187,-0.707106781187));
#5786 = DIRECTION('',(-1.,0.,0.));
#5787 = DEFINITIONAL_REPRESENTATION('',(#5788),#5792);
#5788 = LINE('',#5789,#5790);
#5789 = CARTESIAN_POINT('',(0.,-3.));
#5790 = VECTOR('',#5791,1.);
#5791 = DIRECTION('',(1.,0.));
#5792 = ( GEOMETRIC_REPRESENTATION_CONTEXT(2) 
PARAMETRIC_REPRESENTATION_CONTEXT() REPRESENTATION_CONTEXT('2D SPACE',''
  ) );
#5793 = ORIENTED_EDGE('',*,*,#5794,.F.);
#5794 = EDGE_CURVE('',#5577,#5762,#5795,.T.);
#5795 = SURFACE_CURVE('',#5796,(#5800,#5807),.PCURVE_S1.);
#5796 = LINE('',#5797,#5798);
#5797 = CARTESIAN_POINT('',(-179.,-40.02224381515,9.278353159925));
#5798 = VECTOR('',#5799,1.);
#5799 = DIRECTION('',(1.,0.,0.));
#5800 = PCURVE('',#4772,#5801);
#5801 = DEFINITIONAL_REPRESENTATION('',(#5802),#5806);
#5802 = LINE('',#5803,#5804);
#5803 = CARTESIAN_POINT('',(4.111399457208E-16,-4.1));
#5804 = VECTOR('',#5805,1.);
#5805 = DIRECTION('',(1.,0.));
#5806 = ( GEOMETRIC_REPRESENTATION_CONTEXT(2) 
PARAMETRIC_REPRESENTATION_CONTEXT() REPRESENTATION_CONTEXT('2D SPACE',''
  ) );
#5807 = PCURVE('',#5808,#5813);
#5808 = PLANE('',#5809);
#5809 = AXIS2_PLACEMENT_3D('',#5810,#5811,#5812);
#5810 = CARTESIAN_POINT('',(-179.01,-37.90092347159,7.157032816366));
#5811 = DIRECTION('',(0.,0.707106781187,0.707106781187));
#5812 = DIRECTION('',(1.,0.,0.));
#5813 = DEFINITIONAL_REPRESENTATION('',(#5814),#5818);
#5814 = LINE('',#5815,#5816);
#5815 = CARTESIAN_POINT('',(9.999999999991E-03,-3.));
#5816 = VECTOR('',#5817,1.);
#5817 = DIRECTION('',(1.,0.));
#5818 = ( GEOMETRIC_REPRESENTATION_CONTEXT(2) 
PARAMETRIC_REPRESENTATION_CONTEXT() REPRESENTATION_CONTEXT('2D SPACE',''
  ) );
#5819 = ADVANCED_FACE('',(#5820,#5830),#5189,.T.);
#5820 = FACE_BOUND('',#5821,.T.);
#5821 = EDGE_LOOP('',(#5822,#5823,#5824,#5825,#5826,#5827,#5828,#5829));
#5822 = ORIENTED_EDGE('',*,*,#5280,.F.);
#5823 = ORIENTED_EDGE('',*,*,#5172,.F.);
#5824 = ORIENTED_EDGE('',*,*,#5231,.T.);
#5825 = ORIENTED_EDGE('',*,*,#5351,.F.);
#5826 = ORIENTED_EDGE('',*,*,#5437,.T.);
#5827 = ORIENTED_EDGE('',*,*,#5535,.F.);
#5828 = ORIENTED_EDGE('',*,*,#5486,.F.);
#5829 = ORIENTED_EDGE('',*,*,#5383,.F.);
#5830 = FACE_BOUND('',#5831,.T.);
#5831 = EDGE_LOOP('',(#5832,#5867,#5895,#5928,#5956,#5989,#6017,#6050));
#5832 = ORIENTED_EDGE('',*,*,#5833,.T.);
#5833 = EDGE_CURVE('',#5834,#5836,#5838,.T.);
#5834 = VERTEX_POINT('',#5835);
#5835 = CARTESIAN_POINT('',(-179.01,34.506810921904,83.807407896988));
#5836 = VERTEX_POINT('',#5837);
#5837 = CARTESIAN_POINT('',(-183.1,37.398877656957,86.699474632041));
#5838 = SURFACE_CURVE('',#5839,(#5844,#5855),.PCURVE_S1.);
#5839 = CIRCLE('',#5840,4.09);
#5840 = AXIS2_PLACEMENT_3D('',#5841,#5842,#5843);
#5841 = CARTESIAN_POINT('',(-179.01,37.398877656957,86.699474632041));
#5842 = DIRECTION('',(0.,0.707106781187,-0.707106781187));
#5843 = DIRECTION('',(-1.,0.,0.));
#5844 = PCURVE('',#5189,#5845);
#5845 = DEFINITIONAL_REPRESENTATION('',(#5846),#5854);
#5846 = ( BOUNDED_CURVE() B_SPLINE_CURVE(2,(#5847,#5848,#5849,#5850,
#5851,#5852,#5853),.UNSPECIFIED.,.T.,.F.) B_SPLINE_CURVE_WITH_KNOTS((1,2
    ,2,2,2,1),(-2.094395102393,0.,2.094395102393,4.188790204786,
6.28318530718,8.377580409573),.UNSPECIFIED.) CURVE() 
GEOMETRIC_REPRESENTATION_ITEM() RATIONAL_B_SPLINE_CURVE((1.,0.5,1.,0.5,
1.,0.5,1.)) REPRESENTATION_ITEM('') );
#5847 = CARTESIAN_POINT('',(-4.1,-1.E-02));
#5848 = CARTESIAN_POINT('',(-4.1,7.074087802957));
#5849 = CARTESIAN_POINT('',(2.035,3.532043901478));
#5850 = CARTESIAN_POINT('',(8.17,-9.999999999999E-03));
#5851 = CARTESIAN_POINT('',(2.035,-3.552043901478));
#5852 = CARTESIAN_POINT('',(-4.1,-7.094087802957));
#5853 = CARTESIAN_POINT('',(-4.1,-1.E-02));
#5854 = ( GEOMETRIC_REPRESENTATION_CONTEXT(2) 
PARAMETRIC_REPRESENTATION_CONTEXT() REPRESENTATION_CONTEXT('2D SPACE',''
  ) );
#5855 = PCURVE('',#5856,#5861);
#5856 = CYLINDRICAL_SURFACE('',#5857,4.09);
#5857 = AXIS2_PLACEMENT_3D('',#5858,#5859,#5860);
#5858 = CARTESIAN_POINT('',(-179.01,39.520198000516,84.578154288481));
#5859 = DIRECTION('',(0.,0.707106781187,-0.707106781187));
#5860 = DIRECTION('',(-1.,0.,0.));
#5861 = DEFINITIONAL_REPRESENTATION('',(#5862),#5866);
#5862 = LINE('',#5863,#5864);
#5863 = CARTESIAN_POINT('',(0.,-3.));
#5864 = VECTOR('',#5865,1.);
#5865 = DIRECTION('',(1.,0.));
#5866 = ( GEOMETRIC_REPRESENTATION_CONTEXT(2) 
PARAMETRIC_REPRESENTATION_CONTEXT() REPRESENTATION_CONTEXT('2D SPACE',''
  ) );
#5867 = ORIENTED_EDGE('',*,*,#5868,.T.);
#5868 = EDGE_CURVE('',#5836,#5869,#5871,.T.);
#5869 = VERTEX_POINT('',#5870);
#5870 = CARTESIAN_POINT('',(-183.1,37.41301979258,86.713616767664));
#5871 = SURFACE_CURVE('',#5872,(#5876,#5883),.PCURVE_S1.);
#5872 = LINE('',#5873,#5874);
#5873 = CARTESIAN_POINT('',(-183.1,37.405948724768,86.706545699852));
#5874 = VECTOR('',#5875,1.);
#5875 = DIRECTION('',(0.,0.707106781187,0.707106781187));
#5876 = PCURVE('',#5189,#5877);
#5877 = DEFINITIONAL_REPRESENTATION('',(#5878),#5882);
#5878 = LINE('',#5879,#5880);
#5879 = CARTESIAN_POINT('',(-4.1,9.856193478124E-17));
#5880 = VECTOR('',#5881,1.);
#5881 = DIRECTION('',(0.,1.));
#5882 = ( GEOMETRIC_REPRESENTATION_CONTEXT(2) 
PARAMETRIC_REPRESENTATION_CONTEXT() REPRESENTATION_CONTEXT('2D SPACE',''
  ) );
#5883 = PCURVE('',#5884,#5889);
#5884 = PLANE('',#5885);
#5885 = AXIS2_PLACEMENT_3D('',#5886,#5887,#5888);
#5886 = CARTESIAN_POINT('',(-183.1,39.520198000516,84.578154288481));
#5887 = DIRECTION('',(-1.,0.,0.));
#5888 = DIRECTION('',(0.,0.707106781187,0.707106781187));
#5889 = DEFINITIONAL_REPRESENTATION('',(#5890),#5894);
#5890 = LINE('',#5891,#5892);
#5891 = CARTESIAN_POINT('',(9.999999999998E-03,-3.));
#5892 = VECTOR('',#5893,1.);
#5893 = DIRECTION('',(1.,0.));
#5894 = ( GEOMETRIC_REPRESENTATION_CONTEXT(2) 
PARAMETRIC_REPRESENTATION_CONTEXT() REPRESENTATION_CONTEXT('2D SPACE',''
  ) );
#5895 = ORIENTED_EDGE('',*,*,#5896,.T.);
#5896 = EDGE_CURVE('',#5869,#5897,#5899,.T.);
#5897 = VERTEX_POINT('',#5898);
#5898 = CARTESIAN_POINT('',(-179.01,40.305086527633,89.605683502717));
#5899 = SURFACE_CURVE('',#5900,(#5905,#5916),.PCURVE_S1.);
#5900 = CIRCLE('',#5901,4.09);
#5901 = AXIS2_PLACEMENT_3D('',#5902,#5903,#5904);
#5902 = CARTESIAN_POINT('',(-179.01,37.41301979258,86.713616767664));
#5903 = DIRECTION('',(0.,0.707106781187,-0.707106781187));
#5904 = DIRECTION('',(-1.,0.,0.));
#5905 = PCURVE('',#5189,#5906);
#5906 = DEFINITIONAL_REPRESENTATION('',(#5907),#5915);
#5907 = ( BOUNDED_CURVE() B_SPLINE_CURVE(2,(#5908,#5909,#5910,#5911,
#5912,#5913,#5914),.UNSPECIFIED.,.T.,.F.) B_SPLINE_CURVE_WITH_KNOTS((1,2
    ,2,2,2,1),(-2.094395102393,0.,2.094395102393,4.188790204786,
6.28318530718,8.377580409573),.UNSPECIFIED.) CURVE() 
GEOMETRIC_REPRESENTATION_ITEM() RATIONAL_B_SPLINE_CURVE((1.,0.5,1.,0.5,
1.,0.5,1.)) REPRESENTATION_ITEM('') );
#5908 = CARTESIAN_POINT('',(-4.1,1.E-02));
#5909 = CARTESIAN_POINT('',(-4.1,7.094087802957));
#5910 = CARTESIAN_POINT('',(2.035,3.552043901478));
#5911 = CARTESIAN_POINT('',(8.17,1.E-02));
#5912 = CARTESIAN_POINT('',(2.035,-3.532043901478));
#5913 = CARTESIAN_POINT('',(-4.1,-7.074087802957));
#5914 = CARTESIAN_POINT('',(-4.1,1.E-02));
#5915 = ( GEOMETRIC_REPRESENTATION_CONTEXT(2) 
PARAMETRIC_REPRESENTATION_CONTEXT() REPRESENTATION_CONTEXT('2D SPACE',''
  ) );
#5916 = PCURVE('',#5917,#5922);
#5917 = CYLINDRICAL_SURFACE('',#5918,4.09);
#5918 = AXIS2_PLACEMENT_3D('',#5919,#5920,#5921);
#5919 = CARTESIAN_POINT('',(-179.01,39.53434013614,84.592296424105));
#5920 = DIRECTION('',(0.,0.707106781187,-0.707106781187));
#5921 = DIRECTION('',(-1.,0.,0.));
#5922 = DEFINITIONAL_REPRESENTATION('',(#5923),#5927);
#5923 = LINE('',#5924,#5925);
#5924 = CARTESIAN_POINT('',(0.,-3.));
#5925 = VECTOR('',#5926,1.);
#5926 = DIRECTION('',(1.,0.));
#5927 = ( GEOMETRIC_REPRESENTATION_CONTEXT(2) 
PARAMETRIC_REPRESENTATION_CONTEXT() REPRESENTATION_CONTEXT('2D SPACE',''
  ) );
#5928 = ORIENTED_EDGE('',*,*,#5929,.T.);
#5929 = EDGE_CURVE('',#5897,#5930,#5932,.T.);
#5930 = VERTEX_POINT('',#5931);
#5931 = CARTESIAN_POINT('',(-178.99,40.305086527633,89.605683502717));
#5932 = SURFACE_CURVE('',#5933,(#5937,#5944),.PCURVE_S1.);
#5933 = LINE('',#5934,#5935);
#5934 = CARTESIAN_POINT('',(-179.,40.305086527633,89.605683502717));
#5935 = VECTOR('',#5936,1.);
#5936 = DIRECTION('',(1.,0.,0.));
#5937 = PCURVE('',#5189,#5938);
#5938 = DEFINITIONAL_REPRESENTATION('',(#5939),#5943);
#5939 = LINE('',#5940,#5941);
#5940 = CARTESIAN_POINT('',(4.111399457208E-16,4.1));
#5941 = VECTOR('',#5942,1.);
#5942 = DIRECTION('',(1.,0.));
#5943 = ( GEOMETRIC_REPRESENTATION_CONTEXT(2) 
PARAMETRIC_REPRESENTATION_CONTEXT() REPRESENTATION_CONTEXT('2D SPACE',''
  ) );
#5944 = PCURVE('',#5945,#5950);
#5945 = PLANE('',#5946);
#5946 = AXIS2_PLACEMENT_3D('',#5947,#5948,#5949);
#5947 = CARTESIAN_POINT('',(-179.01,42.426406871193,87.484363159158));
#5948 = DIRECTION('',(0.,0.707106781187,0.707106781187));
#5949 = DIRECTION('',(1.,0.,0.));
#5950 = DEFINITIONAL_REPRESENTATION('',(#5951),#5955);
#5951 = LINE('',#5952,#5953);
#5952 = CARTESIAN_POINT('',(9.999999999991E-03,-3.));
#5953 = VECTOR('',#5954,1.);
#5954 = DIRECTION('',(1.,0.));
#5955 = ( GEOMETRIC_REPRESENTATION_CONTEXT(2) 
PARAMETRIC_REPRESENTATION_CONTEXT() REPRESENTATION_CONTEXT('2D SPACE',''
  ) );
#5956 = ORIENTED_EDGE('',*,*,#5957,.T.);
#5957 = EDGE_CURVE('',#5930,#5958,#5960,.T.);
#5958 = VERTEX_POINT('',#5959);
#5959 = CARTESIAN_POINT('',(-174.9,37.41301979258,86.713616767664));
#5960 = SURFACE_CURVE('',#5961,(#5966,#5977),.PCURVE_S1.);
#5961 = CIRCLE('',#5962,4.09);
#5962 = AXIS2_PLACEMENT_3D('',#5963,#5964,#5965);
#5963 = CARTESIAN_POINT('',(-178.99,37.41301979258,86.713616767664));
#5964 = DIRECTION('',(0.,0.707106781187,-0.707106781187));
#5965 = DIRECTION('',(-1.,0.,0.));
#5966 = PCURVE('',#5189,#5967);
#5967 = DEFINITIONAL_REPRESENTATION('',(#5968),#5976);
#5968 = ( BOUNDED_CURVE() B_SPLINE_CURVE(2,(#5969,#5970,#5971,#5972,
#5973,#5974,#5975),.UNSPECIFIED.,.T.,.F.) B_SPLINE_CURVE_WITH_KNOTS((1,2
    ,2,2,2,1),(-2.094395102393,0.,2.094395102393,4.188790204786,
6.28318530718,8.377580409573),.UNSPECIFIED.) CURVE() 
GEOMETRIC_REPRESENTATION_ITEM() RATIONAL_B_SPLINE_CURVE((1.,0.5,1.,0.5,
1.,0.5,1.)) REPRESENTATION_ITEM('') );
#5969 = CARTESIAN_POINT('',(-4.08,1.E-02));
#5970 = CARTESIAN_POINT('',(-4.08,7.094087802957));
#5971 = CARTESIAN_POINT('',(2.055,3.552043901478));
#5972 = CARTESIAN_POINT('',(8.19,1.E-02));
#5973 = CARTESIAN_POINT('',(2.055,-3.532043901478));
#5974 = CARTESIAN_POINT('',(-4.08,-7.074087802957));
#5975 = CARTESIAN_POINT('',(-4.08,1.E-02));
#5976 = ( GEOMETRIC_REPRESENTATION_CONTEXT(2) 
PARAMETRIC_REPRESENTATION_CONTEXT() REPRESENTATION_CONTEXT('2D SPACE',''
  ) );
#5977 = PCURVE('',#5978,#5983);
#5978 = CYLINDRICAL_SURFACE('',#5979,4.09);
#5979 = AXIS2_PLACEMENT_3D('',#5980,#5981,#5982);
#5980 = CARTESIAN_POINT('',(-178.99,39.53434013614,84.592296424105));
#5981 = DIRECTION('',(0.,0.707106781187,-0.707106781187));
#5982 = DIRECTION('',(-1.,0.,0.));
#5983 = DEFINITIONAL_REPRESENTATION('',(#5984),#5988);
#5984 = LINE('',#5985,#5986);
#5985 = CARTESIAN_POINT('',(0.,-3.));
#5986 = VECTOR('',#5987,1.);
#5987 = DIRECTION('',(1.,0.));
#5988 = ( GEOMETRIC_REPRESENTATION_CONTEXT(2) 
PARAMETRIC_REPRESENTATION_CONTEXT() REPRESENTATION_CONTEXT('2D SPACE',''
  ) );
#5989 = ORIENTED_EDGE('',*,*,#5990,.F.);
#5990 = EDGE_CURVE('',#5991,#5958,#5993,.T.);
#5991 = VERTEX_POINT('',#5992);
#5992 = CARTESIAN_POINT('',(-174.9,37.398877656957,86.699474632041));
#5993 = SURFACE_CURVE('',#5994,(#5998,#6005),.PCURVE_S1.);
#5994 = LINE('',#5995,#5996);
#5995 = CARTESIAN_POINT('',(-174.9,37.405948724768,86.706545699852));
#5996 = VECTOR('',#5997,1.);
#5997 = DIRECTION('',(0.,0.707106781187,0.707106781187));
#5998 = PCURVE('',#5189,#5999);
#5999 = DEFINITIONAL_REPRESENTATION('',(#6000),#6004);
#6000 = LINE('',#6001,#6002);
#6001 = CARTESIAN_POINT('',(4.1,9.856193478124E-17));
#6002 = VECTOR('',#6003,1.);
#6003 = DIRECTION('',(0.,1.));
#6004 = ( GEOMETRIC_REPRESENTATION_CONTEXT(2) 
PARAMETRIC_REPRESENTATION_CONTEXT() REPRESENTATION_CONTEXT('2D SPACE',''
  ) );
#6005 = PCURVE('',#6006,#6011);
#6006 = PLANE('',#6007);
#6007 = AXIS2_PLACEMENT_3D('',#6008,#6009,#6010);
#6008 = CARTESIAN_POINT('',(-174.9,39.520198000516,84.578154288481));
#6009 = DIRECTION('',(-1.,0.,0.));
#6010 = DIRECTION('',(0.,0.707106781187,0.707106781187));
#6011 = DEFINITIONAL_REPRESENTATION('',(#6012),#6016);
#6012 = LINE('',#6013,#6014);
#6013 = CARTESIAN_POINT('',(9.999999999998E-03,-3.));
#6014 = VECTOR('',#6015,1.);
#6015 = DIRECTION('',(1.,0.));
#6016 = ( GEOMETRIC_REPRESENTATION_CONTEXT(2) 
PARAMETRIC_REPRESENTATION_CONTEXT() REPRESENTATION_CONTEXT('2D SPACE',''
  ) );
#6017 = ORIENTED_EDGE('',*,*,#6018,.T.);
#6018 = EDGE_CURVE('',#5991,#6019,#6021,.T.);
#6019 = VERTEX_POINT('',#6020);
#6020 = CARTESIAN_POINT('',(-178.99,34.506810921904,83.807407896988));
#6021 = SURFACE_CURVE('',#6022,(#6027,#6038),.PCURVE_S1.);
#6022 = CIRCLE('',#6023,4.09);
#6023 = AXIS2_PLACEMENT_3D('',#6024,#6025,#6026);
#6024 = CARTESIAN_POINT('',(-178.99,37.398877656957,86.699474632041));
#6025 = DIRECTION('',(0.,0.707106781187,-0.707106781187));
#6026 = DIRECTION('',(-1.,0.,0.));
#6027 = PCURVE('',#5189,#6028);
#6028 = DEFINITIONAL_REPRESENTATION('',(#6029),#6037);
#6029 = ( BOUNDED_CURVE() B_SPLINE_CURVE(2,(#6030,#6031,#6032,#6033,
#6034,#6035,#6036),.UNSPECIFIED.,.T.,.F.) B_SPLINE_CURVE_WITH_KNOTS((1,2
    ,2,2,2,1),(-2.094395102393,0.,2.094395102393,4.188790204786,
6.28318530718,8.377580409573),.UNSPECIFIED.) CURVE() 
GEOMETRIC_REPRESENTATION_ITEM() RATIONAL_B_SPLINE_CURVE((1.,0.5,1.,0.5,
1.,0.5,1.)) REPRESENTATION_ITEM('') );
#6030 = CARTESIAN_POINT('',(-4.08,-1.E-02));
#6031 = CARTESIAN_POINT('',(-4.08,7.074087802957));
#6032 = CARTESIAN_POINT('',(2.055,3.532043901478));
#6033 = CARTESIAN_POINT('',(8.19,-9.999999999999E-03));
#6034 = CARTESIAN_POINT('',(2.055,-3.552043901478));
#6035 = CARTESIAN_POINT('',(-4.08,-7.094087802957));
#6036 = CARTESIAN_POINT('',(-4.08,-1.E-02));
#6037 = ( GEOMETRIC_REPRESENTATION_CONTEXT(2) 
PARAMETRIC_REPRESENTATION_CONTEXT() REPRESENTATION_CONTEXT('2D SPACE',''
  ) );
#6038 = PCURVE('',#6039,#6044);
#6039 = CYLINDRICAL_SURFACE('',#6040,4.09);
#6040 = AXIS2_PLACEMENT_3D('',#6041,#6042,#6043);
#6041 = CARTESIAN_POINT('',(-178.99,39.520198000516,84.578154288481));
#6042 = DIRECTION('',(0.,0.707106781187,-0.707106781187));
#6043 = DIRECTION('',(-1.,0.,0.));
#6044 = DEFINITIONAL_REPRESENTATION('',(#6045),#6049);
#6045 = LINE('',#6046,#6047);
#6046 = CARTESIAN_POINT('',(0.,-3.));
#6047 = VECTOR('',#6048,1.);
#6048 = DIRECTION('',(1.,0.));
#6049 = ( GEOMETRIC_REPRESENTATION_CONTEXT(2) 
PARAMETRIC_REPRESENTATION_CONTEXT() REPRESENTATION_CONTEXT('2D SPACE',''
  ) );
#6050 = ORIENTED_EDGE('',*,*,#6051,.F.);
#6051 = EDGE_CURVE('',#5834,#6019,#6052,.T.);
#6052 = SURFACE_CURVE('',#6053,(#6057,#6064),.PCURVE_S1.);
#6053 = LINE('',#6054,#6055);
#6054 = CARTESIAN_POINT('',(-179.,34.506810921904,83.807407896988));
#6055 = VECTOR('',#6056,1.);
#6056 = DIRECTION('',(1.,0.,0.));
#6057 = PCURVE('',#5189,#6058);
#6058 = DEFINITIONAL_REPRESENTATION('',(#6059),#6063);
#6059 = LINE('',#6060,#6061);
#6060 = CARTESIAN_POINT('',(4.111399457208E-16,-4.1));
#6061 = VECTOR('',#6062,1.);
#6062 = DIRECTION('',(1.,0.));
#6063 = ( GEOMETRIC_REPRESENTATION_CONTEXT(2) 
PARAMETRIC_REPRESENTATION_CONTEXT() REPRESENTATION_CONTEXT('2D SPACE',''
  ) );
#6064 = PCURVE('',#6065,#6070);
#6065 = PLANE('',#6066);
#6066 = AXIS2_PLACEMENT_3D('',#6067,#6068,#6069);
#6067 = CARTESIAN_POINT('',(-179.01,36.628131265463,81.686087553428));
#6068 = DIRECTION('',(0.,0.707106781187,0.707106781187));
#6069 = DIRECTION('',(1.,0.,0.));
#6070 = DEFINITIONAL_REPRESENTATION('',(#6071),#6075);
#6071 = LINE('',#6072,#6073);
#6072 = CARTESIAN_POINT('',(9.999999999991E-03,-3.));
#6073 = VECTOR('',#6074,1.);
#6074 = DIRECTION('',(1.,0.));
#6075 = ( GEOMETRIC_REPRESENTATION_CONTEXT(2) 
PARAMETRIC_REPRESENTATION_CONTEXT() REPRESENTATION_CONTEXT('2D SPACE',''
  ) );
#6076 = ADVANCED_FACE('',(#6077),#5599,.F.);
#6077 = FACE_BOUND('',#6078,.F.);
#6078 = EDGE_LOOP('',(#6079,#6102,#6103,#6126));
#6079 = ORIENTED_EDGE('',*,*,#6080,.T.);
#6080 = EDGE_CURVE('',#6081,#5577,#6083,.T.);
#6081 = VERTEX_POINT('',#6082);
#6082 = CARTESIAN_POINT('',(-179.01,-37.90092347159,7.157032816366));
#6083 = SURFACE_CURVE('',#6084,(#6088,#6095),.PCURVE_S1.);
#6084 = LINE('',#6085,#6086);
#6085 = CARTESIAN_POINT('',(-179.01,-37.90092347159,7.157032816366));
#6086 = VECTOR('',#6087,1.);
#6087 = DIRECTION('',(0.,-0.707106781187,0.707106781187));
#6088 = PCURVE('',#5599,#6089);
#6089 = DEFINITIONAL_REPRESENTATION('',(#6090),#6094);
#6090 = LINE('',#6091,#6092);
#6091 = CARTESIAN_POINT('',(4.712388980385,0.));
#6092 = VECTOR('',#6093,1.);
#6093 = DIRECTION('',(0.,-1.));
#6094 = ( GEOMETRIC_REPRESENTATION_CONTEXT(2) 
PARAMETRIC_REPRESENTATION_CONTEXT() REPRESENTATION_CONTEXT('2D SPACE',''
  ) );
#6095 = PCURVE('',#5808,#6096);
#6096 = DEFINITIONAL_REPRESENTATION('',(#6097),#6101);
#6097 = LINE('',#6098,#6099);
#6098 = CARTESIAN_POINT('',(0.,0.));
#6099 = VECTOR('',#6100,1.);
#6100 = DIRECTION('',(0.,-1.));
#6101 = ( GEOMETRIC_REPRESENTATION_CONTEXT(2) 
PARAMETRIC_REPRESENTATION_CONTEXT() REPRESENTATION_CONTEXT('2D SPACE',''
  ) );
#6102 = ORIENTED_EDGE('',*,*,#5576,.T.);
#6103 = ORIENTED_EDGE('',*,*,#6104,.F.);
#6104 = EDGE_CURVE('',#6105,#5579,#6107,.T.);
#6105 = VERTEX_POINT('',#6106);
#6106 = CARTESIAN_POINT('',(-183.1,-35.00885673654,10.049099551419));
#6107 = SURFACE_CURVE('',#6108,(#6112,#6119),.PCURVE_S1.);
#6108 = LINE('',#6109,#6110);
#6109 = CARTESIAN_POINT('',(-183.1,-35.00885673654,10.049099551419));
#6110 = VECTOR('',#6111,1.);
#6111 = DIRECTION('',(0.,-0.707106781187,0.707106781187));
#6112 = PCURVE('',#5599,#6113);
#6113 = DEFINITIONAL_REPRESENTATION('',(#6114),#6118);
#6114 = LINE('',#6115,#6116);
#6115 = CARTESIAN_POINT('',(6.28318530718,0.));
#6116 = VECTOR('',#6117,1.);
#6117 = DIRECTION('',(0.,-1.));
#6118 = ( GEOMETRIC_REPRESENTATION_CONTEXT(2) 
PARAMETRIC_REPRESENTATION_CONTEXT() REPRESENTATION_CONTEXT('2D SPACE',''
  ) );
#6119 = PCURVE('',#5627,#6120);
#6120 = DEFINITIONAL_REPRESENTATION('',(#6121),#6125);
#6121 = LINE('',#6122,#6123);
#6122 = CARTESIAN_POINT('',(0.,0.));
#6123 = VECTOR('',#6124,1.);
#6124 = DIRECTION('',(0.,-1.));
#6125 = ( GEOMETRIC_REPRESENTATION_CONTEXT(2) 
PARAMETRIC_REPRESENTATION_CONTEXT() REPRESENTATION_CONTEXT('2D SPACE',''
  ) );
#6126 = ORIENTED_EDGE('',*,*,#6127,.F.);
#6127 = EDGE_CURVE('',#6081,#6105,#6128,.T.);
#6128 = SURFACE_CURVE('',#6129,(#6134,#6141),.PCURVE_S1.);
#6129 = CIRCLE('',#6130,4.09);
#6130 = AXIS2_PLACEMENT_3D('',#6131,#6132,#6133);
#6131 = CARTESIAN_POINT('',(-179.01,-35.00885673654,10.049099551419));
#6132 = DIRECTION('',(0.,0.707106781187,-0.707106781187));
#6133 = DIRECTION('',(-1.,0.,0.));
#6134 = PCURVE('',#5599,#6135);
#6135 = DEFINITIONAL_REPRESENTATION('',(#6136),#6140);
#6136 = LINE('',#6137,#6138);
#6137 = CARTESIAN_POINT('',(0.,0.));
#6138 = VECTOR('',#6139,1.);
#6139 = DIRECTION('',(1.,0.));
#6140 = ( GEOMETRIC_REPRESENTATION_CONTEXT(2) 
PARAMETRIC_REPRESENTATION_CONTEXT() REPRESENTATION_CONTEXT('2D SPACE',''
  ) );
#6141 = PCURVE('',#6142,#6147);
#6142 = PLANE('',#6143);
#6143 = AXIS2_PLACEMENT_3D('',#6144,#6145,#6146);
#6144 = CARTESIAN_POINT('',(-179.,-35.00178566873,10.056170619231));
#6145 = DIRECTION('',(0.,-0.707106781187,0.707106781187));
#6146 = DIRECTION('',(1.,0.,0.));
#6147 = DEFINITIONAL_REPRESENTATION('',(#6148),#6156);
#6148 = ( BOUNDED_CURVE() B_SPLINE_CURVE(2,(#6149,#6150,#6151,#6152,
#6153,#6154,#6155),.UNSPECIFIED.,.T.,.F.) B_SPLINE_CURVE_WITH_KNOTS((1,2
    ,2,2,2,1),(-2.094395102393,0.,2.094395102393,4.188790204786,
6.28318530718,8.377580409573),.UNSPECIFIED.) CURVE() 
GEOMETRIC_REPRESENTATION_ITEM() RATIONAL_B_SPLINE_CURVE((1.,0.5,1.,0.5,
1.,0.5,1.)) REPRESENTATION_ITEM('') );
#6149 = CARTESIAN_POINT('',(-4.1,-1.E-02));
#6150 = CARTESIAN_POINT('',(-4.1,7.074087802957));
#6151 = CARTESIAN_POINT('',(2.035,3.532043901478));
#6152 = CARTESIAN_POINT('',(8.17,-9.999999999999E-03));
#6153 = CARTESIAN_POINT('',(2.035,-3.552043901478));
#6154 = CARTESIAN_POINT('',(-4.1,-7.094087802957));
#6155 = CARTESIAN_POINT('',(-4.1,-1.E-02));
#6156 = ( GEOMETRIC_REPRESENTATION_CONTEXT(2) 
PARAMETRIC_REPRESENTATION_CONTEXT() REPRESENTATION_CONTEXT('2D SPACE',''
  ) );
#6157 = ADVANCED_FACE('',(#6158),#5808,.T.);
#6158 = FACE_BOUND('',#6159,.T.);
#6159 = EDGE_LOOP('',(#6160,#6161,#6162,#6185));
#6160 = ORIENTED_EDGE('',*,*,#6080,.T.);
#6161 = ORIENTED_EDGE('',*,*,#5794,.T.);
#6162 = ORIENTED_EDGE('',*,*,#6163,.F.);
#6163 = EDGE_CURVE('',#6164,#5762,#6166,.T.);
#6164 = VERTEX_POINT('',#6165);
#6165 = CARTESIAN_POINT('',(-178.99,-37.90092347159,7.157032816366));
#6166 = SURFACE_CURVE('',#6167,(#6171,#6178),.PCURVE_S1.);
#6167 = LINE('',#6168,#6169);
#6168 = CARTESIAN_POINT('',(-178.99,-37.90092347159,7.157032816366));
#6169 = VECTOR('',#6170,1.);
#6170 = DIRECTION('',(0.,-0.707106781187,0.707106781187));
#6171 = PCURVE('',#5808,#6172);
#6172 = DEFINITIONAL_REPRESENTATION('',(#6173),#6177);
#6173 = LINE('',#6174,#6175);
#6174 = CARTESIAN_POINT('',(1.999999999998E-02,0.));
#6175 = VECTOR('',#6176,1.);
#6176 = DIRECTION('',(0.,-1.));
#6177 = ( GEOMETRIC_REPRESENTATION_CONTEXT(2) 
PARAMETRIC_REPRESENTATION_CONTEXT() REPRESENTATION_CONTEXT('2D SPACE',''
  ) );
#6178 = PCURVE('',#5782,#6179);
#6179 = DEFINITIONAL_REPRESENTATION('',(#6180),#6184);
#6180 = LINE('',#6181,#6182);
#6181 = CARTESIAN_POINT('',(4.712388980385,0.));
#6182 = VECTOR('',#6183,1.);
#6183 = DIRECTION('',(0.,-1.));
#6184 = ( GEOMETRIC_REPRESENTATION_CONTEXT(2) 
PARAMETRIC_REPRESENTATION_CONTEXT() REPRESENTATION_CONTEXT('2D SPACE',''
  ) );
#6185 = ORIENTED_EDGE('',*,*,#6186,.F.);
#6186 = EDGE_CURVE('',#6081,#6164,#6187,.T.);
#6187 = SURFACE_CURVE('',#6188,(#6192,#6199),.PCURVE_S1.);
#6188 = LINE('',#6189,#6190);
#6189 = CARTESIAN_POINT('',(-179.,-37.90092347159,7.157032816366));
#6190 = VECTOR('',#6191,1.);
#6191 = DIRECTION('',(1.,0.,0.));
#6192 = PCURVE('',#5808,#6193);
#6193 = DEFINITIONAL_REPRESENTATION('',(#6194),#6198);
#6194 = LINE('',#6195,#6196);
#6195 = CARTESIAN_POINT('',(9.999999999991E-03,0.));
#6196 = VECTOR('',#6197,1.);
#6197 = DIRECTION('',(1.,0.));
#6198 = ( GEOMETRIC_REPRESENTATION_CONTEXT(2) 
PARAMETRIC_REPRESENTATION_CONTEXT() REPRESENTATION_CONTEXT('2D SPACE',''
  ) );
#6199 = PCURVE('',#6142,#6200);
#6200 = DEFINITIONAL_REPRESENTATION('',(#6201),#6205);
#6201 = LINE('',#6202,#6203);
#6202 = CARTESIAN_POINT('',(2.314264482825E-18,-4.1));
#6203 = VECTOR('',#6204,1.);
#6204 = DIRECTION('',(1.,0.));
#6205 = ( GEOMETRIC_REPRESENTATION_CONTEXT(2) 
PARAMETRIC_REPRESENTATION_CONTEXT() REPRESENTATION_CONTEXT('2D SPACE',''
  ) );
#6206 = ADVANCED_FACE('',(#6207),#5782,.F.);
#6207 = FACE_BOUND('',#6208,.F.);
#6208 = EDGE_LOOP('',(#6209,#6232,#6233,#6234));
#6209 = ORIENTED_EDGE('',*,*,#6210,.T.);
#6210 = EDGE_CURVE('',#6211,#5734,#6213,.T.);
#6211 = VERTEX_POINT('',#6212);
#6212 = CARTESIAN_POINT('',(-174.9,-35.00885673654,10.049099551419));
#6213 = SURFACE_CURVE('',#6214,(#6218,#6225),.PCURVE_S1.);
#6214 = LINE('',#6215,#6216);
#6215 = CARTESIAN_POINT('',(-174.9,-35.00885673654,10.049099551419));
#6216 = VECTOR('',#6217,1.);
#6217 = DIRECTION('',(0.,-0.707106781187,0.707106781187));
#6218 = PCURVE('',#5782,#6219);
#6219 = DEFINITIONAL_REPRESENTATION('',(#6220),#6224);
#6220 = LINE('',#6221,#6222);
#6221 = CARTESIAN_POINT('',(3.14159265359,0.));
#6222 = VECTOR('',#6223,1.);
#6223 = DIRECTION('',(0.,-1.));
#6224 = ( GEOMETRIC_REPRESENTATION_CONTEXT(2) 
PARAMETRIC_REPRESENTATION_CONTEXT() REPRESENTATION_CONTEXT('2D SPACE',''
  ) );
#6225 = PCURVE('',#5749,#6226);
#6226 = DEFINITIONAL_REPRESENTATION('',(#6227),#6231);
#6227 = LINE('',#6228,#6229);
#6228 = CARTESIAN_POINT('',(0.,0.));
#6229 = VECTOR('',#6230,1.);
#6230 = DIRECTION('',(0.,-1.));
#6231 = ( GEOMETRIC_REPRESENTATION_CONTEXT(2) 
PARAMETRIC_REPRESENTATION_CONTEXT() REPRESENTATION_CONTEXT('2D SPACE',''
  ) );
#6232 = ORIENTED_EDGE('',*,*,#5761,.T.);
#6233 = ORIENTED_EDGE('',*,*,#6163,.F.);
#6234 = ORIENTED_EDGE('',*,*,#6235,.F.);
#6235 = EDGE_CURVE('',#6211,#6164,#6236,.T.);
#6236 = SURFACE_CURVE('',#6237,(#6242,#6249),.PCURVE_S1.);
#6237 = CIRCLE('',#6238,4.09);
#6238 = AXIS2_PLACEMENT_3D('',#6239,#6240,#6241);
#6239 = CARTESIAN_POINT('',(-178.99,-35.00885673654,10.049099551419));
#6240 = DIRECTION('',(0.,0.707106781187,-0.707106781187));
#6241 = DIRECTION('',(-1.,0.,0.));
#6242 = PCURVE('',#5782,#6243);
#6243 = DEFINITIONAL_REPRESENTATION('',(#6244),#6248);
#6244 = LINE('',#6245,#6246);
#6245 = CARTESIAN_POINT('',(0.,0.));
#6246 = VECTOR('',#6247,1.);
#6247 = DIRECTION('',(1.,0.));
#6248 = ( GEOMETRIC_REPRESENTATION_CONTEXT(2) 
PARAMETRIC_REPRESENTATION_CONTEXT() REPRESENTATION_CONTEXT('2D SPACE',''
  ) );
#6249 = PCURVE('',#6142,#6250);
#6250 = DEFINITIONAL_REPRESENTATION('',(#6251),#6259);
#6251 = ( BOUNDED_CURVE() B_SPLINE_CURVE(2,(#6252,#6253,#6254,#6255,
#6256,#6257,#6258),.UNSPECIFIED.,.T.,.F.) B_SPLINE_CURVE_WITH_KNOTS((1,2
    ,2,2,2,1),(-2.094395102393,0.,2.094395102393,4.188790204786,
6.28318530718,8.377580409573),.UNSPECIFIED.) CURVE() 
GEOMETRIC_REPRESENTATION_ITEM() RATIONAL_B_SPLINE_CURVE((1.,0.5,1.,0.5,
1.,0.5,1.)) REPRESENTATION_ITEM('') );
#6252 = CARTESIAN_POINT('',(-4.08,-1.E-02));
#6253 = CARTESIAN_POINT('',(-4.08,7.074087802957));
#6254 = CARTESIAN_POINT('',(2.055,3.532043901478));
#6255 = CARTESIAN_POINT('',(8.19,-9.999999999999E-03));
#6256 = CARTESIAN_POINT('',(2.055,-3.552043901478));
#6257 = CARTESIAN_POINT('',(-4.08,-7.094087802957));
#6258 = CARTESIAN_POINT('',(-4.08,-1.E-02));
#6259 = ( GEOMETRIC_REPRESENTATION_CONTEXT(2) 
PARAMETRIC_REPRESENTATION_CONTEXT() REPRESENTATION_CONTEXT('2D SPACE',''
  ) );
#6260 = ADVANCED_FACE('',(#6261),#5749,.T.);
#6261 = FACE_BOUND('',#6262,.T.);
#6262 = EDGE_LOOP('',(#6263,#6264,#6265,#6288));
#6263 = ORIENTED_EDGE('',*,*,#6210,.T.);
#6264 = ORIENTED_EDGE('',*,*,#5733,.T.);
#6265 = ORIENTED_EDGE('',*,*,#6266,.F.);
#6266 = EDGE_CURVE('',#6267,#5701,#6269,.T.);
#6267 = VERTEX_POINT('',#6268);
#6268 = CARTESIAN_POINT('',(-174.9,-34.99471460092,10.063241687042));
#6269 = SURFACE_CURVE('',#6270,(#6274,#6281),.PCURVE_S1.);
#6270 = LINE('',#6271,#6272);
#6271 = CARTESIAN_POINT('',(-174.9,-34.99471460092,10.063241687042));
#6272 = VECTOR('',#6273,1.);
#6273 = DIRECTION('',(0.,-0.707106781187,0.707106781187));
#6274 = PCURVE('',#5749,#6275);
#6275 = DEFINITIONAL_REPRESENTATION('',(#6276),#6280);
#6276 = LINE('',#6277,#6278);
#6277 = CARTESIAN_POINT('',(2.E-02,0.));
#6278 = VECTOR('',#6279,1.);
#6279 = DIRECTION('',(0.,-1.));
#6280 = ( GEOMETRIC_REPRESENTATION_CONTEXT(2) 
PARAMETRIC_REPRESENTATION_CONTEXT() REPRESENTATION_CONTEXT('2D SPACE',''
  ) );
#6281 = PCURVE('',#5721,#6282);
#6282 = DEFINITIONAL_REPRESENTATION('',(#6283),#6287);
#6283 = LINE('',#6284,#6285);
#6284 = CARTESIAN_POINT('',(3.14159265359,0.));
#6285 = VECTOR('',#6286,1.);
#6286 = DIRECTION('',(0.,-1.));
#6287 = ( GEOMETRIC_REPRESENTATION_CONTEXT(2) 
PARAMETRIC_REPRESENTATION_CONTEXT() REPRESENTATION_CONTEXT('2D SPACE',''
  ) );
#6288 = ORIENTED_EDGE('',*,*,#6289,.F.);
#6289 = EDGE_CURVE('',#6211,#6267,#6290,.T.);
#6290 = SURFACE_CURVE('',#6291,(#6295,#6302),.PCURVE_S1.);
#6291 = LINE('',#6292,#6293);
#6292 = CARTESIAN_POINT('',(-174.9,-35.00178566873,10.056170619231));
#6293 = VECTOR('',#6294,1.);
#6294 = DIRECTION('',(0.,0.707106781187,0.707106781187));
#6295 = PCURVE('',#5749,#6296);
#6296 = DEFINITIONAL_REPRESENTATION('',(#6297),#6301);
#6297 = LINE('',#6298,#6299);
#6298 = CARTESIAN_POINT('',(9.999999999998E-03,0.));
#6299 = VECTOR('',#6300,1.);
#6300 = DIRECTION('',(1.,0.));
#6301 = ( GEOMETRIC_REPRESENTATION_CONTEXT(2) 
PARAMETRIC_REPRESENTATION_CONTEXT() REPRESENTATION_CONTEXT('2D SPACE',''
  ) );
#6302 = PCURVE('',#6142,#6303);
#6303 = DEFINITIONAL_REPRESENTATION('',(#6304),#6308);
#6304 = LINE('',#6305,#6306);
#6305 = CARTESIAN_POINT('',(4.1,0.));
#6306 = VECTOR('',#6307,1.);
#6307 = DIRECTION('',(0.,1.));
#6308 = ( GEOMETRIC_REPRESENTATION_CONTEXT(2) 
PARAMETRIC_REPRESENTATION_CONTEXT() REPRESENTATION_CONTEXT('2D SPACE',''
  ) );
#6309 = ADVANCED_FACE('',(#6310),#5721,.F.);
#6310 = FACE_BOUND('',#6311,.F.);
#6311 = EDGE_LOOP('',(#6312,#6335,#6336,#6337));
#6312 = ORIENTED_EDGE('',*,*,#6313,.T.);
#6313 = EDGE_CURVE('',#6314,#5673,#6316,.T.);
#6314 = VERTEX_POINT('',#6315);
#6315 = CARTESIAN_POINT('',(-178.99,-32.10264786586,12.955308422095));
#6316 = SURFACE_CURVE('',#6317,(#6321,#6328),.PCURVE_S1.);
#6317 = LINE('',#6318,#6319);
#6318 = CARTESIAN_POINT('',(-178.99,-32.10264786586,12.955308422095));
#6319 = VECTOR('',#6320,1.);
#6320 = DIRECTION('',(0.,-0.707106781187,0.707106781187));
#6321 = PCURVE('',#5721,#6322);
#6322 = DEFINITIONAL_REPRESENTATION('',(#6323),#6327);
#6323 = LINE('',#6324,#6325);
#6324 = CARTESIAN_POINT('',(1.570796326795,0.));
#6325 = VECTOR('',#6326,1.);
#6326 = DIRECTION('',(0.,-1.));
#6327 = ( GEOMETRIC_REPRESENTATION_CONTEXT(2) 
PARAMETRIC_REPRESENTATION_CONTEXT() REPRESENTATION_CONTEXT('2D SPACE',''
  ) );
#6328 = PCURVE('',#5688,#6329);
#6329 = DEFINITIONAL_REPRESENTATION('',(#6330),#6334);
#6330 = LINE('',#6331,#6332);
#6331 = CARTESIAN_POINT('',(1.999999999998E-02,0.));
#6332 = VECTOR('',#6333,1.);
#6333 = DIRECTION('',(0.,-1.));
#6334 = ( GEOMETRIC_REPRESENTATION_CONTEXT(2) 
PARAMETRIC_REPRESENTATION_CONTEXT() REPRESENTATION_CONTEXT('2D SPACE',''
  ) );
#6335 = ORIENTED_EDGE('',*,*,#5700,.T.);
#6336 = ORIENTED_EDGE('',*,*,#6266,.F.);
#6337 = ORIENTED_EDGE('',*,*,#6338,.F.);
#6338 = EDGE_CURVE('',#6314,#6267,#6339,.T.);
#6339 = SURFACE_CURVE('',#6340,(#6345,#6352),.PCURVE_S1.);
#6340 = CIRCLE('',#6341,4.09);
#6341 = AXIS2_PLACEMENT_3D('',#6342,#6343,#6344);
#6342 = CARTESIAN_POINT('',(-178.99,-34.99471460092,10.063241687042));
#6343 = DIRECTION('',(0.,0.707106781187,-0.707106781187));
#6344 = DIRECTION('',(-1.,0.,0.));
#6345 = PCURVE('',#5721,#6346);
#6346 = DEFINITIONAL_REPRESENTATION('',(#6347),#6351);
#6347 = LINE('',#6348,#6349);
#6348 = CARTESIAN_POINT('',(0.,0.));
#6349 = VECTOR('',#6350,1.);
#6350 = DIRECTION('',(1.,0.));
#6351 = ( GEOMETRIC_REPRESENTATION_CONTEXT(2) 
PARAMETRIC_REPRESENTATION_CONTEXT() REPRESENTATION_CONTEXT('2D SPACE',''
  ) );
#6352 = PCURVE('',#6142,#6353);
#6353 = DEFINITIONAL_REPRESENTATION('',(#6354),#6362);
#6354 = ( BOUNDED_CURVE() B_SPLINE_CURVE(2,(#6355,#6356,#6357,#6358,
#6359,#6360,#6361),.UNSPECIFIED.,.T.,.F.) B_SPLINE_CURVE_WITH_KNOTS((1,2
    ,2,2,2,1),(-2.094395102393,0.,2.094395102393,4.188790204786,
6.28318530718,8.377580409573),.UNSPECIFIED.) CURVE() 
GEOMETRIC_REPRESENTATION_ITEM() RATIONAL_B_SPLINE_CURVE((1.,0.5,1.,0.5,
1.,0.5,1.)) REPRESENTATION_ITEM('') );
#6355 = CARTESIAN_POINT('',(-4.08,1.E-02));
#6356 = CARTESIAN_POINT('',(-4.08,7.094087802957));
#6357 = CARTESIAN_POINT('',(2.055,3.552043901478));
#6358 = CARTESIAN_POINT('',(8.19,1.E-02));
#6359 = CARTESIAN_POINT('',(2.055,-3.532043901478));
#6360 = CARTESIAN_POINT('',(-4.08,-7.074087802957));
#6361 = CARTESIAN_POINT('',(-4.08,1.E-02));
#6362 = ( GEOMETRIC_REPRESENTATION_CONTEXT(2) 
PARAMETRIC_REPRESENTATION_CONTEXT() REPRESENTATION_CONTEXT('2D SPACE',''
  ) );
#6363 = ADVANCED_FACE('',(#6364),#5688,.F.);
#6364 = FACE_BOUND('',#6365,.F.);
#6365 = EDGE_LOOP('',(#6366,#6389,#6390,#6391));
#6366 = ORIENTED_EDGE('',*,*,#6367,.T.);
#6367 = EDGE_CURVE('',#6368,#5640,#6370,.T.);
#6368 = VERTEX_POINT('',#6369);
#6369 = CARTESIAN_POINT('',(-179.01,-32.10264786586,12.955308422095));
#6370 = SURFACE_CURVE('',#6371,(#6375,#6382),.PCURVE_S1.);
#6371 = LINE('',#6372,#6373);
#6372 = CARTESIAN_POINT('',(-179.01,-32.10264786586,12.955308422095));
#6373 = VECTOR('',#6374,1.);
#6374 = DIRECTION('',(0.,-0.707106781187,0.707106781187));
#6375 = PCURVE('',#5688,#6376);
#6376 = DEFINITIONAL_REPRESENTATION('',(#6377),#6381);
#6377 = LINE('',#6378,#6379);
#6378 = CARTESIAN_POINT('',(0.,0.));
#6379 = VECTOR('',#6380,1.);
#6380 = DIRECTION('',(0.,-1.));
#6381 = ( GEOMETRIC_REPRESENTATION_CONTEXT(2) 
PARAMETRIC_REPRESENTATION_CONTEXT() REPRESENTATION_CONTEXT('2D SPACE',''
  ) );
#6382 = PCURVE('',#5660,#6383);
#6383 = DEFINITIONAL_REPRESENTATION('',(#6384),#6388);
#6384 = LINE('',#6385,#6386);
#6385 = CARTESIAN_POINT('',(1.570796326795,0.));
#6386 = VECTOR('',#6387,1.);
#6387 = DIRECTION('',(0.,-1.));
#6388 = ( GEOMETRIC_REPRESENTATION_CONTEXT(2) 
PARAMETRIC_REPRESENTATION_CONTEXT() REPRESENTATION_CONTEXT('2D SPACE',''
  ) );
#6389 = ORIENTED_EDGE('',*,*,#5672,.T.);
#6390 = ORIENTED_EDGE('',*,*,#6313,.F.);
#6391 = ORIENTED_EDGE('',*,*,#6392,.F.);
#6392 = EDGE_CURVE('',#6368,#6314,#6393,.T.);
#6393 = SURFACE_CURVE('',#6394,(#6398,#6405),.PCURVE_S1.);
#6394 = LINE('',#6395,#6396);
#6395 = CARTESIAN_POINT('',(-179.,-32.10264786586,12.955308422095));
#6396 = VECTOR('',#6397,1.);
#6397 = DIRECTION('',(1.,0.,0.));
#6398 = PCURVE('',#5688,#6399);
#6399 = DEFINITIONAL_REPRESENTATION('',(#6400),#6404);
#6400 = LINE('',#6401,#6402);
#6401 = CARTESIAN_POINT('',(9.999999999991E-03,0.));
#6402 = VECTOR('',#6403,1.);
#6403 = DIRECTION('',(1.,0.));
#6404 = ( GEOMETRIC_REPRESENTATION_CONTEXT(2) 
PARAMETRIC_REPRESENTATION_CONTEXT() REPRESENTATION_CONTEXT('2D SPACE',''
  ) );
#6405 = PCURVE('',#6142,#6406);
#6406 = DEFINITIONAL_REPRESENTATION('',(#6407),#6411);
#6407 = LINE('',#6408,#6409);
#6408 = CARTESIAN_POINT('',(2.314264482825E-18,4.1));
#6409 = VECTOR('',#6410,1.);
#6410 = DIRECTION('',(1.,0.));
#6411 = ( GEOMETRIC_REPRESENTATION_CONTEXT(2) 
PARAMETRIC_REPRESENTATION_CONTEXT() REPRESENTATION_CONTEXT('2D SPACE',''
  ) );
#6412 = ADVANCED_FACE('',(#6413),#5660,.F.);
#6413 = FACE_BOUND('',#6414,.F.);
#6414 = EDGE_LOOP('',(#6415,#6438,#6439,#6440));
#6415 = ORIENTED_EDGE('',*,*,#6416,.T.);
#6416 = EDGE_CURVE('',#6417,#5612,#6419,.T.);
#6417 = VERTEX_POINT('',#6418);
#6418 = CARTESIAN_POINT('',(-183.1,-34.99471460092,10.063241687042));
#6419 = SURFACE_CURVE('',#6420,(#6424,#6431),.PCURVE_S1.);
#6420 = LINE('',#6421,#6422);
#6421 = CARTESIAN_POINT('',(-183.1,-34.99471460092,10.063241687042));
#6422 = VECTOR('',#6423,1.);
#6423 = DIRECTION('',(0.,-0.707106781187,0.707106781187));
#6424 = PCURVE('',#5660,#6425);
#6425 = DEFINITIONAL_REPRESENTATION('',(#6426),#6430);
#6426 = LINE('',#6427,#6428);
#6427 = CARTESIAN_POINT('',(0.,0.));
#6428 = VECTOR('',#6429,1.);
#6429 = DIRECTION('',(0.,-1.));
#6430 = ( GEOMETRIC_REPRESENTATION_CONTEXT(2) 
PARAMETRIC_REPRESENTATION_CONTEXT() REPRESENTATION_CONTEXT('2D SPACE',''
  ) );
#6431 = PCURVE('',#5627,#6432);
#6432 = DEFINITIONAL_REPRESENTATION('',(#6433),#6437);
#6433 = LINE('',#6434,#6435);
#6434 = CARTESIAN_POINT('',(2.E-02,0.));
#6435 = VECTOR('',#6436,1.);
#6436 = DIRECTION('',(0.,-1.));
#6437 = ( GEOMETRIC_REPRESENTATION_CONTEXT(2) 
PARAMETRIC_REPRESENTATION_CONTEXT() REPRESENTATION_CONTEXT('2D SPACE',''
  ) );
#6438 = ORIENTED_EDGE('',*,*,#5639,.T.);
#6439 = ORIENTED_EDGE('',*,*,#6367,.F.);
#6440 = ORIENTED_EDGE('',*,*,#6441,.F.);
#6441 = EDGE_CURVE('',#6417,#6368,#6442,.T.);
#6442 = SURFACE_CURVE('',#6443,(#6448,#6455),.PCURVE_S1.);
#6443 = CIRCLE('',#6444,4.09);
#6444 = AXIS2_PLACEMENT_3D('',#6445,#6446,#6447);
#6445 = CARTESIAN_POINT('',(-179.01,-34.99471460092,10.063241687042));
#6446 = DIRECTION('',(0.,0.707106781187,-0.707106781187));
#6447 = DIRECTION('',(-1.,0.,0.));
#6448 = PCURVE('',#5660,#6449);
#6449 = DEFINITIONAL_REPRESENTATION('',(#6450),#6454);
#6450 = LINE('',#6451,#6452);
#6451 = CARTESIAN_POINT('',(0.,0.));
#6452 = VECTOR('',#6453,1.);
#6453 = DIRECTION('',(1.,0.));
#6454 = ( GEOMETRIC_REPRESENTATION_CONTEXT(2) 
PARAMETRIC_REPRESENTATION_CONTEXT() REPRESENTATION_CONTEXT('2D SPACE',''
  ) );
#6455 = PCURVE('',#6142,#6456);
#6456 = DEFINITIONAL_REPRESENTATION('',(#6457),#6465);
#6457 = ( BOUNDED_CURVE() B_SPLINE_CURVE(2,(#6458,#6459,#6460,#6461,
#6462,#6463,#6464),.UNSPECIFIED.,.T.,.F.) B_SPLINE_CURVE_WITH_KNOTS((1,2
    ,2,2,2,1),(-2.094395102393,0.,2.094395102393,4.188790204786,
6.28318530718,8.377580409573),.UNSPECIFIED.) CURVE() 
GEOMETRIC_REPRESENTATION_ITEM() RATIONAL_B_SPLINE_CURVE((1.,0.5,1.,0.5,
1.,0.5,1.)) REPRESENTATION_ITEM('') );
#6458 = CARTESIAN_POINT('',(-4.1,1.E-02));
#6459 = CARTESIAN_POINT('',(-4.1,7.094087802957));
#6460 = CARTESIAN_POINT('',(2.035,3.552043901478));
#6461 = CARTESIAN_POINT('',(8.17,1.E-02));
#6462 = CARTESIAN_POINT('',(2.035,-3.532043901478));
#6463 = CARTESIAN_POINT('',(-4.1,-7.074087802957));
#6464 = CARTESIAN_POINT('',(-4.1,1.E-02));
#6465 = ( GEOMETRIC_REPRESENTATION_CONTEXT(2) 
PARAMETRIC_REPRESENTATION_CONTEXT() REPRESENTATION_CONTEXT('2D SPACE',''
  ) );
#6466 = ADVANCED_FACE('',(#6467),#5627,.F.);
#6467 = FACE_BOUND('',#6468,.F.);
#6468 = EDGE_LOOP('',(#6469,#6470,#6471,#6472));
#6469 = ORIENTED_EDGE('',*,*,#6104,.T.);
#6470 = ORIENTED_EDGE('',*,*,#5611,.T.);
#6471 = ORIENTED_EDGE('',*,*,#6416,.F.);
#6472 = ORIENTED_EDGE('',*,*,#6473,.F.);
#6473 = EDGE_CURVE('',#6105,#6417,#6474,.T.);
#6474 = SURFACE_CURVE('',#6475,(#6479,#6486),.PCURVE_S1.);
#6475 = LINE('',#6476,#6477);
#6476 = CARTESIAN_POINT('',(-183.1,-35.00178566873,10.056170619231));
#6477 = VECTOR('',#6478,1.);
#6478 = DIRECTION('',(0.,0.707106781187,0.707106781187));
#6479 = PCURVE('',#5627,#6480);
#6480 = DEFINITIONAL_REPRESENTATION('',(#6481),#6485);
#6481 = LINE('',#6482,#6483);
#6482 = CARTESIAN_POINT('',(9.999999999998E-03,0.));
#6483 = VECTOR('',#6484,1.);
#6484 = DIRECTION('',(1.,0.));
#6485 = ( GEOMETRIC_REPRESENTATION_CONTEXT(2) 
PARAMETRIC_REPRESENTATION_CONTEXT() REPRESENTATION_CONTEXT('2D SPACE',''
  ) );
#6486 = PCURVE('',#6142,#6487);
#6487 = DEFINITIONAL_REPRESENTATION('',(#6488),#6492);
#6488 = LINE('',#6489,#6490);
#6489 = CARTESIAN_POINT('',(-4.1,0.));
#6490 = VECTOR('',#6491,1.);
#6491 = DIRECTION('',(0.,1.));
#6492 = ( GEOMETRIC_REPRESENTATION_CONTEXT(2) 
PARAMETRIC_REPRESENTATION_CONTEXT() REPRESENTATION_CONTEXT('2D SPACE',''
  ) );
#6493 = ADVANCED_FACE('',(#6494),#5856,.F.);
#6494 = FACE_BOUND('',#6495,.F.);
#6495 = EDGE_LOOP('',(#6496,#6519,#6520,#6543));
#6496 = ORIENTED_EDGE('',*,*,#6497,.T.);
#6497 = EDGE_CURVE('',#6498,#5834,#6500,.T.);
#6498 = VERTEX_POINT('',#6499);
#6499 = CARTESIAN_POINT('',(-179.01,36.628131265463,81.686087553428));
#6500 = SURFACE_CURVE('',#6501,(#6505,#6512),.PCURVE_S1.);
#6501 = LINE('',#6502,#6503);
#6502 = CARTESIAN_POINT('',(-179.01,36.628131265463,81.686087553428));
#6503 = VECTOR('',#6504,1.);
#6504 = DIRECTION('',(0.,-0.707106781187,0.707106781187));
#6505 = PCURVE('',#5856,#6506);
#6506 = DEFINITIONAL_REPRESENTATION('',(#6507),#6511);
#6507 = LINE('',#6508,#6509);
#6508 = CARTESIAN_POINT('',(4.712388980385,0.));
#6509 = VECTOR('',#6510,1.);
#6510 = DIRECTION('',(0.,-1.));
#6511 = ( GEOMETRIC_REPRESENTATION_CONTEXT(2) 
PARAMETRIC_REPRESENTATION_CONTEXT() REPRESENTATION_CONTEXT('2D SPACE',''
  ) );
#6512 = PCURVE('',#6065,#6513);
#6513 = DEFINITIONAL_REPRESENTATION('',(#6514),#6518);
#6514 = LINE('',#6515,#6516);
#6515 = CARTESIAN_POINT('',(0.,0.));
#6516 = VECTOR('',#6517,1.);
#6517 = DIRECTION('',(0.,-1.));
#6518 = ( GEOMETRIC_REPRESENTATION_CONTEXT(2) 
PARAMETRIC_REPRESENTATION_CONTEXT() REPRESENTATION_CONTEXT('2D SPACE',''
  ) );
#6519 = ORIENTED_EDGE('',*,*,#5833,.T.);
#6520 = ORIENTED_EDGE('',*,*,#6521,.F.);
#6521 = EDGE_CURVE('',#6522,#5836,#6524,.T.);
#6522 = VERTEX_POINT('',#6523);
#6523 = CARTESIAN_POINT('',(-183.1,39.520198000516,84.578154288481));
#6524 = SURFACE_CURVE('',#6525,(#6529,#6536),.PCURVE_S1.);
#6525 = LINE('',#6526,#6527);
#6526 = CARTESIAN_POINT('',(-183.1,39.520198000516,84.578154288481));
#6527 = VECTOR('',#6528,1.);
#6528 = DIRECTION('',(0.,-0.707106781187,0.707106781187));
#6529 = PCURVE('',#5856,#6530);
#6530 = DEFINITIONAL_REPRESENTATION('',(#6531),#6535);
#6531 = LINE('',#6532,#6533);
#6532 = CARTESIAN_POINT('',(6.28318530718,0.));
#6533 = VECTOR('',#6534,1.);
#6534 = DIRECTION('',(0.,-1.));
#6535 = ( GEOMETRIC_REPRESENTATION_CONTEXT(2) 
PARAMETRIC_REPRESENTATION_CONTEXT() REPRESENTATION_CONTEXT('2D SPACE',''
  ) );
#6536 = PCURVE('',#5884,#6537);
#6537 = DEFINITIONAL_REPRESENTATION('',(#6538),#6542);
#6538 = LINE('',#6539,#6540);
#6539 = CARTESIAN_POINT('',(0.,0.));
#6540 = VECTOR('',#6541,1.);
#6541 = DIRECTION('',(0.,-1.));
#6542 = ( GEOMETRIC_REPRESENTATION_CONTEXT(2) 
PARAMETRIC_REPRESENTATION_CONTEXT() REPRESENTATION_CONTEXT('2D SPACE',''
  ) );
#6543 = ORIENTED_EDGE('',*,*,#6544,.F.);
#6544 = EDGE_CURVE('',#6498,#6522,#6545,.T.);
#6545 = SURFACE_CURVE('',#6546,(#6551,#6558),.PCURVE_S1.);
#6546 = CIRCLE('',#6547,4.09);
#6547 = AXIS2_PLACEMENT_3D('',#6548,#6549,#6550);
#6548 = CARTESIAN_POINT('',(-179.01,39.520198000516,84.578154288481));
#6549 = DIRECTION('',(0.,0.707106781187,-0.707106781187));
#6550 = DIRECTION('',(-1.,0.,0.));
#6551 = PCURVE('',#5856,#6552);
#6552 = DEFINITIONAL_REPRESENTATION('',(#6553),#6557);
#6553 = LINE('',#6554,#6555);
#6554 = CARTESIAN_POINT('',(0.,0.));
#6555 = VECTOR('',#6556,1.);
#6556 = DIRECTION('',(1.,0.));
#6557 = ( GEOMETRIC_REPRESENTATION_CONTEXT(2) 
PARAMETRIC_REPRESENTATION_CONTEXT() REPRESENTATION_CONTEXT('2D SPACE',''
  ) );
#6558 = PCURVE('',#6559,#6564);
#6559 = PLANE('',#6560);
#6560 = AXIS2_PLACEMENT_3D('',#6561,#6562,#6563);
#6561 = CARTESIAN_POINT('',(-179.,39.527269068328,84.585225356293));
#6562 = DIRECTION('',(0.,-0.707106781187,0.707106781187));
#6563 = DIRECTION('',(1.,0.,0.));
#6564 = DEFINITIONAL_REPRESENTATION('',(#6565),#6573);
#6565 = ( BOUNDED_CURVE() B_SPLINE_CURVE(2,(#6566,#6567,#6568,#6569,
#6570,#6571,#6572),.UNSPECIFIED.,.T.,.F.) B_SPLINE_CURVE_WITH_KNOTS((1,2
    ,2,2,2,1),(-2.094395102393,0.,2.094395102393,4.188790204786,
6.28318530718,8.377580409573),.UNSPECIFIED.) CURVE() 
GEOMETRIC_REPRESENTATION_ITEM() RATIONAL_B_SPLINE_CURVE((1.,0.5,1.,0.5,
1.,0.5,1.)) REPRESENTATION_ITEM('') );
#6566 = CARTESIAN_POINT('',(-4.1,-1.E-02));
#6567 = CARTESIAN_POINT('',(-4.1,7.074087802957));
#6568 = CARTESIAN_POINT('',(2.035,3.532043901478));
#6569 = CARTESIAN_POINT('',(8.17,-9.999999999999E-03));
#6570 = CARTESIAN_POINT('',(2.035,-3.552043901478));
#6571 = CARTESIAN_POINT('',(-4.1,-7.094087802957));
#6572 = CARTESIAN_POINT('',(-4.1,-1.E-02));
#6573 = ( GEOMETRIC_REPRESENTATION_CONTEXT(2) 
PARAMETRIC_REPRESENTATION_CONTEXT() REPRESENTATION_CONTEXT('2D SPACE',''
  ) );
#6574 = ADVANCED_FACE('',(#6575),#6065,.T.);
#6575 = FACE_BOUND('',#6576,.T.);
#6576 = EDGE_LOOP('',(#6577,#6578,#6579,#6602));
#6577 = ORIENTED_EDGE('',*,*,#6497,.T.);
#6578 = ORIENTED_EDGE('',*,*,#6051,.T.);
#6579 = ORIENTED_EDGE('',*,*,#6580,.F.);
#6580 = EDGE_CURVE('',#6581,#6019,#6583,.T.);
#6581 = VERTEX_POINT('',#6582);
#6582 = CARTESIAN_POINT('',(-178.99,36.628131265463,81.686087553428));
#6583 = SURFACE_CURVE('',#6584,(#6588,#6595),.PCURVE_S1.);
#6584 = LINE('',#6585,#6586);
#6585 = CARTESIAN_POINT('',(-178.99,36.628131265463,81.686087553428));
#6586 = VECTOR('',#6587,1.);
#6587 = DIRECTION('',(0.,-0.707106781187,0.707106781187));
#6588 = PCURVE('',#6065,#6589);
#6589 = DEFINITIONAL_REPRESENTATION('',(#6590),#6594);
#6590 = LINE('',#6591,#6592);
#6591 = CARTESIAN_POINT('',(1.999999999998E-02,0.));
#6592 = VECTOR('',#6593,1.);
#6593 = DIRECTION('',(0.,-1.));
#6594 = ( GEOMETRIC_REPRESENTATION_CONTEXT(2) 
PARAMETRIC_REPRESENTATION_CONTEXT() REPRESENTATION_CONTEXT('2D SPACE',''
  ) );
#6595 = PCURVE('',#6039,#6596);
#6596 = DEFINITIONAL_REPRESENTATION('',(#6597),#6601);
#6597 = LINE('',#6598,#6599);
#6598 = CARTESIAN_POINT('',(4.712388980385,0.));
#6599 = VECTOR('',#6600,1.);
#6600 = DIRECTION('',(0.,-1.));
#6601 = ( GEOMETRIC_REPRESENTATION_CONTEXT(2) 
PARAMETRIC_REPRESENTATION_CONTEXT() REPRESENTATION_CONTEXT('2D SPACE',''
  ) );
#6602 = ORIENTED_EDGE('',*,*,#6603,.F.);
#6603 = EDGE_CURVE('',#6498,#6581,#6604,.T.);
#6604 = SURFACE_CURVE('',#6605,(#6609,#6616),.PCURVE_S1.);
#6605 = LINE('',#6606,#6607);
#6606 = CARTESIAN_POINT('',(-179.,36.628131265463,81.686087553428));
#6607 = VECTOR('',#6608,1.);
#6608 = DIRECTION('',(1.,0.,0.));
#6609 = PCURVE('',#6065,#6610);
#6610 = DEFINITIONAL_REPRESENTATION('',(#6611),#6615);
#6611 = LINE('',#6612,#6613);
#6612 = CARTESIAN_POINT('',(9.999999999991E-03,0.));
#6613 = VECTOR('',#6614,1.);
#6614 = DIRECTION('',(1.,0.));
#6615 = ( GEOMETRIC_REPRESENTATION_CONTEXT(2) 
PARAMETRIC_REPRESENTATION_CONTEXT() REPRESENTATION_CONTEXT('2D SPACE',''
  ) );
#6616 = PCURVE('',#6559,#6617);
#6617 = DEFINITIONAL_REPRESENTATION('',(#6618),#6622);
#6618 = LINE('',#6619,#6620);
#6619 = CARTESIAN_POINT('',(2.314264482825E-18,-4.1));
#6620 = VECTOR('',#6621,1.);
#6621 = DIRECTION('',(1.,0.));
#6622 = ( GEOMETRIC_REPRESENTATION_CONTEXT(2) 
PARAMETRIC_REPRESENTATION_CONTEXT() REPRESENTATION_CONTEXT('2D SPACE',''
  ) );
#6623 = ADVANCED_FACE('',(#6624),#6039,.F.);
#6624 = FACE_BOUND('',#6625,.F.);
#6625 = EDGE_LOOP('',(#6626,#6649,#6650,#6651));
#6626 = ORIENTED_EDGE('',*,*,#6627,.T.);
#6627 = EDGE_CURVE('',#6628,#5991,#6630,.T.);
#6628 = VERTEX_POINT('',#6629);
#6629 = CARTESIAN_POINT('',(-174.9,39.520198000516,84.578154288481));
#6630 = SURFACE_CURVE('',#6631,(#6635,#6642),.PCURVE_S1.);
#6631 = LINE('',#6632,#6633);
#6632 = CARTESIAN_POINT('',(-174.9,39.520198000516,84.578154288481));
#6633 = VECTOR('',#6634,1.);
#6634 = DIRECTION('',(0.,-0.707106781187,0.707106781187));
#6635 = PCURVE('',#6039,#6636);
#6636 = DEFINITIONAL_REPRESENTATION('',(#6637),#6641);
#6637 = LINE('',#6638,#6639);
#6638 = CARTESIAN_POINT('',(3.14159265359,0.));
#6639 = VECTOR('',#6640,1.);
#6640 = DIRECTION('',(0.,-1.));
#6641 = ( GEOMETRIC_REPRESENTATION_CONTEXT(2) 
PARAMETRIC_REPRESENTATION_CONTEXT() REPRESENTATION_CONTEXT('2D SPACE',''
  ) );
#6642 = PCURVE('',#6006,#6643);
#6643 = DEFINITIONAL_REPRESENTATION('',(#6644),#6648);
#6644 = LINE('',#6645,#6646);
#6645 = CARTESIAN_POINT('',(0.,0.));
#6646 = VECTOR('',#6647,1.);
#6647 = DIRECTION('',(0.,-1.));
#6648 = ( GEOMETRIC_REPRESENTATION_CONTEXT(2) 
PARAMETRIC_REPRESENTATION_CONTEXT() REPRESENTATION_CONTEXT('2D SPACE',''
  ) );
#6649 = ORIENTED_EDGE('',*,*,#6018,.T.);
#6650 = ORIENTED_EDGE('',*,*,#6580,.F.);
#6651 = ORIENTED_EDGE('',*,*,#6652,.F.);
#6652 = EDGE_CURVE('',#6628,#6581,#6653,.T.);
#6653 = SURFACE_CURVE('',#6654,(#6659,#6666),.PCURVE_S1.);
#6654 = CIRCLE('',#6655,4.09);
#6655 = AXIS2_PLACEMENT_3D('',#6656,#6657,#6658);
#6656 = CARTESIAN_POINT('',(-178.99,39.520198000516,84.578154288481));
#6657 = DIRECTION('',(0.,0.707106781187,-0.707106781187));
#6658 = DIRECTION('',(-1.,0.,0.));
#6659 = PCURVE('',#6039,#6660);
#6660 = DEFINITIONAL_REPRESENTATION('',(#6661),#6665);
#6661 = LINE('',#6662,#6663);
#6662 = CARTESIAN_POINT('',(0.,0.));
#6663 = VECTOR('',#6664,1.);
#6664 = DIRECTION('',(1.,0.));
#6665 = ( GEOMETRIC_REPRESENTATION_CONTEXT(2) 
PARAMETRIC_REPRESENTATION_CONTEXT() REPRESENTATION_CONTEXT('2D SPACE',''
  ) );
#6666 = PCURVE('',#6559,#6667);
#6667 = DEFINITIONAL_REPRESENTATION('',(#6668),#6676);
#6668 = ( BOUNDED_CURVE() B_SPLINE_CURVE(2,(#6669,#6670,#6671,#6672,
#6673,#6674,#6675),.UNSPECIFIED.,.T.,.F.) B_SPLINE_CURVE_WITH_KNOTS((1,2
    ,2,2,2,1),(-2.094395102393,0.,2.094395102393,4.188790204786,
6.28318530718,8.377580409573),.UNSPECIFIED.) CURVE() 
GEOMETRIC_REPRESENTATION_ITEM() RATIONAL_B_SPLINE_CURVE((1.,0.5,1.,0.5,
1.,0.5,1.)) REPRESENTATION_ITEM('') );
#6669 = CARTESIAN_POINT('',(-4.08,-1.E-02));
#6670 = CARTESIAN_POINT('',(-4.08,7.074087802957));
#6671 = CARTESIAN_POINT('',(2.055,3.532043901478));
#6672 = CARTESIAN_POINT('',(8.19,-9.999999999999E-03));
#6673 = CARTESIAN_POINT('',(2.055,-3.552043901478));
#6674 = CARTESIAN_POINT('',(-4.08,-7.094087802957));
#6675 = CARTESIAN_POINT('',(-4.08,-1.E-02));
#6676 = ( GEOMETRIC_REPRESENTATION_CONTEXT(2) 
PARAMETRIC_REPRESENTATION_CONTEXT() REPRESENTATION_CONTEXT('2D SPACE',''
  ) );
#6677 = ADVANCED_FACE('',(#6678),#6006,.T.);
#6678 = FACE_BOUND('',#6679,.T.);
#6679 = EDGE_LOOP('',(#6680,#6681,#6682,#6705));
#6680 = ORIENTED_EDGE('',*,*,#6627,.T.);
#6681 = ORIENTED_EDGE('',*,*,#5990,.T.);
#6682 = ORIENTED_EDGE('',*,*,#6683,.F.);
#6683 = EDGE_CURVE('',#6684,#5958,#6686,.T.);
#6684 = VERTEX_POINT('',#6685);
#6685 = CARTESIAN_POINT('',(-174.9,39.53434013614,84.592296424105));
#6686 = SURFACE_CURVE('',#6687,(#6691,#6698),.PCURVE_S1.);
#6687 = LINE('',#6688,#6689);
#6688 = CARTESIAN_POINT('',(-174.9,39.53434013614,84.592296424105));
#6689 = VECTOR('',#6690,1.);
#6690 = DIRECTION('',(0.,-0.707106781187,0.707106781187));
#6691 = PCURVE('',#6006,#6692);
#6692 = DEFINITIONAL_REPRESENTATION('',(#6693),#6697);
#6693 = LINE('',#6694,#6695);
#6694 = CARTESIAN_POINT('',(2.E-02,0.));
#6695 = VECTOR('',#6696,1.);
#6696 = DIRECTION('',(0.,-1.));
#6697 = ( GEOMETRIC_REPRESENTATION_CONTEXT(2) 
PARAMETRIC_REPRESENTATION_CONTEXT() REPRESENTATION_CONTEXT('2D SPACE',''
  ) );
#6698 = PCURVE('',#5978,#6699);
#6699 = DEFINITIONAL_REPRESENTATION('',(#6700),#6704);
#6700 = LINE('',#6701,#6702);
#6701 = CARTESIAN_POINT('',(3.14159265359,0.));
#6702 = VECTOR('',#6703,1.);
#6703 = DIRECTION('',(0.,-1.));
#6704 = ( GEOMETRIC_REPRESENTATION_CONTEXT(2) 
PARAMETRIC_REPRESENTATION_CONTEXT() REPRESENTATION_CONTEXT('2D SPACE',''
  ) );
#6705 = ORIENTED_EDGE('',*,*,#6706,.F.);
#6706 = EDGE_CURVE('',#6628,#6684,#6707,.T.);
#6707 = SURFACE_CURVE('',#6708,(#6712,#6719),.PCURVE_S1.);
#6708 = LINE('',#6709,#6710);
#6709 = CARTESIAN_POINT('',(-174.9,39.527269068328,84.585225356293));
#6710 = VECTOR('',#6711,1.);
#6711 = DIRECTION('',(0.,0.707106781187,0.707106781187));
#6712 = PCURVE('',#6006,#6713);
#6713 = DEFINITIONAL_REPRESENTATION('',(#6714),#6718);
#6714 = LINE('',#6715,#6716);
#6715 = CARTESIAN_POINT('',(9.999999999998E-03,0.));
#6716 = VECTOR('',#6717,1.);
#6717 = DIRECTION('',(1.,0.));
#6718 = ( GEOMETRIC_REPRESENTATION_CONTEXT(2) 
PARAMETRIC_REPRESENTATION_CONTEXT() REPRESENTATION_CONTEXT('2D SPACE',''
  ) );
#6719 = PCURVE('',#6559,#6720);
#6720 = DEFINITIONAL_REPRESENTATION('',(#6721),#6725);
#6721 = LINE('',#6722,#6723);
#6722 = CARTESIAN_POINT('',(4.1,0.));
#6723 = VECTOR('',#6724,1.);
#6724 = DIRECTION('',(0.,1.));
#6725 = ( GEOMETRIC_REPRESENTATION_CONTEXT(2) 
PARAMETRIC_REPRESENTATION_CONTEXT() REPRESENTATION_CONTEXT('2D SPACE',''
  ) );
#6726 = ADVANCED_FACE('',(#6727),#5978,.F.);
#6727 = FACE_BOUND('',#6728,.F.);
#6728 = EDGE_LOOP('',(#6729,#6752,#6753,#6754));
#6729 = ORIENTED_EDGE('',*,*,#6730,.T.);
#6730 = EDGE_CURVE('',#6731,#5930,#6733,.T.);
#6731 = VERTEX_POINT('',#6732);
#6732 = CARTESIAN_POINT('',(-178.99,42.426406871193,87.484363159158));
#6733 = SURFACE_CURVE('',#6734,(#6738,#6745),.PCURVE_S1.);
#6734 = LINE('',#6735,#6736);
#6735 = CARTESIAN_POINT('',(-178.99,42.426406871193,87.484363159158));
#6736 = VECTOR('',#6737,1.);
#6737 = DIRECTION('',(0.,-0.707106781187,0.707106781187));
#6738 = PCURVE('',#5978,#6739);
#6739 = DEFINITIONAL_REPRESENTATION('',(#6740),#6744);
#6740 = LINE('',#6741,#6742);
#6741 = CARTESIAN_POINT('',(1.570796326795,0.));
#6742 = VECTOR('',#6743,1.);
#6743 = DIRECTION('',(0.,-1.));
#6744 = ( GEOMETRIC_REPRESENTATION_CONTEXT(2) 
PARAMETRIC_REPRESENTATION_CONTEXT() REPRESENTATION_CONTEXT('2D SPACE',''
  ) );
#6745 = PCURVE('',#5945,#6746);
#6746 = DEFINITIONAL_REPRESENTATION('',(#6747),#6751);
#6747 = LINE('',#6748,#6749);
#6748 = CARTESIAN_POINT('',(1.999999999998E-02,0.));
#6749 = VECTOR('',#6750,1.);
#6750 = DIRECTION('',(0.,-1.));
#6751 = ( GEOMETRIC_REPRESENTATION_CONTEXT(2) 
PARAMETRIC_REPRESENTATION_CONTEXT() REPRESENTATION_CONTEXT('2D SPACE',''
  ) );
#6752 = ORIENTED_EDGE('',*,*,#5957,.T.);
#6753 = ORIENTED_EDGE('',*,*,#6683,.F.);
#6754 = ORIENTED_EDGE('',*,*,#6755,.F.);
#6755 = EDGE_CURVE('',#6731,#6684,#6756,.T.);
#6756 = SURFACE_CURVE('',#6757,(#6762,#6769),.PCURVE_S1.);
#6757 = CIRCLE('',#6758,4.09);
#6758 = AXIS2_PLACEMENT_3D('',#6759,#6760,#6761);
#6759 = CARTESIAN_POINT('',(-178.99,39.53434013614,84.592296424105));
#6760 = DIRECTION('',(0.,0.707106781187,-0.707106781187));
#6761 = DIRECTION('',(-1.,0.,0.));
#6762 = PCURVE('',#5978,#6763);
#6763 = DEFINITIONAL_REPRESENTATION('',(#6764),#6768);
#6764 = LINE('',#6765,#6766);
#6765 = CARTESIAN_POINT('',(0.,0.));
#6766 = VECTOR('',#6767,1.);
#6767 = DIRECTION('',(1.,0.));
#6768 = ( GEOMETRIC_REPRESENTATION_CONTEXT(2) 
PARAMETRIC_REPRESENTATION_CONTEXT() REPRESENTATION_CONTEXT('2D SPACE',''
  ) );
#6769 = PCURVE('',#6559,#6770);
#6770 = DEFINITIONAL_REPRESENTATION('',(#6771),#6779);
#6771 = ( BOUNDED_CURVE() B_SPLINE_CURVE(2,(#6772,#6773,#6774,#6775,
#6776,#6777,#6778),.UNSPECIFIED.,.T.,.F.) B_SPLINE_CURVE_WITH_KNOTS((1,2
    ,2,2,2,1),(-2.094395102393,0.,2.094395102393,4.188790204786,
6.28318530718,8.377580409573),.UNSPECIFIED.) CURVE() 
GEOMETRIC_REPRESENTATION_ITEM() RATIONAL_B_SPLINE_CURVE((1.,0.5,1.,0.5,
1.,0.5,1.)) REPRESENTATION_ITEM('') );
#6772 = CARTESIAN_POINT('',(-4.08,1.E-02));
#6773 = CARTESIAN_POINT('',(-4.08,7.094087802957));
#6774 = CARTESIAN_POINT('',(2.055,3.552043901478));
#6775 = CARTESIAN_POINT('',(8.19,1.E-02));
#6776 = CARTESIAN_POINT('',(2.055,-3.532043901478));
#6777 = CARTESIAN_POINT('',(-4.08,-7.074087802957));
#6778 = CARTESIAN_POINT('',(-4.08,1.E-02));
#6779 = ( GEOMETRIC_REPRESENTATION_CONTEXT(2) 
PARAMETRIC_REPRESENTATION_CONTEXT() REPRESENTATION_CONTEXT('2D SPACE',''
  ) );
#6780 = ADVANCED_FACE('',(#6781),#5945,.F.);
#6781 = FACE_BOUND('',#6782,.F.);
#6782 = EDGE_LOOP('',(#6783,#6806,#6807,#6808));
#6783 = ORIENTED_EDGE('',*,*,#6784,.T.);
#6784 = EDGE_CURVE('',#6785,#5897,#6787,.T.);
#6785 = VERTEX_POINT('',#6786);
#6786 = CARTESIAN_POINT('',(-179.01,42.426406871193,87.484363159158));
#6787 = SURFACE_CURVE('',#6788,(#6792,#6799),.PCURVE_S1.);
#6788 = LINE('',#6789,#6790);
#6789 = CARTESIAN_POINT('',(-179.01,42.426406871193,87.484363159158));
#6790 = VECTOR('',#6791,1.);
#6791 = DIRECTION('',(0.,-0.707106781187,0.707106781187));
#6792 = PCURVE('',#5945,#6793);
#6793 = DEFINITIONAL_REPRESENTATION('',(#6794),#6798);
#6794 = LINE('',#6795,#6796);
#6795 = CARTESIAN_POINT('',(0.,0.));
#6796 = VECTOR('',#6797,1.);
#6797 = DIRECTION('',(0.,-1.));
#6798 = ( GEOMETRIC_REPRESENTATION_CONTEXT(2) 
PARAMETRIC_REPRESENTATION_CONTEXT() REPRESENTATION_CONTEXT('2D SPACE',''
  ) );
#6799 = PCURVE('',#5917,#6800);
#6800 = DEFINITIONAL_REPRESENTATION('',(#6801),#6805);
#6801 = LINE('',#6802,#6803);
#6802 = CARTESIAN_POINT('',(1.570796326795,0.));
#6803 = VECTOR('',#6804,1.);
#6804 = DIRECTION('',(0.,-1.));
#6805 = ( GEOMETRIC_REPRESENTATION_CONTEXT(2) 
PARAMETRIC_REPRESENTATION_CONTEXT() REPRESENTATION_CONTEXT('2D SPACE',''
  ) );
#6806 = ORIENTED_EDGE('',*,*,#5929,.T.);
#6807 = ORIENTED_EDGE('',*,*,#6730,.F.);
#6808 = ORIENTED_EDGE('',*,*,#6809,.F.);
#6809 = EDGE_CURVE('',#6785,#6731,#6810,.T.);
#6810 = SURFACE_CURVE('',#6811,(#6815,#6822),.PCURVE_S1.);
#6811 = LINE('',#6812,#6813);
#6812 = CARTESIAN_POINT('',(-179.,42.426406871193,87.484363159158));
#6813 = VECTOR('',#6814,1.);
#6814 = DIRECTION('',(1.,0.,0.));
#6815 = PCURVE('',#5945,#6816);
#6816 = DEFINITIONAL_REPRESENTATION('',(#6817),#6821);
#6817 = LINE('',#6818,#6819);
#6818 = CARTESIAN_POINT('',(9.999999999991E-03,0.));
#6819 = VECTOR('',#6820,1.);
#6820 = DIRECTION('',(1.,0.));
#6821 = ( GEOMETRIC_REPRESENTATION_CONTEXT(2) 
PARAMETRIC_REPRESENTATION_CONTEXT() REPRESENTATION_CONTEXT('2D SPACE',''
  ) );
#6822 = PCURVE('',#6559,#6823);
#6823 = DEFINITIONAL_REPRESENTATION('',(#6824),#6828);
#6824 = LINE('',#6825,#6826);
#6825 = CARTESIAN_POINT('',(2.314264482825E-18,4.1));
#6826 = VECTOR('',#6827,1.);
#6827 = DIRECTION('',(1.,0.));
#6828 = ( GEOMETRIC_REPRESENTATION_CONTEXT(2) 
PARAMETRIC_REPRESENTATION_CONTEXT() REPRESENTATION_CONTEXT('2D SPACE',''
  ) );
#6829 = ADVANCED_FACE('',(#6830),#5917,.F.);
#6830 = FACE_BOUND('',#6831,.F.);
#6831 = EDGE_LOOP('',(#6832,#6855,#6856,#6857));
#6832 = ORIENTED_EDGE('',*,*,#6833,.T.);
#6833 = EDGE_CURVE('',#6834,#5869,#6836,.T.);
#6834 = VERTEX_POINT('',#6835);
#6835 = CARTESIAN_POINT('',(-183.1,39.53434013614,84.592296424105));
#6836 = SURFACE_CURVE('',#6837,(#6841,#6848),.PCURVE_S1.);
#6837 = LINE('',#6838,#6839);
#6838 = CARTESIAN_POINT('',(-183.1,39.53434013614,84.592296424105));
#6839 = VECTOR('',#6840,1.);
#6840 = DIRECTION('',(0.,-0.707106781187,0.707106781187));
#6841 = PCURVE('',#5917,#6842);
#6842 = DEFINITIONAL_REPRESENTATION('',(#6843),#6847);
#6843 = LINE('',#6844,#6845);
#6844 = CARTESIAN_POINT('',(0.,0.));
#6845 = VECTOR('',#6846,1.);
#6846 = DIRECTION('',(0.,-1.));
#6847 = ( GEOMETRIC_REPRESENTATION_CONTEXT(2) 
PARAMETRIC_REPRESENTATION_CONTEXT() REPRESENTATION_CONTEXT('2D SPACE',''
  ) );
#6848 = PCURVE('',#5884,#6849);
#6849 = DEFINITIONAL_REPRESENTATION('',(#6850),#6854);
#6850 = LINE('',#6851,#6852);
#6851 = CARTESIAN_POINT('',(2.E-02,0.));
#6852 = VECTOR('',#6853,1.);
#6853 = DIRECTION('',(0.,-1.));
#6854 = ( GEOMETRIC_REPRESENTATION_CONTEXT(2) 
PARAMETRIC_REPRESENTATION_CONTEXT() REPRESENTATION_CONTEXT('2D SPACE',''
  ) );
#6855 = ORIENTED_EDGE('',*,*,#5896,.T.);
#6856 = ORIENTED_EDGE('',*,*,#6784,.F.);
#6857 = ORIENTED_EDGE('',*,*,#6858,.F.);
#6858 = EDGE_CURVE('',#6834,#6785,#6859,.T.);
#6859 = SURFACE_CURVE('',#6860,(#6865,#6872),.PCURVE_S1.);
#6860 = CIRCLE('',#6861,4.09);
#6861 = AXIS2_PLACEMENT_3D('',#6862,#6863,#6864);
#6862 = CARTESIAN_POINT('',(-179.01,39.53434013614,84.592296424105));
#6863 = DIRECTION('',(0.,0.707106781187,-0.707106781187));
#6864 = DIRECTION('',(-1.,0.,0.));
#6865 = PCURVE('',#5917,#6866);
#6866 = DEFINITIONAL_REPRESENTATION('',(#6867),#6871);
#6867 = LINE('',#6868,#6869);
#6868 = CARTESIAN_POINT('',(0.,0.));
#6869 = VECTOR('',#6870,1.);
#6870 = DIRECTION('',(1.,0.));
#6871 = ( GEOMETRIC_REPRESENTATION_CONTEXT(2) 
PARAMETRIC_REPRESENTATION_CONTEXT() REPRESENTATION_CONTEXT('2D SPACE',''
  ) );
#6872 = PCURVE('',#6559,#6873);
#6873 = DEFINITIONAL_REPRESENTATION('',(#6874),#6882);
#6874 = ( BOUNDED_CURVE() B_SPLINE_CURVE(2,(#6875,#6876,#6877,#6878,
#6879,#6880,#6881),.UNSPECIFIED.,.T.,.F.) B_SPLINE_CURVE_WITH_KNOTS((1,2
    ,2,2,2,1),(-2.094395102393,0.,2.094395102393,4.188790204786,
6.28318530718,8.377580409573),.UNSPECIFIED.) CURVE() 
GEOMETRIC_REPRESENTATION_ITEM() RATIONAL_B_SPLINE_CURVE((1.,0.5,1.,0.5,
1.,0.5,1.)) REPRESENTATION_ITEM('') );
#6875 = CARTESIAN_POINT('',(-4.1,1.E-02));
#6876 = CARTESIAN_POINT('',(-4.1,7.094087802957));
#6877 = CARTESIAN_POINT('',(2.035,3.552043901478));
#6878 = CARTESIAN_POINT('',(8.17,1.E-02));
#6879 = CARTESIAN_POINT('',(2.035,-3.532043901478));
#6880 = CARTESIAN_POINT('',(-4.1,-7.074087802957));
#6881 = CARTESIAN_POINT('',(-4.1,1.E-02));
#6882 = ( GEOMETRIC_REPRESENTATION_CONTEXT(2) 
PARAMETRIC_REPRESENTATION_CONTEXT() REPRESENTATION_CONTEXT('2D SPACE',''
  ) );
#6883 = ADVANCED_FACE('',(#6884),#5884,.F.);
#6884 = FACE_BOUND('',#6885,.F.);
#6885 = EDGE_LOOP('',(#6886,#6887,#6888,#6889));
#6886 = ORIENTED_EDGE('',*,*,#6521,.T.);
#6887 = ORIENTED_EDGE('',*,*,#5868,.T.);
#6888 = ORIENTED_EDGE('',*,*,#6833,.F.);
#6889 = ORIENTED_EDGE('',*,*,#6890,.F.);
#6890 = EDGE_CURVE('',#6522,#6834,#6891,.T.);
#6891 = SURFACE_CURVE('',#6892,(#6896,#6903),.PCURVE_S1.);
#6892 = LINE('',#6893,#6894);
#6893 = CARTESIAN_POINT('',(-183.1,39.527269068328,84.585225356293));
#6894 = VECTOR('',#6895,1.);
#6895 = DIRECTION('',(0.,0.707106781187,0.707106781187));
#6896 = PCURVE('',#5884,#6897);
#6897 = DEFINITIONAL_REPRESENTATION('',(#6898),#6902);
#6898 = LINE('',#6899,#6900);
#6899 = CARTESIAN_POINT('',(9.999999999998E-03,0.));
#6900 = VECTOR('',#6901,1.);
#6901 = DIRECTION('',(1.,0.));
#6902 = ( GEOMETRIC_REPRESENTATION_CONTEXT(2) 
PARAMETRIC_REPRESENTATION_CONTEXT() REPRESENTATION_CONTEXT('2D SPACE',''
  ) );
#6903 = PCURVE('',#6559,#6904);
#6904 = DEFINITIONAL_REPRESENTATION('',(#6905),#6909);
#6905 = LINE('',#6906,#6907);
#6906 = CARTESIAN_POINT('',(-4.1,0.));
#6907 = VECTOR('',#6908,1.);
#6908 = DIRECTION('',(0.,1.));
#6909 = ( GEOMETRIC_REPRESENTATION_CONTEXT(2) 
PARAMETRIC_REPRESENTATION_CONTEXT() REPRESENTATION_CONTEXT('2D SPACE',''
  ) );
#6910 = ADVANCED_FACE('',(#6911),#6142,.T.);
#6911 = FACE_BOUND('',#6912,.T.);
#6912 = EDGE_LOOP('',(#6913,#6914,#6915,#6916,#6917,#6918,#6919,#6920));
#6913 = ORIENTED_EDGE('',*,*,#6473,.F.);
#6914 = ORIENTED_EDGE('',*,*,#6127,.F.);
#6915 = ORIENTED_EDGE('',*,*,#6186,.T.);
#6916 = ORIENTED_EDGE('',*,*,#6235,.F.);
#6917 = ORIENTED_EDGE('',*,*,#6289,.T.);
#6918 = ORIENTED_EDGE('',*,*,#6338,.F.);
#6919 = ORIENTED_EDGE('',*,*,#6392,.F.);
#6920 = ORIENTED_EDGE('',*,*,#6441,.F.);
#6921 = ADVANCED_FACE('',(#6922),#6559,.T.);
#6922 = FACE_BOUND('',#6923,.T.);
#6923 = EDGE_LOOP('',(#6924,#6925,#6926,#6927,#6928,#6929,#6930,#6931));
#6924 = ORIENTED_EDGE('',*,*,#6890,.F.);
#6925 = ORIENTED_EDGE('',*,*,#6544,.F.);
#6926 = ORIENTED_EDGE('',*,*,#6603,.T.);
#6927 = ORIENTED_EDGE('',*,*,#6652,.F.);
#6928 = ORIENTED_EDGE('',*,*,#6706,.T.);
#6929 = ORIENTED_EDGE('',*,*,#6755,.F.);
#6930 = ORIENTED_EDGE('',*,*,#6809,.F.);
#6931 = ORIENTED_EDGE('',*,*,#6858,.F.);
#6932 = ( GEOMETRIC_REPRESENTATION_CONTEXT(3) 
GLOBAL_UNCERTAINTY_ASSIGNED_CONTEXT((#6936)) 
GLOBAL_UNIT_ASSIGNED_CONTEXT((#6933,#6934,#6935)) REPRESENTATION_CONTEXT
('Context #1','3D Context with UNIT and UNCERTAINTY') );
#6933 = ( LENGTH_UNIT() NAMED_UNIT(*) SI_UNIT(.MILLI.,.METRE.) );
#6934 = ( NAMED_UNIT(*) PLANE_ANGLE_UNIT() SI_UNIT($,.RADIAN.) );
#6935 = ( NAMED_UNIT(*) SI_UNIT($,.STERADIAN.) SOLID_ANGLE_UNIT() );
#6936 = UNCERTAINTY_MEASURE_WITH_UNIT(LENGTH_MEASURE(1.E-07),#6933,
  'distance_accuracy_value','confusion accuracy');
#6937 = PRODUCT_RELATED_PRODUCT_CATEGORY('part',$,(#7));
#6938 = MECHANICAL_DESIGN_GEOMETRIC_PRESENTATION_REPRESENTATION('',(
    #6939),#6932);
#6939 = STYLED_ITEM('color',(#6940),#15);
#6940 = PRESENTATION_STYLE_ASSIGNMENT((#6941,#6947));
#6941 = SURFACE_STYLE_USAGE(.BOTH.,#6942);
#6942 = SURFACE_SIDE_STYLE('',(#6943));
#6943 = SURFACE_STYLE_FILL_AREA(#6944);
#6944 = FILL_AREA_STYLE('',(#6945));
#6945 = FILL_AREA_STYLE_COLOUR('',#6946);
#6946 = COLOUR_RGB('',0.199999998682,0.45000000386,0.850000012718);
#6947 = CURVE_STYLE('',#6948,POSITIVE_LENGTH_MEASURE(0.1),#6946);
#6948 = DRAUGHTING_PRE_DEFINED_CURVE_FONT('continuous');
ENDSEC;
END-ISO-10303-21;
