ISO-10303-21;
HEADER;
FILE_DESCRIPTION(('Open CASCADE Model'),'2;1');
FILE_NAME('coque_droite','2026-09-29T20:27:24',('Author'),(
    'Open CASCADE'),'Open CASCADE STEP processor 8.0','build123d',
  'Unknown');
FILE_SCHEMA(('AUTOMOTIVE_DESIGN { 1 0 10303 214 1 1 1 1 }'));
ENDSEC;
DATA;
#1 = APPLICATION_PROTOCOL_DEFINITION('international standard',
  'automotive_design',2000,#2);
#2 = APPLICATION_CONTEXT(
  'core data for automotive mechanical design processes');
#3 = SHAPE_DEFINITION_REPRESENTATION(#4,#10);
#4 = PRODUCT_DEFINITION_SHAPE('','',#5);
#5 = PRODUCT_DEFINITION('design','',#6,#9);
#6 = PRODUCT_DEFINITION_FORMATION('','',#7);
#7 = PRODUCT('coque_droite','coque_droite','',(#8));
#8 = PRODUCT_CONTEXT('',#2,'mechanical');
#9 = PRODUCT_DEFINITION_CONTEXT('part definition',#2,'design');
#10 = ADVANCED_BREP_SHAPE_REPRESENTATION('',(#11,#15),#5249);
#11 = AXIS2_PLACEMENT_3D('',#12,#13,#14);
#12 = CARTESIAN_POINT('',(0.,0.,0.));
#13 = DIRECTION('',(0.,0.,1.));
#14 = DIRECTION('',(1.,0.,-0.));
#15 = MANIFOLD_SOLID_BREP('',#16);
#16 = CLOSED_SHELL('',(#17,#135,#220,#303,#383,#917,#1481,#1507,#1588,
    #1641,#1887,#1936,#2186,#2235,#2357,#2384,#2460,#2514,#2563,#2612,
    #2661,#2715,#2764,#2818,#2867,#2916,#2965,#2997,#3004,#3053,#3102,
    #3152,#3201,#3251,#3300,#3349,#3469,#3518,#3565,#4033,#4081,#4128,
    #4135,#4185,#4235,#4261,#4311,#4338,#4365,#4392,#4399,#4445,#4452,
    #4502,#4551,#4579,#4600,#4615,#4622,#4629,#4705,#4754,#4804,#4853,
    #4903,#4952,#5001,#5050,#5104,#5153,#5207,#5234));
#17 = ADVANCED_FACE('',(#18),#32,.F.);
#18 = FACE_BOUND('',#19,.F.);
#19 = EDGE_LOOP('',(#20,#55,#81,#109));
#20 = ORIENTED_EDGE('',*,*,#21,.T.);
#21 = EDGE_CURVE('',#22,#24,#26,.T.);
#22 = VERTEX_POINT('',#23);
#23 = CARTESIAN_POINT('',(179.05,-63.25,1.5));
#24 = VERTEX_POINT('',#25);
#25 = CARTESIAN_POINT('',(0.,-63.25,1.5));
#26 = SURFACE_CURVE('',#27,(#31,#43),.PCURVE_S1.);
#27 = LINE('',#28,#29);
#28 = CARTESIAN_POINT('',(179.05,-63.25,1.5));
#29 = VECTOR('',#30,1.);
#30 = DIRECTION('',(-1.,-0.,-0.));
#31 = PCURVE('',#32,#37);
#32 = PLANE('',#33);
#33 = AXIS2_PLACEMENT_3D('',#34,#35,#36);
#34 = CARTESIAN_POINT('',(-179.05,-63.25,0.));
#35 = DIRECTION('',(0.,1.,0.));
#36 = DIRECTION('',(1.,0.,0.));
#37 = DEFINITIONAL_REPRESENTATION('',(#38),#42);
#38 = LINE('',#39,#40);
#39 = CARTESIAN_POINT('',(358.1,-1.5));
#40 = VECTOR('',#41,1.);
#41 = DIRECTION('',(-1.,0.));
#42 = ( GEOMETRIC_REPRESENTATION_CONTEXT(2) 
PARAMETRIC_REPRESENTATION_CONTEXT() REPRESENTATION_CONTEXT('2D SPACE',''
  ) );
#43 = PCURVE('',#44,#49);
#44 = CYLINDRICAL_SURFACE('',#45,1.5);
#45 = AXIS2_PLACEMENT_3D('',#46,#47,#48);
#46 = CARTESIAN_POINT('',(179.05,-61.75,1.5));
#47 = DIRECTION('',(-1.,-0.,-0.));
#48 = DIRECTION('',(0.,-1.,0.));
#49 = DEFINITIONAL_REPRESENTATION('',(#50),#54);
#50 = LINE('',#51,#52);
#51 = CARTESIAN_POINT('',(-0.,0.));
#52 = VECTOR('',#53,1.);
#53 = DIRECTION('',(-0.,1.));
#54 = ( GEOMETRIC_REPRESENTATION_CONTEXT(2) 
PARAMETRIC_REPRESENTATION_CONTEXT() REPRESENTATION_CONTEXT('2D SPACE',''
  ) );
#55 = ORIENTED_EDGE('',*,*,#56,.F.);
#56 = EDGE_CURVE('',#57,#24,#59,.T.);
#57 = VERTEX_POINT('',#58);
#58 = CARTESIAN_POINT('',(0.,-63.25,22.55));
#59 = SURFACE_CURVE('',#60,(#64,#70),.PCURVE_S1.);
#60 = LINE('',#61,#62);
#61 = CARTESIAN_POINT('',(0.,-63.25,-189.55));
#62 = VECTOR('',#63,1.);
#63 = DIRECTION('',(-0.,0.,-1.));
#64 = PCURVE('',#32,#65);
#65 = DEFINITIONAL_REPRESENTATION('',(#66),#69);
#66 = B_SPLINE_CURVE_WITH_KNOTS('',1,(#67,#68),.UNSPECIFIED.,.F.,.F.,(2,
    2),(-212.1,-191.05),.PIECEWISE_BEZIER_KNOTS.);
#67 = CARTESIAN_POINT('',(179.05,-22.55));
#68 = CARTESIAN_POINT('',(179.05,-1.5));
#69 = ( GEOMETRIC_REPRESENTATION_CONTEXT(2) 
PARAMETRIC_REPRESENTATION_CONTEXT() REPRESENTATION_CONTEXT('2D SPACE',''
  ) );
#70 = PCURVE('',#71,#76);
#71 = PLANE('',#72);
#72 = AXIS2_PLACEMENT_3D('',#73,#74,#75);
#73 = CARTESIAN_POINT('',(0.,-379.1,-379.1));
#74 = DIRECTION('',(1.,0.,-0.));
#75 = DIRECTION('',(0.,0.,1.));
#76 = DEFINITIONAL_REPRESENTATION('',(#77),#80);
#77 = B_SPLINE_CURVE_WITH_KNOTS('',1,(#78,#79),.UNSPECIFIED.,.F.,.F.,(2,
    2),(-212.1,-191.05),.PIECEWISE_BEZIER_KNOTS.);
#78 = CARTESIAN_POINT('',(401.65,-315.85));
#79 = CARTESIAN_POINT('',(380.6,-315.85));
#80 = ( GEOMETRIC_REPRESENTATION_CONTEXT(2) 
PARAMETRIC_REPRESENTATION_CONTEXT() REPRESENTATION_CONTEXT('2D SPACE',''
  ) );
#81 = ORIENTED_EDGE('',*,*,#82,.F.);
#82 = EDGE_CURVE('',#83,#57,#85,.T.);
#83 = VERTEX_POINT('',#84);
#84 = CARTESIAN_POINT('',(179.05,-63.25,22.55));
#85 = SURFACE_CURVE('',#86,(#90,#97),.PCURVE_S1.);
#86 = LINE('',#87,#88);
#87 = CARTESIAN_POINT('',(179.05,-63.25,22.55));
#88 = VECTOR('',#89,1.);
#89 = DIRECTION('',(-1.,-0.,-0.));
#90 = PCURVE('',#32,#91);
#91 = DEFINITIONAL_REPRESENTATION('',(#92),#96);
#92 = LINE('',#93,#94);
#93 = CARTESIAN_POINT('',(358.1,-22.55));
#94 = VECTOR('',#95,1.);
#95 = DIRECTION('',(-1.,0.));
#96 = ( GEOMETRIC_REPRESENTATION_CONTEXT(2) 
PARAMETRIC_REPRESENTATION_CONTEXT() REPRESENTATION_CONTEXT('2D SPACE',''
  ) );
#97 = PCURVE('',#98,#103);
#98 = CYLINDRICAL_SURFACE('',#99,1.5);
#99 = AXIS2_PLACEMENT_3D('',#100,#101,#102);
#100 = CARTESIAN_POINT('',(179.05,-61.75,22.55));
#101 = DIRECTION('',(-1.,-0.,-0.));
#102 = DIRECTION('',(0.,-1.,0.));
#103 = DEFINITIONAL_REPRESENTATION('',(#104),#108);
#104 = LINE('',#105,#106);
#105 = CARTESIAN_POINT('',(0.,0.));
#106 = VECTOR('',#107,1.);
#107 = DIRECTION('',(0.,1.));
#108 = ( GEOMETRIC_REPRESENTATION_CONTEXT(2) 
PARAMETRIC_REPRESENTATION_CONTEXT() REPRESENTATION_CONTEXT('2D SPACE',''
  ) );
#109 = ORIENTED_EDGE('',*,*,#110,.F.);
#110 = EDGE_CURVE('',#22,#83,#111,.T.);
#111 = SURFACE_CURVE('',#112,(#116,#123),.PCURVE_S1.);
#112 = LINE('',#113,#114);
#113 = CARTESIAN_POINT('',(179.05,-63.25,0.));
#114 = VECTOR('',#115,1.);
#115 = DIRECTION('',(0.,0.,1.));
#116 = PCURVE('',#32,#117);
#117 = DEFINITIONAL_REPRESENTATION('',(#118),#122);
#118 = LINE('',#119,#120);
#119 = CARTESIAN_POINT('',(358.1,0.));
#120 = VECTOR('',#121,1.);
#121 = DIRECTION('',(0.,-1.));
#122 = ( GEOMETRIC_REPRESENTATION_CONTEXT(2) 
PARAMETRIC_REPRESENTATION_CONTEXT() REPRESENTATION_CONTEXT('2D SPACE',''
  ) );
#123 = PCURVE('',#124,#129);
#124 = CYLINDRICAL_SURFACE('',#125,10.5);
#125 = AXIS2_PLACEMENT_3D('',#126,#127,#128);
#126 = CARTESIAN_POINT('',(179.05,-52.75,0.));
#127 = DIRECTION('',(0.,0.,-1.));
#128 = DIRECTION('',(-1.,0.,0.));
#129 = DEFINITIONAL_REPRESENTATION('',(#130),#134);
#130 = LINE('',#131,#132);
#131 = CARTESIAN_POINT('',(4.712388980385,0.));
#132 = VECTOR('',#133,1.);
#133 = DIRECTION('',(0.,-1.));
#134 = ( GEOMETRIC_REPRESENTATION_CONTEXT(2) 
PARAMETRIC_REPRESENTATION_CONTEXT() REPRESENTATION_CONTEXT('2D SPACE',''
  ) );
#135 = ADVANCED_FACE('',(#136),#44,.T.);
#136 = FACE_BOUND('',#137,.F.);
#137 = EDGE_LOOP('',(#138,#139,#166,#194));
#138 = ORIENTED_EDGE('',*,*,#21,.F.);
#139 = ORIENTED_EDGE('',*,*,#140,.T.);
#140 = EDGE_CURVE('',#22,#141,#143,.T.);
#141 = VERTEX_POINT('',#142);
#142 = CARTESIAN_POINT('',(179.05,-61.75,0.));
#143 = SURFACE_CURVE('',#144,(#149,#155),.PCURVE_S1.);
#144 = CIRCLE('',#145,1.5);
#145 = AXIS2_PLACEMENT_3D('',#146,#147,#148);
#146 = CARTESIAN_POINT('',(179.05,-61.75,1.5));
#147 = DIRECTION('',(1.,6.123233995737E-17,0.));
#148 = DIRECTION('',(6.123233995737E-17,-1.,0.));
#149 = PCURVE('',#44,#150);
#150 = DEFINITIONAL_REPRESENTATION('',(#151),#154);
#151 = B_SPLINE_CURVE_WITH_KNOTS('',1,(#152,#153),.UNSPECIFIED.,.F.,.F.,
  (2,2),(0.,1.570796326795),.PIECEWISE_BEZIER_KNOTS.);
#152 = CARTESIAN_POINT('',(0.,0.));
#153 = CARTESIAN_POINT('',(-1.570796326795,0.));
#154 = ( GEOMETRIC_REPRESENTATION_CONTEXT(2) 
PARAMETRIC_REPRESENTATION_CONTEXT() REPRESENTATION_CONTEXT('2D SPACE',''
  ) );
#155 = PCURVE('',#156,#161);
#156 = TOROIDAL_SURFACE('',#157,9.,1.5);
#157 = AXIS2_PLACEMENT_3D('',#158,#159,#160);
#158 = CARTESIAN_POINT('',(179.05,-52.75,1.5));
#159 = DIRECTION('',(-0.,-0.,-1.));
#160 = DIRECTION('',(1.,0.,-0.));
#161 = DEFINITIONAL_REPRESENTATION('',(#162),#165);
#162 = B_SPLINE_CURVE_WITH_KNOTS('',1,(#163,#164),.UNSPECIFIED.,.F.,.F.,
  (2,2),(0.,1.570796326795),.PIECEWISE_BEZIER_KNOTS.);
#163 = CARTESIAN_POINT('',(1.570796326795,0.));
#164 = CARTESIAN_POINT('',(1.570796326795,1.570796326795));
#165 = ( GEOMETRIC_REPRESENTATION_CONTEXT(2) 
PARAMETRIC_REPRESENTATION_CONTEXT() REPRESENTATION_CONTEXT('2D SPACE',''
  ) );
#166 = ORIENTED_EDGE('',*,*,#167,.T.);
#167 = EDGE_CURVE('',#141,#168,#170,.T.);
#168 = VERTEX_POINT('',#169);
#169 = CARTESIAN_POINT('',(0.,-61.75,-2.22044604925E-16));
#170 = SURFACE_CURVE('',#171,(#175,#182),.PCURVE_S1.);
#171 = LINE('',#172,#173);
#172 = CARTESIAN_POINT('',(179.05,-61.75,-2.22044604925E-16));
#173 = VECTOR('',#174,1.);
#174 = DIRECTION('',(-1.,-0.,-0.));
#175 = PCURVE('',#44,#176);
#176 = DEFINITIONAL_REPRESENTATION('',(#177),#181);
#177 = LINE('',#178,#179);
#178 = CARTESIAN_POINT('',(-1.570796326795,0.));
#179 = VECTOR('',#180,1.);
#180 = DIRECTION('',(-0.,1.));
#181 = ( GEOMETRIC_REPRESENTATION_CONTEXT(2) 
PARAMETRIC_REPRESENTATION_CONTEXT() REPRESENTATION_CONTEXT('2D SPACE',''
  ) );
#182 = PCURVE('',#183,#188);
#183 = PLANE('',#184);
#184 = AXIS2_PLACEMENT_3D('',#185,#186,#187);
#185 = CARTESIAN_POINT('',(-4.009421112219E-16,1.976071833879E-15,0.));
#186 = DIRECTION('',(0.,0.,1.));
#187 = DIRECTION('',(1.,0.,-0.));
#188 = DEFINITIONAL_REPRESENTATION('',(#189),#193);
#189 = LINE('',#190,#191);
#190 = CARTESIAN_POINT('',(179.05,-61.75));
#191 = VECTOR('',#192,1.);
#192 = DIRECTION('',(-1.,0.));
#193 = ( GEOMETRIC_REPRESENTATION_CONTEXT(2) 
PARAMETRIC_REPRESENTATION_CONTEXT() REPRESENTATION_CONTEXT('2D SPACE',''
  ) );
#194 = ORIENTED_EDGE('',*,*,#195,.T.);
#195 = EDGE_CURVE('',#168,#24,#196,.T.);
#196 = SURFACE_CURVE('',#197,(#202,#209),.PCURVE_S1.);
#197 = CIRCLE('',#198,1.5);
#198 = AXIS2_PLACEMENT_3D('',#199,#200,#201);
#199 = CARTESIAN_POINT('',(0.,-61.75,1.5));
#200 = DIRECTION('',(-1.,-0.,0.));
#201 = DIRECTION('',(0.,-1.,0.));
#202 = PCURVE('',#44,#203);
#203 = DEFINITIONAL_REPRESENTATION('',(#204),#208);
#204 = LINE('',#205,#206);
#205 = CARTESIAN_POINT('',(-6.28318530718,179.05));
#206 = VECTOR('',#207,1.);
#207 = DIRECTION('',(1.,-0.));
#208 = ( GEOMETRIC_REPRESENTATION_CONTEXT(2) 
PARAMETRIC_REPRESENTATION_CONTEXT() REPRESENTATION_CONTEXT('2D SPACE',''
  ) );
#209 = PCURVE('',#71,#210);
#210 = DEFINITIONAL_REPRESENTATION('',(#211),#219);
#211 = ( BOUNDED_CURVE() B_SPLINE_CURVE(2,(#212,#213,#214,#215,#216,#217
,#218),.UNSPECIFIED.,.T.,.F.) B_SPLINE_CURVE_WITH_KNOTS((1,2,2,2,2,1),(
    -2.094395102393,0.,2.094395102393,4.188790204786,6.28318530718,
8.377580409573),.UNSPECIFIED.) CURVE() GEOMETRIC_REPRESENTATION_ITEM() 
RATIONAL_B_SPLINE_CURVE((1.,0.5,1.,0.5,1.,0.5,1.)) REPRESENTATION_ITEM(
  '') );
#212 = CARTESIAN_POINT('',(380.6,-315.85));
#213 = CARTESIAN_POINT('',(383.19807621135,-315.85));
#214 = CARTESIAN_POINT('',(381.89903810567,-318.1));
#215 = CARTESIAN_POINT('',(380.6,-320.35));
#216 = CARTESIAN_POINT('',(379.30096189432,-318.1));
#217 = CARTESIAN_POINT('',(378.00192378864,-315.85));
#218 = CARTESIAN_POINT('',(380.6,-315.85));
#219 = ( GEOMETRIC_REPRESENTATION_CONTEXT(2) 
PARAMETRIC_REPRESENTATION_CONTEXT() REPRESENTATION_CONTEXT('2D SPACE',''
  ) );
#220 = ADVANCED_FACE('',(#221),#124,.T.);
#221 = FACE_BOUND('',#222,.T.);
#222 = EDGE_LOOP('',(#223,#253,#280,#281));
#223 = ORIENTED_EDGE('',*,*,#224,.T.);
#224 = EDGE_CURVE('',#225,#227,#229,.T.);
#225 = VERTEX_POINT('',#226);
#226 = CARTESIAN_POINT('',(189.55,-52.75,1.5));
#227 = VERTEX_POINT('',#228);
#228 = CARTESIAN_POINT('',(189.55,-52.75,22.55));
#229 = SURFACE_CURVE('',#230,(#234,#241),.PCURVE_S1.);
#230 = LINE('',#231,#232);
#231 = CARTESIAN_POINT('',(189.55,-52.75,0.));
#232 = VECTOR('',#233,1.);
#233 = DIRECTION('',(0.,0.,1.));
#234 = PCURVE('',#124,#235);
#235 = DEFINITIONAL_REPRESENTATION('',(#236),#240);
#236 = LINE('',#237,#238);
#237 = CARTESIAN_POINT('',(3.14159265359,0.));
#238 = VECTOR('',#239,1.);
#239 = DIRECTION('',(0.,-1.));
#240 = ( GEOMETRIC_REPRESENTATION_CONTEXT(2) 
PARAMETRIC_REPRESENTATION_CONTEXT() REPRESENTATION_CONTEXT('2D SPACE',''
  ) );
#241 = PCURVE('',#242,#247);
#242 = PLANE('',#243);
#243 = AXIS2_PLACEMENT_3D('',#244,#245,#246);
#244 = CARTESIAN_POINT('',(189.55,-52.75,0.));
#245 = DIRECTION('',(-1.,0.,0.));
#246 = DIRECTION('',(0.,1.,0.));
#247 = DEFINITIONAL_REPRESENTATION('',(#248),#252);
#248 = LINE('',#249,#250);
#249 = CARTESIAN_POINT('',(0.,0.));
#250 = VECTOR('',#251,1.);
#251 = DIRECTION('',(0.,-1.));
#252 = ( GEOMETRIC_REPRESENTATION_CONTEXT(2) 
PARAMETRIC_REPRESENTATION_CONTEXT() REPRESENTATION_CONTEXT('2D SPACE',''
  ) );
#253 = ORIENTED_EDGE('',*,*,#254,.T.);
#254 = EDGE_CURVE('',#227,#83,#255,.T.);
#255 = SURFACE_CURVE('',#256,(#261,#268),.PCURVE_S1.);
#256 = CIRCLE('',#257,10.5);
#257 = AXIS2_PLACEMENT_3D('',#258,#259,#260);
#258 = CARTESIAN_POINT('',(179.05,-52.75,22.55));
#259 = DIRECTION('',(0.,-0.,-1.));
#260 = DIRECTION('',(1.,0.,-0.));
#261 = PCURVE('',#124,#262);
#262 = DEFINITIONAL_REPRESENTATION('',(#263),#267);
#263 = LINE('',#264,#265);
#264 = CARTESIAN_POINT('',(3.14159265359,-22.55));
#265 = VECTOR('',#266,1.);
#266 = DIRECTION('',(1.,0.));
#267 = ( GEOMETRIC_REPRESENTATION_CONTEXT(2) 
PARAMETRIC_REPRESENTATION_CONTEXT() REPRESENTATION_CONTEXT('2D SPACE',''
  ) );
#268 = PCURVE('',#269,#274);
#269 = TOROIDAL_SURFACE('',#270,9.,1.5);
#270 = AXIS2_PLACEMENT_3D('',#271,#272,#273);
#271 = CARTESIAN_POINT('',(179.05,-52.75,22.55));
#272 = DIRECTION('',(0.,0.,1.));
#273 = DIRECTION('',(1.,0.,-0.));
#274 = DEFINITIONAL_REPRESENTATION('',(#275),#279);
#275 = LINE('',#276,#277);
#276 = CARTESIAN_POINT('',(-0.,0.));
#277 = VECTOR('',#278,1.);
#278 = DIRECTION('',(-1.,0.));
#279 = ( GEOMETRIC_REPRESENTATION_CONTEXT(2) 
PARAMETRIC_REPRESENTATION_CONTEXT() REPRESENTATION_CONTEXT('2D SPACE',''
  ) );
#280 = ORIENTED_EDGE('',*,*,#110,.F.);
#281 = ORIENTED_EDGE('',*,*,#282,.F.);
#282 = EDGE_CURVE('',#225,#22,#283,.T.);
#283 = SURFACE_CURVE('',#284,(#289,#296),.PCURVE_S1.);
#284 = CIRCLE('',#285,10.5);
#285 = AXIS2_PLACEMENT_3D('',#286,#287,#288);
#286 = CARTESIAN_POINT('',(179.05,-52.75,1.5));
#287 = DIRECTION('',(0.,-0.,-1.));
#288 = DIRECTION('',(1.,0.,-0.));
#289 = PCURVE('',#124,#290);
#290 = DEFINITIONAL_REPRESENTATION('',(#291),#295);
#291 = LINE('',#292,#293);
#292 = CARTESIAN_POINT('',(3.14159265359,-1.5));
#293 = VECTOR('',#294,1.);
#294 = DIRECTION('',(1.,0.));
#295 = ( GEOMETRIC_REPRESENTATION_CONTEXT(2) 
PARAMETRIC_REPRESENTATION_CONTEXT() REPRESENTATION_CONTEXT('2D SPACE',''
  ) );
#296 = PCURVE('',#156,#297);
#297 = DEFINITIONAL_REPRESENTATION('',(#298),#302);
#298 = LINE('',#299,#300);
#299 = CARTESIAN_POINT('',(0.,0.));
#300 = VECTOR('',#301,1.);
#301 = DIRECTION('',(1.,0.));
#302 = ( GEOMETRIC_REPRESENTATION_CONTEXT(2) 
PARAMETRIC_REPRESENTATION_CONTEXT() REPRESENTATION_CONTEXT('2D SPACE',''
  ) );
#303 = ADVANCED_FACE('',(#304),#98,.T.);
#304 = FACE_BOUND('',#305,.T.);
#305 = EDGE_LOOP('',(#306,#307,#329,#357));
#306 = ORIENTED_EDGE('',*,*,#82,.F.);
#307 = ORIENTED_EDGE('',*,*,#308,.T.);
#308 = EDGE_CURVE('',#83,#309,#311,.T.);
#309 = VERTEX_POINT('',#310);
#310 = CARTESIAN_POINT('',(179.05,-61.75,24.05));
#311 = SURFACE_CURVE('',#312,(#317,#323),.PCURVE_S1.);
#312 = CIRCLE('',#313,1.5);
#313 = AXIS2_PLACEMENT_3D('',#314,#315,#316);
#314 = CARTESIAN_POINT('',(179.05,-61.75,22.55));
#315 = DIRECTION('',(-1.,-6.123233995737E-17,0.));
#316 = DIRECTION('',(6.123233995737E-17,-1.,-0.));
#317 = PCURVE('',#98,#318);
#318 = DEFINITIONAL_REPRESENTATION('',(#319),#322);
#319 = B_SPLINE_CURVE_WITH_KNOTS('',1,(#320,#321),.UNSPECIFIED.,.F.,.F.,
  (2,2),(0.,1.570796326795),.PIECEWISE_BEZIER_KNOTS.);
#320 = CARTESIAN_POINT('',(0.,0.));
#321 = CARTESIAN_POINT('',(1.570796326795,0.));
#322 = ( GEOMETRIC_REPRESENTATION_CONTEXT(2) 
PARAMETRIC_REPRESENTATION_CONTEXT() REPRESENTATION_CONTEXT('2D SPACE',''
  ) );
#323 = PCURVE('',#269,#324);
#324 = DEFINITIONAL_REPRESENTATION('',(#325),#328);
#325 = B_SPLINE_CURVE_WITH_KNOTS('',1,(#326,#327),.UNSPECIFIED.,.F.,.F.,
  (2,2),(0.,1.570796326795),.PIECEWISE_BEZIER_KNOTS.);
#326 = CARTESIAN_POINT('',(-1.570796326795,0.));
#327 = CARTESIAN_POINT('',(-1.570796326795,1.570796326795));
#328 = ( GEOMETRIC_REPRESENTATION_CONTEXT(2) 
PARAMETRIC_REPRESENTATION_CONTEXT() REPRESENTATION_CONTEXT('2D SPACE',''
  ) );
#329 = ORIENTED_EDGE('',*,*,#330,.T.);
#330 = EDGE_CURVE('',#309,#331,#333,.T.);
#331 = VERTEX_POINT('',#332);
#332 = CARTESIAN_POINT('',(0.,-61.75,24.05));
#333 = SURFACE_CURVE('',#334,(#338,#345),.PCURVE_S1.);
#334 = LINE('',#335,#336);
#335 = CARTESIAN_POINT('',(179.05,-61.75,24.05));
#336 = VECTOR('',#337,1.);
#337 = DIRECTION('',(-1.,-0.,-0.));
#338 = PCURVE('',#98,#339);
#339 = DEFINITIONAL_REPRESENTATION('',(#340),#344);
#340 = LINE('',#341,#342);
#341 = CARTESIAN_POINT('',(1.570796326795,0.));
#342 = VECTOR('',#343,1.);
#343 = DIRECTION('',(0.,1.));
#344 = ( GEOMETRIC_REPRESENTATION_CONTEXT(2) 
PARAMETRIC_REPRESENTATION_CONTEXT() REPRESENTATION_CONTEXT('2D SPACE',''
  ) );
#345 = PCURVE('',#346,#351);
#346 = PLANE('',#347);
#347 = AXIS2_PLACEMENT_3D('',#348,#349,#350);
#348 = CARTESIAN_POINT('',(-4.009421112219E-16,1.976071833879E-15,24.05)
  );
#349 = DIRECTION('',(0.,0.,1.));
#350 = DIRECTION('',(1.,0.,-0.));
#351 = DEFINITIONAL_REPRESENTATION('',(#352),#356);
#352 = LINE('',#353,#354);
#353 = CARTESIAN_POINT('',(179.05,-61.75));
#354 = VECTOR('',#355,1.);
#355 = DIRECTION('',(-1.,0.));
#356 = ( GEOMETRIC_REPRESENTATION_CONTEXT(2) 
PARAMETRIC_REPRESENTATION_CONTEXT() REPRESENTATION_CONTEXT('2D SPACE',''
  ) );
#357 = ORIENTED_EDGE('',*,*,#358,.F.);
#358 = EDGE_CURVE('',#57,#331,#359,.T.);
#359 = SURFACE_CURVE('',#360,(#365,#372),.PCURVE_S1.);
#360 = CIRCLE('',#361,1.5);
#361 = AXIS2_PLACEMENT_3D('',#362,#363,#364);
#362 = CARTESIAN_POINT('',(0.,-61.75,22.55));
#363 = DIRECTION('',(-1.,-0.,0.));
#364 = DIRECTION('',(0.,-1.,0.));
#365 = PCURVE('',#98,#366);
#366 = DEFINITIONAL_REPRESENTATION('',(#367),#371);
#367 = LINE('',#368,#369);
#368 = CARTESIAN_POINT('',(0.,179.05));
#369 = VECTOR('',#370,1.);
#370 = DIRECTION('',(1.,0.));
#371 = ( GEOMETRIC_REPRESENTATION_CONTEXT(2) 
PARAMETRIC_REPRESENTATION_CONTEXT() REPRESENTATION_CONTEXT('2D SPACE',''
  ) );
#372 = PCURVE('',#71,#373);
#373 = DEFINITIONAL_REPRESENTATION('',(#374),#382);
#374 = ( BOUNDED_CURVE() B_SPLINE_CURVE(2,(#375,#376,#377,#378,#379,#380
,#381),.UNSPECIFIED.,.T.,.F.) B_SPLINE_CURVE_WITH_KNOTS((1,2,2,2,2,1),(
    -2.094395102393,0.,2.094395102393,4.188790204786,6.28318530718,
8.377580409573),.UNSPECIFIED.) CURVE() GEOMETRIC_REPRESENTATION_ITEM() 
RATIONAL_B_SPLINE_CURVE((1.,0.5,1.,0.5,1.,0.5,1.)) REPRESENTATION_ITEM(
  '') );
#375 = CARTESIAN_POINT('',(401.65,-315.85));
#376 = CARTESIAN_POINT('',(404.24807621135,-315.85));
#377 = CARTESIAN_POINT('',(402.94903810567,-318.1));
#378 = CARTESIAN_POINT('',(401.65,-320.35));
#379 = CARTESIAN_POINT('',(400.35096189432,-318.1));
#380 = CARTESIAN_POINT('',(399.05192378864,-315.85));
#381 = CARTESIAN_POINT('',(401.65,-315.85));
#382 = ( GEOMETRIC_REPRESENTATION_CONTEXT(2) 
PARAMETRIC_REPRESENTATION_CONTEXT() REPRESENTATION_CONTEXT('2D SPACE',''
  ) );
#383 = ADVANCED_FACE('',(#384,#559),#71,.F.);
#384 = FACE_BOUND('',#385,.F.);
#385 = EDGE_LOOP('',(#386,#387,#388,#389,#410,#436,#462,#488,#514,#540)
  );
#386 = ORIENTED_EDGE('',*,*,#358,.F.);
#387 = ORIENTED_EDGE('',*,*,#56,.T.);
#388 = ORIENTED_EDGE('',*,*,#195,.F.);
#389 = ORIENTED_EDGE('',*,*,#390,.T.);
#390 = EDGE_CURVE('',#168,#391,#393,.T.);
#391 = VERTEX_POINT('',#392);
#392 = CARTESIAN_POINT('',(0.,-46.4,0.));
#393 = SURFACE_CURVE('',#394,(#398,#404),.PCURVE_S1.);
#394 = LINE('',#395,#396);
#395 = CARTESIAN_POINT('',(0.,-189.55,0.));
#396 = VECTOR('',#397,1.);
#397 = DIRECTION('',(-0.,1.,0.));
#398 = PCURVE('',#71,#399);
#399 = DEFINITIONAL_REPRESENTATION('',(#400),#403);
#400 = B_SPLINE_CURVE_WITH_KNOTS('',1,(#401,#402),.UNSPECIFIED.,.F.,.F.,
  (2,2),(127.8,251.3),.PIECEWISE_BEZIER_KNOTS.);
#401 = CARTESIAN_POINT('',(379.1,-317.35));
#402 = CARTESIAN_POINT('',(379.1,-440.85));
#403 = ( GEOMETRIC_REPRESENTATION_CONTEXT(2) 
PARAMETRIC_REPRESENTATION_CONTEXT() REPRESENTATION_CONTEXT('2D SPACE',''
  ) );
#404 = PCURVE('',#183,#405);
#405 = DEFINITIONAL_REPRESENTATION('',(#406),#409);
#406 = B_SPLINE_CURVE_WITH_KNOTS('',1,(#407,#408),.UNSPECIFIED.,.F.,.F.,
  (2,2),(127.8,251.3),.PIECEWISE_BEZIER_KNOTS.);
#407 = CARTESIAN_POINT('',(4.009421112219E-16,-61.75));
#408 = CARTESIAN_POINT('',(4.009421112219E-16,61.75));
#409 = ( GEOMETRIC_REPRESENTATION_CONTEXT(2) 
PARAMETRIC_REPRESENTATION_CONTEXT() REPRESENTATION_CONTEXT('2D SPACE',''
  ) );
#410 = ORIENTED_EDGE('',*,*,#411,.F.);
#411 = EDGE_CURVE('',#412,#391,#414,.T.);
#412 = VERTEX_POINT('',#413);
#413 = CARTESIAN_POINT('',(0.,-46.4,2.));
#414 = SURFACE_CURVE('',#415,(#419,#425),.PCURVE_S1.);
#415 = LINE('',#416,#417);
#416 = CARTESIAN_POINT('',(0.,-46.4,-189.55));
#417 = VECTOR('',#418,1.);
#418 = DIRECTION('',(-0.,0.,-1.));
#419 = PCURVE('',#71,#420);
#420 = DEFINITIONAL_REPRESENTATION('',(#421),#424);
#421 = B_SPLINE_CURVE_WITH_KNOTS('',1,(#422,#423),.UNSPECIFIED.,.F.,.F.,
  (2,2),(-191.55,-189.55),.PIECEWISE_BEZIER_KNOTS.);
#422 = CARTESIAN_POINT('',(381.1,-332.7));
#423 = CARTESIAN_POINT('',(379.1,-332.7));
#424 = ( GEOMETRIC_REPRESENTATION_CONTEXT(2) 
PARAMETRIC_REPRESENTATION_CONTEXT() REPRESENTATION_CONTEXT('2D SPACE',''
  ) );
#425 = PCURVE('',#426,#431);
#426 = PLANE('',#427);
#427 = AXIS2_PLACEMENT_3D('',#428,#429,#430);
#428 = CARTESIAN_POINT('',(-165.4,-46.4,0.));
#429 = DIRECTION('',(0.,1.,0.));
#430 = DIRECTION('',(1.,0.,0.));
#431 = DEFINITIONAL_REPRESENTATION('',(#432),#435);
#432 = B_SPLINE_CURVE_WITH_KNOTS('',1,(#433,#434),.UNSPECIFIED.,.F.,.F.,
  (2,2),(-191.55,-189.55),.PIECEWISE_BEZIER_KNOTS.);
#433 = CARTESIAN_POINT('',(165.4,-2.));
#434 = CARTESIAN_POINT('',(165.4,0.));
#435 = ( GEOMETRIC_REPRESENTATION_CONTEXT(2) 
PARAMETRIC_REPRESENTATION_CONTEXT() REPRESENTATION_CONTEXT('2D SPACE',''
  ) );
#436 = ORIENTED_EDGE('',*,*,#437,.F.);
#437 = EDGE_CURVE('',#438,#412,#440,.T.);
#438 = VERTEX_POINT('',#439);
#439 = CARTESIAN_POINT('',(0.,-60.05,2.));
#440 = SURFACE_CURVE('',#441,(#445,#451),.PCURVE_S1.);
#441 = LINE('',#442,#443);
#442 = CARTESIAN_POINT('',(0.,-189.55,2.));
#443 = VECTOR('',#444,1.);
#444 = DIRECTION('',(-0.,1.,0.));
#445 = PCURVE('',#71,#446);
#446 = DEFINITIONAL_REPRESENTATION('',(#447),#450);
#447 = B_SPLINE_CURVE_WITH_KNOTS('',1,(#448,#449),.UNSPECIFIED.,.F.,.F.,
  (2,2),(129.5,249.6),.PIECEWISE_BEZIER_KNOTS.);
#448 = CARTESIAN_POINT('',(381.1,-319.05));
#449 = CARTESIAN_POINT('',(381.1,-439.15));
#450 = ( GEOMETRIC_REPRESENTATION_CONTEXT(2) 
PARAMETRIC_REPRESENTATION_CONTEXT() REPRESENTATION_CONTEXT('2D SPACE',''
  ) );
#451 = PCURVE('',#452,#457);
#452 = PLANE('',#453);
#453 = AXIS2_PLACEMENT_3D('',#454,#455,#456);
#454 = CARTESIAN_POINT('',(-1.461202648946E-15,7.452133509624E-16,2.));
#455 = DIRECTION('',(0.,0.,1.));
#456 = DIRECTION('',(1.,0.,0.));
#457 = DEFINITIONAL_REPRESENTATION('',(#458),#461);
#458 = B_SPLINE_CURVE_WITH_KNOTS('',1,(#459,#460),.UNSPECIFIED.,.F.,.F.,
  (2,2),(129.5,249.6),.PIECEWISE_BEZIER_KNOTS.);
#459 = CARTESIAN_POINT('',(1.461202648946E-15,-60.05));
#460 = CARTESIAN_POINT('',(1.461202648946E-15,60.05));
#461 = ( GEOMETRIC_REPRESENTATION_CONTEXT(2) 
PARAMETRIC_REPRESENTATION_CONTEXT() REPRESENTATION_CONTEXT('2D SPACE',''
  ) );
#462 = ORIENTED_EDGE('',*,*,#463,.F.);
#463 = EDGE_CURVE('',#464,#438,#466,.T.);
#464 = VERTEX_POINT('',#465);
#465 = CARTESIAN_POINT('',(0.,-60.05,22.05));
#466 = SURFACE_CURVE('',#467,(#471,#477),.PCURVE_S1.);
#467 = LINE('',#468,#469);
#468 = CARTESIAN_POINT('',(0.,-60.05,-189.55));
#469 = VECTOR('',#470,1.);
#470 = DIRECTION('',(-0.,0.,-1.));
#471 = PCURVE('',#71,#472);
#472 = DEFINITIONAL_REPRESENTATION('',(#473),#476);
#473 = B_SPLINE_CURVE_WITH_KNOTS('',1,(#474,#475),.UNSPECIFIED.,.F.,.F.,
  (2,2),(-211.6,-189.55),.PIECEWISE_BEZIER_KNOTS.);
#474 = CARTESIAN_POINT('',(401.15,-319.05));
#475 = CARTESIAN_POINT('',(379.1,-319.05));
#476 = ( GEOMETRIC_REPRESENTATION_CONTEXT(2) 
PARAMETRIC_REPRESENTATION_CONTEXT() REPRESENTATION_CONTEXT('2D SPACE',''
  ) );
#477 = PCURVE('',#478,#483);
#478 = PLANE('',#479);
#479 = AXIS2_PLACEMENT_3D('',#480,#481,#482);
#480 = CARTESIAN_POINT('',(27.1,-60.05,0.));
#481 = DIRECTION('',(-0.,1.,0.));
#482 = DIRECTION('',(1.,0.,-0.));
#483 = DEFINITIONAL_REPRESENTATION('',(#484),#487);
#484 = B_SPLINE_CURVE_WITH_KNOTS('',1,(#485,#486),.UNSPECIFIED.,.F.,.F.,
  (2,2),(-211.6,-189.55),.PIECEWISE_BEZIER_KNOTS.);
#485 = CARTESIAN_POINT('',(-27.1,-22.05));
#486 = CARTESIAN_POINT('',(-27.1,0.));
#487 = ( GEOMETRIC_REPRESENTATION_CONTEXT(2) 
PARAMETRIC_REPRESENTATION_CONTEXT() REPRESENTATION_CONTEXT('2D SPACE',''
  ) );
#488 = ORIENTED_EDGE('',*,*,#489,.T.);
#489 = EDGE_CURVE('',#464,#490,#492,.T.);
#490 = VERTEX_POINT('',#491);
#491 = CARTESIAN_POINT('',(0.,-57.05,22.05));
#492 = SURFACE_CURVE('',#493,(#497,#503),.PCURVE_S1.);
#493 = LINE('',#494,#495);
#494 = CARTESIAN_POINT('',(0.,-189.55,22.05));
#495 = VECTOR('',#496,1.);
#496 = DIRECTION('',(-0.,1.,0.));
#497 = PCURVE('',#71,#498);
#498 = DEFINITIONAL_REPRESENTATION('',(#499),#502);
#499 = B_SPLINE_CURVE_WITH_KNOTS('',1,(#500,#501),.UNSPECIFIED.,.F.,.F.,
  (2,2),(129.5,249.6),.PIECEWISE_BEZIER_KNOTS.);
#500 = CARTESIAN_POINT('',(401.15,-319.05));
#501 = CARTESIAN_POINT('',(401.15,-439.15));
#502 = ( GEOMETRIC_REPRESENTATION_CONTEXT(2) 
PARAMETRIC_REPRESENTATION_CONTEXT() REPRESENTATION_CONTEXT('2D SPACE',''
  ) );
#503 = PCURVE('',#504,#509);
#504 = PLANE('',#505);
#505 = AXIS2_PLACEMENT_3D('',#506,#507,#508);
#506 = CARTESIAN_POINT('',(-1.461202648946E-15,7.452133509624E-16,22.05)
  );
#507 = DIRECTION('',(0.,0.,1.));
#508 = DIRECTION('',(1.,0.,0.));
#509 = DEFINITIONAL_REPRESENTATION('',(#510),#513);
#510 = B_SPLINE_CURVE_WITH_KNOTS('',1,(#511,#512),.UNSPECIFIED.,.F.,.F.,
  (2,2),(129.5,249.6),.PIECEWISE_BEZIER_KNOTS.);
#511 = CARTESIAN_POINT('',(1.461202648946E-15,-60.05));
#512 = CARTESIAN_POINT('',(1.461202648946E-15,60.05));
#513 = ( GEOMETRIC_REPRESENTATION_CONTEXT(2) 
PARAMETRIC_REPRESENTATION_CONTEXT() REPRESENTATION_CONTEXT('2D SPACE',''
  ) );
#514 = ORIENTED_EDGE('',*,*,#515,.F.);
#515 = EDGE_CURVE('',#516,#490,#518,.T.);
#516 = VERTEX_POINT('',#517);
#517 = CARTESIAN_POINT('',(0.,-57.05,24.05));
#518 = SURFACE_CURVE('',#519,(#523,#529),.PCURVE_S1.);
#519 = LINE('',#520,#521);
#520 = CARTESIAN_POINT('',(0.,-57.05,-178.525));
#521 = VECTOR('',#522,1.);
#522 = DIRECTION('',(-0.,0.,-1.));
#523 = PCURVE('',#71,#524);
#524 = DEFINITIONAL_REPRESENTATION('',(#525),#528);
#525 = B_SPLINE_CURVE_WITH_KNOTS('',1,(#526,#527),.UNSPECIFIED.,.F.,.F.,
  (2,2),(-202.575,-200.575),.PIECEWISE_BEZIER_KNOTS.);
#526 = CARTESIAN_POINT('',(403.15,-322.05));
#527 = CARTESIAN_POINT('',(401.15,-322.05));
#528 = ( GEOMETRIC_REPRESENTATION_CONTEXT(2) 
PARAMETRIC_REPRESENTATION_CONTEXT() REPRESENTATION_CONTEXT('2D SPACE',''
  ) );
#529 = PCURVE('',#530,#535);
#530 = PLANE('',#531);
#531 = AXIS2_PLACEMENT_3D('',#532,#533,#534);
#532 = CARTESIAN_POINT('',(-179.05,-57.05,22.05));
#533 = DIRECTION('',(0.,1.,0.));
#534 = DIRECTION('',(1.,0.,0.));
#535 = DEFINITIONAL_REPRESENTATION('',(#536),#539);
#536 = B_SPLINE_CURVE_WITH_KNOTS('',1,(#537,#538),.UNSPECIFIED.,.F.,.F.,
  (2,2),(-202.575,-200.575),.PIECEWISE_BEZIER_KNOTS.);
#537 = CARTESIAN_POINT('',(179.05,-2.));
#538 = CARTESIAN_POINT('',(179.05,0.));
#539 = ( GEOMETRIC_REPRESENTATION_CONTEXT(2) 
PARAMETRIC_REPRESENTATION_CONTEXT() REPRESENTATION_CONTEXT('2D SPACE',''
  ) );
#540 = ORIENTED_EDGE('',*,*,#541,.F.);
#541 = EDGE_CURVE('',#331,#516,#542,.T.);
#542 = SURFACE_CURVE('',#543,(#547,#553),.PCURVE_S1.);
#543 = LINE('',#544,#545);
#544 = CARTESIAN_POINT('',(0.,-189.55,24.05));
#545 = VECTOR('',#546,1.);
#546 = DIRECTION('',(-0.,1.,0.));
#547 = PCURVE('',#71,#548);
#548 = DEFINITIONAL_REPRESENTATION('',(#549),#552);
#549 = B_SPLINE_CURVE_WITH_KNOTS('',1,(#550,#551),.UNSPECIFIED.,.F.,.F.,
  (2,2),(127.8,251.3),.PIECEWISE_BEZIER_KNOTS.);
#550 = CARTESIAN_POINT('',(403.15,-317.35));
#551 = CARTESIAN_POINT('',(403.15,-440.85));
#552 = ( GEOMETRIC_REPRESENTATION_CONTEXT(2) 
PARAMETRIC_REPRESENTATION_CONTEXT() REPRESENTATION_CONTEXT('2D SPACE',''
  ) );
#553 = PCURVE('',#346,#554);
#554 = DEFINITIONAL_REPRESENTATION('',(#555),#558);
#555 = B_SPLINE_CURVE_WITH_KNOTS('',1,(#556,#557),.UNSPECIFIED.,.F.,.F.,
  (2,2),(127.8,251.3),.PIECEWISE_BEZIER_KNOTS.);
#556 = CARTESIAN_POINT('',(4.009421112219E-16,-61.75));
#557 = CARTESIAN_POINT('',(4.009421112219E-16,61.75));
#558 = ( GEOMETRIC_REPRESENTATION_CONTEXT(2) 
PARAMETRIC_REPRESENTATION_CONTEXT() REPRESENTATION_CONTEXT('2D SPACE',''
  ) );
#559 = FACE_BOUND('',#560,.F.);
#560 = EDGE_LOOP('',(#561,#591,#624,#652,#680,#708,#741,#769,#802,#830,
    #858,#886));
#561 = ORIENTED_EDGE('',*,*,#562,.F.);
#562 = EDGE_CURVE('',#563,#565,#567,.T.);
#563 = VERTEX_POINT('',#564);
#564 = CARTESIAN_POINT('',(0.,-62.35,22.55));
#565 = VERTEX_POINT('',#566);
#566 = CARTESIAN_POINT('',(0.,-62.35,1.5));
#567 = SURFACE_CURVE('',#568,(#572,#579),.PCURVE_S1.);
#568 = LINE('',#569,#570);
#569 = CARTESIAN_POINT('',(0.,-62.35,0.));
#570 = VECTOR('',#571,1.);
#571 = DIRECTION('',(-0.,0.,-1.));
#572 = PCURVE('',#71,#573);
#573 = DEFINITIONAL_REPRESENTATION('',(#574),#578);
#574 = LINE('',#575,#576);
#575 = CARTESIAN_POINT('',(379.1,-316.75));
#576 = VECTOR('',#577,1.);
#577 = DIRECTION('',(-1.,-0.));
#578 = ( GEOMETRIC_REPRESENTATION_CONTEXT(2) 
PARAMETRIC_REPRESENTATION_CONTEXT() REPRESENTATION_CONTEXT('2D SPACE',''
  ) );
#579 = PCURVE('',#580,#585);
#580 = PLANE('',#581);
#581 = AXIS2_PLACEMENT_3D('',#582,#583,#584);
#582 = CARTESIAN_POINT('',(0.,-62.35,22.55));
#583 = DIRECTION('',(-0.,1.,0.));
#584 = DIRECTION('',(0.,0.,-1.));
#585 = DEFINITIONAL_REPRESENTATION('',(#586),#590);
#586 = LINE('',#587,#588);
#587 = CARTESIAN_POINT('',(22.55,0.));
#588 = VECTOR('',#589,1.);
#589 = DIRECTION('',(1.,0.));
#590 = ( GEOMETRIC_REPRESENTATION_CONTEXT(2) 
PARAMETRIC_REPRESENTATION_CONTEXT() REPRESENTATION_CONTEXT('2D SPACE',''
  ) );
#591 = ORIENTED_EDGE('',*,*,#592,.T.);
#592 = EDGE_CURVE('',#563,#593,#595,.T.);
#593 = VERTEX_POINT('',#594);
#594 = CARTESIAN_POINT('',(0.,-61.75,23.15));
#595 = SURFACE_CURVE('',#596,(#601,#612),.PCURVE_S1.);
#596 = CIRCLE('',#597,0.6);
#597 = AXIS2_PLACEMENT_3D('',#598,#599,#600);
#598 = CARTESIAN_POINT('',(0.,-61.75,22.55));
#599 = DIRECTION('',(-1.,0.,0.));
#600 = DIRECTION('',(0.,-1.,0.));
#601 = PCURVE('',#71,#602);
#602 = DEFINITIONAL_REPRESENTATION('',(#603),#611);
#603 = ( BOUNDED_CURVE() B_SPLINE_CURVE(2,(#604,#605,#606,#607,#608,#609
,#610),.UNSPECIFIED.,.T.,.F.) B_SPLINE_CURVE_WITH_KNOTS((1,2,2,2,2,1),(
    -2.094395102393,0.,2.094395102393,4.188790204786,6.28318530718,
8.377580409573),.UNSPECIFIED.) CURVE() GEOMETRIC_REPRESENTATION_ITEM() 
RATIONAL_B_SPLINE_CURVE((1.,0.5,1.,0.5,1.,0.5,1.)) REPRESENTATION_ITEM(
  '') );
#604 = CARTESIAN_POINT('',(401.65,-316.75));
#605 = CARTESIAN_POINT('',(402.68923048454,-316.75));
#606 = CARTESIAN_POINT('',(402.16961524227,-317.65));
#607 = CARTESIAN_POINT('',(401.65,-318.55));
#608 = CARTESIAN_POINT('',(401.13038475772,-317.65));
#609 = CARTESIAN_POINT('',(400.61076951545,-316.75));
#610 = CARTESIAN_POINT('',(401.65,-316.75));
#611 = ( GEOMETRIC_REPRESENTATION_CONTEXT(2) 
PARAMETRIC_REPRESENTATION_CONTEXT() REPRESENTATION_CONTEXT('2D SPACE',''
  ) );
#612 = PCURVE('',#613,#618);
#613 = CYLINDRICAL_SURFACE('',#614,0.6);
#614 = AXIS2_PLACEMENT_3D('',#615,#616,#617);
#615 = CARTESIAN_POINT('',(0.,-61.75,22.55));
#616 = DIRECTION('',(-1.,0.,0.));
#617 = DIRECTION('',(0.,-1.,0.));
#618 = DEFINITIONAL_REPRESENTATION('',(#619),#623);
#619 = LINE('',#620,#621);
#620 = CARTESIAN_POINT('',(0.,0.));
#621 = VECTOR('',#622,1.);
#622 = DIRECTION('',(1.,0.));
#623 = ( GEOMETRIC_REPRESENTATION_CONTEXT(2) 
PARAMETRIC_REPRESENTATION_CONTEXT() REPRESENTATION_CONTEXT('2D SPACE',''
  ) );
#624 = ORIENTED_EDGE('',*,*,#625,.T.);
#625 = EDGE_CURVE('',#593,#626,#628,.T.);
#626 = VERTEX_POINT('',#627);
#627 = CARTESIAN_POINT('',(0.,-57.95,23.15));
#628 = SURFACE_CURVE('',#629,(#633,#640),.PCURVE_S1.);
#629 = LINE('',#630,#631);
#630 = CARTESIAN_POINT('',(0.,9.880359169397E-16,23.15));
#631 = VECTOR('',#632,1.);
#632 = DIRECTION('',(0.,1.,0.));
#633 = PCURVE('',#71,#634);
#634 = DEFINITIONAL_REPRESENTATION('',(#635),#639);
#635 = LINE('',#636,#637);
#636 = CARTESIAN_POINT('',(402.25,-379.1));
#637 = VECTOR('',#638,1.);
#638 = DIRECTION('',(0.,-1.));
#639 = ( GEOMETRIC_REPRESENTATION_CONTEXT(2) 
PARAMETRIC_REPRESENTATION_CONTEXT() REPRESENTATION_CONTEXT('2D SPACE',''
  ) );
#640 = PCURVE('',#641,#646);
#641 = PLANE('',#642);
#642 = AXIS2_PLACEMENT_3D('',#643,#644,#645);
#643 = CARTESIAN_POINT('',(0.,-61.75,23.15));
#644 = DIRECTION('',(0.,0.,1.));
#645 = DIRECTION('',(0.,1.,0.));
#646 = DEFINITIONAL_REPRESENTATION('',(#647),#651);
#647 = LINE('',#648,#649);
#648 = CARTESIAN_POINT('',(61.75,0.));
#649 = VECTOR('',#650,1.);
#650 = DIRECTION('',(1.,0.));
#651 = ( GEOMETRIC_REPRESENTATION_CONTEXT(2) 
PARAMETRIC_REPRESENTATION_CONTEXT() REPRESENTATION_CONTEXT('2D SPACE',''
  ) );
#652 = ORIENTED_EDGE('',*,*,#653,.T.);
#653 = EDGE_CURVE('',#626,#654,#656,.T.);
#654 = VERTEX_POINT('',#655);
#655 = CARTESIAN_POINT('',(0.,-57.95,22.95));
#656 = SURFACE_CURVE('',#657,(#661,#668),.PCURVE_S1.);
#657 = LINE('',#658,#659);
#658 = CARTESIAN_POINT('',(0.,-57.95,11.025));
#659 = VECTOR('',#660,1.);
#660 = DIRECTION('',(-0.,0.,-1.));
#661 = PCURVE('',#71,#662);
#662 = DEFINITIONAL_REPRESENTATION('',(#663),#667);
#663 = LINE('',#664,#665);
#664 = CARTESIAN_POINT('',(390.125,-321.15));
#665 = VECTOR('',#666,1.);
#666 = DIRECTION('',(-1.,-0.));
#667 = ( GEOMETRIC_REPRESENTATION_CONTEXT(2) 
PARAMETRIC_REPRESENTATION_CONTEXT() REPRESENTATION_CONTEXT('2D SPACE',''
  ) );
#668 = PCURVE('',#669,#674);
#669 = PLANE('',#670);
#670 = AXIS2_PLACEMENT_3D('',#671,#672,#673);
#671 = CARTESIAN_POINT('',(0.,-57.95,23.15));
#672 = DIRECTION('',(-0.,1.,0.));
#673 = DIRECTION('',(0.,0.,-1.));
#674 = DEFINITIONAL_REPRESENTATION('',(#675),#679);
#675 = LINE('',#676,#677);
#676 = CARTESIAN_POINT('',(12.125,0.));
#677 = VECTOR('',#678,1.);
#678 = DIRECTION('',(1.,0.));
#679 = ( GEOMETRIC_REPRESENTATION_CONTEXT(2) 
PARAMETRIC_REPRESENTATION_CONTEXT() REPRESENTATION_CONTEXT('2D SPACE',''
  ) );
#680 = ORIENTED_EDGE('',*,*,#681,.F.);
#681 = EDGE_CURVE('',#682,#654,#684,.T.);
#682 = VERTEX_POINT('',#683);
#683 = CARTESIAN_POINT('',(0.,-60.05,22.95));
#684 = SURFACE_CURVE('',#685,(#689,#696),.PCURVE_S1.);
#685 = LINE('',#686,#687);
#686 = CARTESIAN_POINT('',(0.,3.726066754812E-16,22.95));
#687 = VECTOR('',#688,1.);
#688 = DIRECTION('',(0.,1.,0.));
#689 = PCURVE('',#71,#690);
#690 = DEFINITIONAL_REPRESENTATION('',(#691),#695);
#691 = LINE('',#692,#693);
#692 = CARTESIAN_POINT('',(402.05,-379.1));
#693 = VECTOR('',#694,1.);
#694 = DIRECTION('',(0.,-1.));
#695 = ( GEOMETRIC_REPRESENTATION_CONTEXT(2) 
PARAMETRIC_REPRESENTATION_CONTEXT() REPRESENTATION_CONTEXT('2D SPACE',''
  ) );
#696 = PCURVE('',#697,#702);
#697 = PLANE('',#698);
#698 = AXIS2_PLACEMENT_3D('',#699,#700,#701);
#699 = CARTESIAN_POINT('',(0.,-60.05,22.95));
#700 = DIRECTION('',(0.,0.,1.));
#701 = DIRECTION('',(0.,1.,0.));
#702 = DEFINITIONAL_REPRESENTATION('',(#703),#707);
#703 = LINE('',#704,#705);
#704 = CARTESIAN_POINT('',(60.05,0.));
#705 = VECTOR('',#706,1.);
#706 = DIRECTION('',(1.,0.));
#707 = ( GEOMETRIC_REPRESENTATION_CONTEXT(2) 
PARAMETRIC_REPRESENTATION_CONTEXT() REPRESENTATION_CONTEXT('2D SPACE',''
  ) );
#708 = ORIENTED_EDGE('',*,*,#709,.F.);
#709 = EDGE_CURVE('',#710,#682,#712,.T.);
#710 = VERTEX_POINT('',#711);
#711 = CARTESIAN_POINT('',(0.,-60.95,22.05));
#712 = SURFACE_CURVE('',#713,(#718,#729),.PCURVE_S1.);
#713 = CIRCLE('',#714,0.9);
#714 = AXIS2_PLACEMENT_3D('',#715,#716,#717);
#715 = CARTESIAN_POINT('',(0.,-60.05,22.05));
#716 = DIRECTION('',(-1.,-0.,0.));
#717 = DIRECTION('',(-0.,0.,-1.));
#718 = PCURVE('',#71,#719);
#719 = DEFINITIONAL_REPRESENTATION('',(#720),#728);
#720 = ( BOUNDED_CURVE() B_SPLINE_CURVE(2,(#721,#722,#723,#724,#725,#726
,#727),.UNSPECIFIED.,.T.,.F.) B_SPLINE_CURVE_WITH_KNOTS((1,2,2,2,2,1),(
    -2.094395102393,0.,2.094395102393,4.188790204786,6.28318530718,
8.377580409573),.UNSPECIFIED.) CURVE() GEOMETRIC_REPRESENTATION_ITEM() 
RATIONAL_B_SPLINE_CURVE((1.,0.5,1.,0.5,1.,0.5,1.)) REPRESENTATION_ITEM(
  '') );
#721 = CARTESIAN_POINT('',(400.25,-319.05));
#722 = CARTESIAN_POINT('',(400.25,-317.4911542731));
#723 = CARTESIAN_POINT('',(401.6,-318.2705771365));
#724 = CARTESIAN_POINT('',(402.95,-319.05));
#725 = CARTESIAN_POINT('',(401.6,-319.8294228634));
#726 = CARTESIAN_POINT('',(400.25,-320.6088457268));
#727 = CARTESIAN_POINT('',(400.25,-319.05));
#728 = ( GEOMETRIC_REPRESENTATION_CONTEXT(2) 
PARAMETRIC_REPRESENTATION_CONTEXT() REPRESENTATION_CONTEXT('2D SPACE',''
  ) );
#729 = PCURVE('',#730,#735);
#730 = CYLINDRICAL_SURFACE('',#731,0.9);
#731 = AXIS2_PLACEMENT_3D('',#732,#733,#734);
#732 = CARTESIAN_POINT('',(0.,-60.05,22.05));
#733 = DIRECTION('',(-1.,-0.,0.));
#734 = DIRECTION('',(-0.,0.,-1.));
#735 = DEFINITIONAL_REPRESENTATION('',(#736),#740);
#736 = LINE('',#737,#738);
#737 = CARTESIAN_POINT('',(0.,0.));
#738 = VECTOR('',#739,1.);
#739 = DIRECTION('',(1.,0.));
#740 = ( GEOMETRIC_REPRESENTATION_CONTEXT(2) 
PARAMETRIC_REPRESENTATION_CONTEXT() REPRESENTATION_CONTEXT('2D SPACE',''
  ) );
#741 = ORIENTED_EDGE('',*,*,#742,.T.);
#742 = EDGE_CURVE('',#710,#743,#745,.T.);
#743 = VERTEX_POINT('',#744);
#744 = CARTESIAN_POINT('',(0.,-60.95,2.));
#745 = SURFACE_CURVE('',#746,(#750,#757),.PCURVE_S1.);
#746 = LINE('',#747,#748);
#747 = CARTESIAN_POINT('',(0.,-60.95,0.));
#748 = VECTOR('',#749,1.);
#749 = DIRECTION('',(-0.,0.,-1.));
#750 = PCURVE('',#71,#751);
#751 = DEFINITIONAL_REPRESENTATION('',(#752),#756);
#752 = LINE('',#753,#754);
#753 = CARTESIAN_POINT('',(379.1,-318.15));
#754 = VECTOR('',#755,1.);
#755 = DIRECTION('',(-1.,-0.));
#756 = ( GEOMETRIC_REPRESENTATION_CONTEXT(2) 
PARAMETRIC_REPRESENTATION_CONTEXT() REPRESENTATION_CONTEXT('2D SPACE',''
  ) );
#757 = PCURVE('',#758,#763);
#758 = PLANE('',#759);
#759 = AXIS2_PLACEMENT_3D('',#760,#761,#762);
#760 = CARTESIAN_POINT('',(0.,-60.95,22.05));
#761 = DIRECTION('',(-0.,1.,0.));
#762 = DIRECTION('',(0.,0.,-1.));
#763 = DEFINITIONAL_REPRESENTATION('',(#764),#768);
#764 = LINE('',#765,#766);
#765 = CARTESIAN_POINT('',(22.05,0.));
#766 = VECTOR('',#767,1.);
#767 = DIRECTION('',(1.,0.));
#768 = ( GEOMETRIC_REPRESENTATION_CONTEXT(2) 
PARAMETRIC_REPRESENTATION_CONTEXT() REPRESENTATION_CONTEXT('2D SPACE',''
  ) );
#769 = ORIENTED_EDGE('',*,*,#770,.F.);
#770 = EDGE_CURVE('',#771,#743,#773,.T.);
#771 = VERTEX_POINT('',#772);
#772 = CARTESIAN_POINT('',(0.,-60.05,1.1));
#773 = SURFACE_CURVE('',#774,(#779,#790),.PCURVE_S1.);
#774 = CIRCLE('',#775,0.9);
#775 = AXIS2_PLACEMENT_3D('',#776,#777,#778);
#776 = CARTESIAN_POINT('',(0.,-60.05,2.));
#777 = DIRECTION('',(-1.,0.,0.));
#778 = DIRECTION('',(0.,1.,0.));
#779 = PCURVE('',#71,#780);
#780 = DEFINITIONAL_REPRESENTATION('',(#781),#789);
#781 = ( BOUNDED_CURVE() B_SPLINE_CURVE(2,(#782,#783,#784,#785,#786,#787
,#788),.UNSPECIFIED.,.T.,.F.) B_SPLINE_CURVE_WITH_KNOTS((1,2,2,2,2,1),(
    -2.094395102393,0.,2.094395102393,4.188790204786,6.28318530718,
8.377580409573),.UNSPECIFIED.) CURVE() GEOMETRIC_REPRESENTATION_ITEM() 
RATIONAL_B_SPLINE_CURVE((1.,0.5,1.,0.5,1.,0.5,1.)) REPRESENTATION_ITEM(
  '') );
#782 = CARTESIAN_POINT('',(381.1,-319.95));
#783 = CARTESIAN_POINT('',(379.54115427318,-319.95));
#784 = CARTESIAN_POINT('',(380.32057713659,-318.6));
#785 = CARTESIAN_POINT('',(381.1,-317.25));
#786 = CARTESIAN_POINT('',(381.8794228634,-318.6));
#787 = CARTESIAN_POINT('',(382.65884572681,-319.95));
#788 = CARTESIAN_POINT('',(381.1,-319.95));
#789 = ( GEOMETRIC_REPRESENTATION_CONTEXT(2) 
PARAMETRIC_REPRESENTATION_CONTEXT() REPRESENTATION_CONTEXT('2D SPACE',''
  ) );
#790 = PCURVE('',#791,#796);
#791 = CYLINDRICAL_SURFACE('',#792,0.9);
#792 = AXIS2_PLACEMENT_3D('',#793,#794,#795);
#793 = CARTESIAN_POINT('',(0.,-60.05,2.));
#794 = DIRECTION('',(-1.,0.,0.));
#795 = DIRECTION('',(0.,1.,0.));
#796 = DEFINITIONAL_REPRESENTATION('',(#797),#801);
#797 = LINE('',#798,#799);
#798 = CARTESIAN_POINT('',(0.,0.));
#799 = VECTOR('',#800,1.);
#800 = DIRECTION('',(1.,0.));
#801 = ( GEOMETRIC_REPRESENTATION_CONTEXT(2) 
PARAMETRIC_REPRESENTATION_CONTEXT() REPRESENTATION_CONTEXT('2D SPACE',''
  ) );
#802 = ORIENTED_EDGE('',*,*,#803,.T.);
#803 = EDGE_CURVE('',#771,#804,#806,.T.);
#804 = VERTEX_POINT('',#805);
#805 = CARTESIAN_POINT('',(0.,-47.3,1.1));
#806 = SURFACE_CURVE('',#807,(#811,#818),.PCURVE_S1.);
#807 = LINE('',#808,#809);
#808 = CARTESIAN_POINT('',(0.,3.726066754812E-16,1.1));
#809 = VECTOR('',#810,1.);
#810 = DIRECTION('',(0.,1.,0.));
#811 = PCURVE('',#71,#812);
#812 = DEFINITIONAL_REPRESENTATION('',(#813),#817);
#813 = LINE('',#814,#815);
#814 = CARTESIAN_POINT('',(380.2,-379.1));
#815 = VECTOR('',#816,1.);
#816 = DIRECTION('',(0.,-1.));
#817 = ( GEOMETRIC_REPRESENTATION_CONTEXT(2) 
PARAMETRIC_REPRESENTATION_CONTEXT() REPRESENTATION_CONTEXT('2D SPACE',''
  ) );
#818 = PCURVE('',#819,#824);
#819 = PLANE('',#820);
#820 = AXIS2_PLACEMENT_3D('',#821,#822,#823);
#821 = CARTESIAN_POINT('',(0.,-60.05,1.1));
#822 = DIRECTION('',(0.,0.,1.));
#823 = DIRECTION('',(0.,1.,0.));
#824 = DEFINITIONAL_REPRESENTATION('',(#825),#829);
#825 = LINE('',#826,#827);
#826 = CARTESIAN_POINT('',(60.05,0.));
#827 = VECTOR('',#828,1.);
#828 = DIRECTION('',(1.,0.));
#829 = ( GEOMETRIC_REPRESENTATION_CONTEXT(2) 
PARAMETRIC_REPRESENTATION_CONTEXT() REPRESENTATION_CONTEXT('2D SPACE',''
  ) );
#830 = ORIENTED_EDGE('',*,*,#831,.T.);
#831 = EDGE_CURVE('',#804,#832,#834,.T.);
#832 = VERTEX_POINT('',#833);
#833 = CARTESIAN_POINT('',(0.,-47.3,0.9));
#834 = SURFACE_CURVE('',#835,(#839,#846),.PCURVE_S1.);
#835 = LINE('',#836,#837);
#836 = CARTESIAN_POINT('',(0.,-47.3,0.));
#837 = VECTOR('',#838,1.);
#838 = DIRECTION('',(-0.,0.,-1.));
#839 = PCURVE('',#71,#840);
#840 = DEFINITIONAL_REPRESENTATION('',(#841),#845);
#841 = LINE('',#842,#843);
#842 = CARTESIAN_POINT('',(379.1,-331.8));
#843 = VECTOR('',#844,1.);
#844 = DIRECTION('',(-1.,-0.));
#845 = ( GEOMETRIC_REPRESENTATION_CONTEXT(2) 
PARAMETRIC_REPRESENTATION_CONTEXT() REPRESENTATION_CONTEXT('2D SPACE',''
  ) );
#846 = PCURVE('',#847,#852);
#847 = PLANE('',#848);
#848 = AXIS2_PLACEMENT_3D('',#849,#850,#851);
#849 = CARTESIAN_POINT('',(0.,-47.3,1.1));
#850 = DIRECTION('',(-0.,1.,0.));
#851 = DIRECTION('',(0.,0.,-1.));
#852 = DEFINITIONAL_REPRESENTATION('',(#853),#857);
#853 = LINE('',#854,#855);
#854 = CARTESIAN_POINT('',(1.1,0.));
#855 = VECTOR('',#856,1.);
#856 = DIRECTION('',(1.,0.));
#857 = ( GEOMETRIC_REPRESENTATION_CONTEXT(2) 
PARAMETRIC_REPRESENTATION_CONTEXT() REPRESENTATION_CONTEXT('2D SPACE',''
  ) );
#858 = ORIENTED_EDGE('',*,*,#859,.F.);
#859 = EDGE_CURVE('',#860,#832,#862,.T.);
#860 = VERTEX_POINT('',#861);
#861 = CARTESIAN_POINT('',(0.,-61.75,0.9));
#862 = SURFACE_CURVE('',#863,(#867,#874),.PCURVE_S1.);
#863 = LINE('',#864,#865);
#864 = CARTESIAN_POINT('',(0.,9.880359169397E-16,0.9));
#865 = VECTOR('',#866,1.);
#866 = DIRECTION('',(0.,1.,0.));
#867 = PCURVE('',#71,#868);
#868 = DEFINITIONAL_REPRESENTATION('',(#869),#873);
#869 = LINE('',#870,#871);
#870 = CARTESIAN_POINT('',(380.,-379.1));
#871 = VECTOR('',#872,1.);
#872 = DIRECTION('',(0.,-1.));
#873 = ( GEOMETRIC_REPRESENTATION_CONTEXT(2) 
PARAMETRIC_REPRESENTATION_CONTEXT() REPRESENTATION_CONTEXT('2D SPACE',''
  ) );
#874 = PCURVE('',#875,#880);
#875 = PLANE('',#876);
#876 = AXIS2_PLACEMENT_3D('',#877,#878,#879);
#877 = CARTESIAN_POINT('',(0.,-61.75,0.9));
#878 = DIRECTION('',(0.,0.,1.));
#879 = DIRECTION('',(0.,1.,0.));
#880 = DEFINITIONAL_REPRESENTATION('',(#881),#885);
#881 = LINE('',#882,#883);
#882 = CARTESIAN_POINT('',(61.75,0.));
#883 = VECTOR('',#884,1.);
#884 = DIRECTION('',(1.,0.));
#885 = ( GEOMETRIC_REPRESENTATION_CONTEXT(2) 
PARAMETRIC_REPRESENTATION_CONTEXT() REPRESENTATION_CONTEXT('2D SPACE',''
  ) );
#886 = ORIENTED_EDGE('',*,*,#887,.T.);
#887 = EDGE_CURVE('',#860,#565,#888,.T.);
#888 = SURFACE_CURVE('',#889,(#894,#905),.PCURVE_S1.);
#889 = CIRCLE('',#890,0.6);
#890 = AXIS2_PLACEMENT_3D('',#891,#892,#893);
#891 = CARTESIAN_POINT('',(0.,-61.75,1.5));
#892 = DIRECTION('',(-1.,0.,0.));
#893 = DIRECTION('',(0.,-1.,0.));
#894 = PCURVE('',#71,#895);
#895 = DEFINITIONAL_REPRESENTATION('',(#896),#904);
#896 = ( BOUNDED_CURVE() B_SPLINE_CURVE(2,(#897,#898,#899,#900,#901,#902
,#903),.UNSPECIFIED.,.T.,.F.) B_SPLINE_CURVE_WITH_KNOTS((1,2,2,2,2,1),(
    -2.094395102393,0.,2.094395102393,4.188790204786,6.28318530718,
8.377580409573),.UNSPECIFIED.) CURVE() GEOMETRIC_REPRESENTATION_ITEM() 
RATIONAL_B_SPLINE_CURVE((1.,0.5,1.,0.5,1.,0.5,1.)) REPRESENTATION_ITEM(
  '') );
#897 = CARTESIAN_POINT('',(380.6,-316.75));
#898 = CARTESIAN_POINT('',(381.63923048454,-316.75));
#899 = CARTESIAN_POINT('',(381.11961524227,-317.65));
#900 = CARTESIAN_POINT('',(380.6,-318.55));
#901 = CARTESIAN_POINT('',(380.08038475772,-317.65));
#902 = CARTESIAN_POINT('',(379.56076951545,-316.75));
#903 = CARTESIAN_POINT('',(380.6,-316.75));
#904 = ( GEOMETRIC_REPRESENTATION_CONTEXT(2) 
PARAMETRIC_REPRESENTATION_CONTEXT() REPRESENTATION_CONTEXT('2D SPACE',''
  ) );
#905 = PCURVE('',#906,#911);
#906 = CYLINDRICAL_SURFACE('',#907,0.6);
#907 = AXIS2_PLACEMENT_3D('',#908,#909,#910);
#908 = CARTESIAN_POINT('',(0.,-61.75,1.5));
#909 = DIRECTION('',(-1.,0.,0.));
#910 = DIRECTION('',(0.,-1.,0.));
#911 = DEFINITIONAL_REPRESENTATION('',(#912),#916);
#912 = LINE('',#913,#914);
#913 = CARTESIAN_POINT('',(0.,0.));
#914 = VECTOR('',#915,1.);
#915 = DIRECTION('',(1.,0.));
#916 = ( GEOMETRIC_REPRESENTATION_CONTEXT(2) 
PARAMETRIC_REPRESENTATION_CONTEXT() REPRESENTATION_CONTEXT('2D SPACE',''
  ) );
#917 = ADVANCED_FACE('',(#918,#1419,#1450),#183,.F.);
#918 = FACE_BOUND('',#919,.F.);
#919 = EDGE_LOOP('',(#920,#921,#922,#950,#978,#1011,#1039,#1065,#1093,
    #1121,#1149,#1177,#1205,#1234,#1262,#1291,#1319,#1347,#1370,#1398));
#920 = ORIENTED_EDGE('',*,*,#390,.F.);
#921 = ORIENTED_EDGE('',*,*,#167,.F.);
#922 = ORIENTED_EDGE('',*,*,#923,.F.);
#923 = EDGE_CURVE('',#924,#141,#926,.T.);
#924 = VERTEX_POINT('',#925);
#925 = CARTESIAN_POINT('',(188.05,-52.75,-2.22044604925E-16));
#926 = SURFACE_CURVE('',#927,(#932,#943),.PCURVE_S1.);
#927 = CIRCLE('',#928,9.);
#928 = AXIS2_PLACEMENT_3D('',#929,#930,#931);
#929 = CARTESIAN_POINT('',(179.05,-52.75,0.));
#930 = DIRECTION('',(0.,-0.,-1.));
#931 = DIRECTION('',(1.,0.,-0.));
#932 = PCURVE('',#183,#933);
#933 = DEFINITIONAL_REPRESENTATION('',(#934),#942);
#934 = ( BOUNDED_CURVE() B_SPLINE_CURVE(2,(#935,#936,#937,#938,#939,#940
,#941),.UNSPECIFIED.,.T.,.F.) B_SPLINE_CURVE_WITH_KNOTS((1,2,2,2,2,1),(
    -2.094395102393,0.,2.094395102393,4.188790204786,6.28318530718,
8.377580409573),.UNSPECIFIED.) CURVE() GEOMETRIC_REPRESENTATION_ITEM() 
RATIONAL_B_SPLINE_CURVE((1.,0.5,1.,0.5,1.,0.5,1.)) REPRESENTATION_ITEM(
  '') );
#935 = CARTESIAN_POINT('',(188.05,-52.75));
#936 = CARTESIAN_POINT('',(188.05,-68.33845726812));
#937 = CARTESIAN_POINT('',(174.55,-60.54422863406));
#938 = CARTESIAN_POINT('',(161.05,-52.75));
#939 = CARTESIAN_POINT('',(174.55,-44.95577136594));
#940 = CARTESIAN_POINT('',(188.05,-37.16154273188));
#941 = CARTESIAN_POINT('',(188.05,-52.75));
#942 = ( GEOMETRIC_REPRESENTATION_CONTEXT(2) 
PARAMETRIC_REPRESENTATION_CONTEXT() REPRESENTATION_CONTEXT('2D SPACE',''
  ) );
#943 = PCURVE('',#156,#944);
#944 = DEFINITIONAL_REPRESENTATION('',(#945),#949);
#945 = LINE('',#946,#947);
#946 = CARTESIAN_POINT('',(0.,1.570796326795));
#947 = VECTOR('',#948,1.);
#948 = DIRECTION('',(1.,0.));
#949 = ( GEOMETRIC_REPRESENTATION_CONTEXT(2) 
PARAMETRIC_REPRESENTATION_CONTEXT() REPRESENTATION_CONTEXT('2D SPACE',''
  ) );
#950 = ORIENTED_EDGE('',*,*,#951,.F.);
#951 = EDGE_CURVE('',#952,#924,#954,.T.);
#952 = VERTEX_POINT('',#953);
#953 = CARTESIAN_POINT('',(188.05,52.75,0.));
#954 = SURFACE_CURVE('',#955,(#959,#966),.PCURVE_S1.);
#955 = LINE('',#956,#957);
#956 = CARTESIAN_POINT('',(188.05,52.75,-2.22044604925E-16));
#957 = VECTOR('',#958,1.);
#958 = DIRECTION('',(-0.,-1.,-0.));
#959 = PCURVE('',#183,#960);
#960 = DEFINITIONAL_REPRESENTATION('',(#961),#965);
#961 = LINE('',#962,#963);
#962 = CARTESIAN_POINT('',(188.05,52.75));
#963 = VECTOR('',#964,1.);
#964 = DIRECTION('',(0.,-1.));
#965 = ( GEOMETRIC_REPRESENTATION_CONTEXT(2) 
PARAMETRIC_REPRESENTATION_CONTEXT() REPRESENTATION_CONTEXT('2D SPACE',''
  ) );
#966 = PCURVE('',#967,#972);
#967 = CYLINDRICAL_SURFACE('',#968,1.5);
#968 = AXIS2_PLACEMENT_3D('',#969,#970,#971);
#969 = CARTESIAN_POINT('',(188.05,52.75,1.5));
#970 = DIRECTION('',(-0.,-1.,-0.));
#971 = DIRECTION('',(1.,-0.,0.));
#972 = DEFINITIONAL_REPRESENTATION('',(#973),#977);
#973 = LINE('',#974,#975);
#974 = CARTESIAN_POINT('',(-1.570796326795,0.));
#975 = VECTOR('',#976,1.);
#976 = DIRECTION('',(-0.,1.));
#977 = ( GEOMETRIC_REPRESENTATION_CONTEXT(2) 
PARAMETRIC_REPRESENTATION_CONTEXT() REPRESENTATION_CONTEXT('2D SPACE',''
  ) );
#978 = ORIENTED_EDGE('',*,*,#979,.F.);
#979 = EDGE_CURVE('',#980,#952,#982,.T.);
#980 = VERTEX_POINT('',#981);
#981 = CARTESIAN_POINT('',(179.05,61.75,-2.22044604925E-16));
#982 = SURFACE_CURVE('',#983,(#988,#999),.PCURVE_S1.);
#983 = CIRCLE('',#984,9.);
#984 = AXIS2_PLACEMENT_3D('',#985,#986,#987);
#985 = CARTESIAN_POINT('',(179.05,52.75,0.));
#986 = DIRECTION('',(0.,-0.,-1.));
#987 = DIRECTION('',(0.,1.,-0.));
#988 = PCURVE('',#183,#989);
#989 = DEFINITIONAL_REPRESENTATION('',(#990),#998);
#990 = ( BOUNDED_CURVE() B_SPLINE_CURVE(2,(#991,#992,#993,#994,#995,#996
,#997),.UNSPECIFIED.,.T.,.F.) B_SPLINE_CURVE_WITH_KNOTS((1,2,2,2,2,1),(
    -2.094395102393,0.,2.094395102393,4.188790204786,6.28318530718,
8.377580409573),.UNSPECIFIED.) CURVE() GEOMETRIC_REPRESENTATION_ITEM() 
RATIONAL_B_SPLINE_CURVE((1.,0.5,1.,0.5,1.,0.5,1.)) REPRESENTATION_ITEM(
  '') );
#991 = CARTESIAN_POINT('',(179.05,61.75));
#992 = CARTESIAN_POINT('',(194.63845726812,61.75));
#993 = CARTESIAN_POINT('',(186.84422863406,48.25));
#994 = CARTESIAN_POINT('',(179.05,34.75));
#995 = CARTESIAN_POINT('',(171.25577136594,48.25));
#996 = CARTESIAN_POINT('',(163.46154273188,61.75));
#997 = CARTESIAN_POINT('',(179.05,61.75));
#998 = ( GEOMETRIC_REPRESENTATION_CONTEXT(2) 
PARAMETRIC_REPRESENTATION_CONTEXT() REPRESENTATION_CONTEXT('2D SPACE',''
  ) );
#999 = PCURVE('',#1000,#1005);
#1000 = TOROIDAL_SURFACE('',#1001,9.,1.5);
#1001 = AXIS2_PLACEMENT_3D('',#1002,#1003,#1004);
#1002 = CARTESIAN_POINT('',(179.05,52.75,1.5));
#1003 = DIRECTION('',(-0.,-0.,-1.));
#1004 = DIRECTION('',(0.,1.,-0.));
#1005 = DEFINITIONAL_REPRESENTATION('',(#1006),#1010);
#1006 = LINE('',#1007,#1008);
#1007 = CARTESIAN_POINT('',(0.,1.570796326795));
#1008 = VECTOR('',#1009,1.);
#1009 = DIRECTION('',(1.,0.));
#1010 = ( GEOMETRIC_REPRESENTATION_CONTEXT(2) 
PARAMETRIC_REPRESENTATION_CONTEXT() REPRESENTATION_CONTEXT('2D SPACE',''
  ) );
#1011 = ORIENTED_EDGE('',*,*,#1012,.F.);
#1012 = EDGE_CURVE('',#1013,#980,#1015,.T.);
#1013 = VERTEX_POINT('',#1014);
#1014 = CARTESIAN_POINT('',(0.,61.75,-2.22044604925E-16));
#1015 = SURFACE_CURVE('',#1016,(#1020,#1027),.PCURVE_S1.);
#1016 = LINE('',#1017,#1018);
#1017 = CARTESIAN_POINT('',(-179.05,61.75,-2.22044604925E-16));
#1018 = VECTOR('',#1019,1.);
#1019 = DIRECTION('',(1.,0.,0.));
#1020 = PCURVE('',#183,#1021);
#1021 = DEFINITIONAL_REPRESENTATION('',(#1022),#1026);
#1022 = LINE('',#1023,#1024);
#1023 = CARTESIAN_POINT('',(-179.05,61.75));
#1024 = VECTOR('',#1025,1.);
#1025 = DIRECTION('',(1.,0.));
#1026 = ( GEOMETRIC_REPRESENTATION_CONTEXT(2) 
PARAMETRIC_REPRESENTATION_CONTEXT() REPRESENTATION_CONTEXT('2D SPACE',''
  ) );
#1027 = PCURVE('',#1028,#1033);
#1028 = CYLINDRICAL_SURFACE('',#1029,1.5);
#1029 = AXIS2_PLACEMENT_3D('',#1030,#1031,#1032);
#1030 = CARTESIAN_POINT('',(-179.05,61.75,1.5));
#1031 = DIRECTION('',(1.,0.,0.));
#1032 = DIRECTION('',(-0.,1.,0.));
#1033 = DEFINITIONAL_REPRESENTATION('',(#1034),#1038);
#1034 = LINE('',#1035,#1036);
#1035 = CARTESIAN_POINT('',(-1.570796326795,0.));
#1036 = VECTOR('',#1037,1.);
#1037 = DIRECTION('',(-0.,1.));
#1038 = ( GEOMETRIC_REPRESENTATION_CONTEXT(2) 
PARAMETRIC_REPRESENTATION_CONTEXT() REPRESENTATION_CONTEXT('2D SPACE',''
  ) );
#1039 = ORIENTED_EDGE('',*,*,#1040,.F.);
#1040 = EDGE_CURVE('',#1041,#1013,#1043,.T.);
#1041 = VERTEX_POINT('',#1042);
#1042 = CARTESIAN_POINT('',(0.,46.4,0.));
#1043 = SURFACE_CURVE('',#1044,(#1048,#1054),.PCURVE_S1.);
#1044 = LINE('',#1045,#1046);
#1045 = CARTESIAN_POINT('',(0.,-189.55,0.));
#1046 = VECTOR('',#1047,1.);
#1047 = DIRECTION('',(-0.,1.,0.));
#1048 = PCURVE('',#183,#1049);
#1049 = DEFINITIONAL_REPRESENTATION('',(#1050),#1053);
#1050 = B_SPLINE_CURVE_WITH_KNOTS('',1,(#1051,#1052),.UNSPECIFIED.,.F.,
  .F.,(2,2),(127.8,251.3),.PIECEWISE_BEZIER_KNOTS.);
#1051 = CARTESIAN_POINT('',(4.009421112219E-16,-61.75));
#1052 = CARTESIAN_POINT('',(4.009421112219E-16,61.75));
#1053 = ( GEOMETRIC_REPRESENTATION_CONTEXT(2) 
PARAMETRIC_REPRESENTATION_CONTEXT() REPRESENTATION_CONTEXT('2D SPACE',''
  ) );
#1054 = PCURVE('',#1055,#1060);
#1055 = PLANE('',#1056);
#1056 = AXIS2_PLACEMENT_3D('',#1057,#1058,#1059);
#1057 = CARTESIAN_POINT('',(0.,-379.1,-379.1));
#1058 = DIRECTION('',(1.,0.,-0.));
#1059 = DIRECTION('',(0.,0.,1.));
#1060 = DEFINITIONAL_REPRESENTATION('',(#1061),#1064);
#1061 = B_SPLINE_CURVE_WITH_KNOTS('',1,(#1062,#1063),.UNSPECIFIED.,.F.,
  .F.,(2,2),(127.8,251.3),.PIECEWISE_BEZIER_KNOTS.);
#1062 = CARTESIAN_POINT('',(379.1,-317.35));
#1063 = CARTESIAN_POINT('',(379.1,-440.85));
#1064 = ( GEOMETRIC_REPRESENTATION_CONTEXT(2) 
PARAMETRIC_REPRESENTATION_CONTEXT() REPRESENTATION_CONTEXT('2D SPACE',''
  ) );
#1065 = ORIENTED_EDGE('',*,*,#1066,.T.);
#1066 = EDGE_CURVE('',#1041,#1067,#1069,.T.);
#1067 = VERTEX_POINT('',#1068);
#1068 = CARTESIAN_POINT('',(27.1,46.4,0.));
#1069 = SURFACE_CURVE('',#1070,(#1074,#1081),.PCURVE_S1.);
#1070 = LINE('',#1071,#1072);
#1071 = CARTESIAN_POINT('',(0.,46.4,0.));
#1072 = VECTOR('',#1073,1.);
#1073 = DIRECTION('',(1.,0.,0.));
#1074 = PCURVE('',#183,#1075);
#1075 = DEFINITIONAL_REPRESENTATION('',(#1076),#1080);
#1076 = LINE('',#1077,#1078);
#1077 = CARTESIAN_POINT('',(4.009421112219E-16,46.4));
#1078 = VECTOR('',#1079,1.);
#1079 = DIRECTION('',(1.,0.));
#1080 = ( GEOMETRIC_REPRESENTATION_CONTEXT(2) 
PARAMETRIC_REPRESENTATION_CONTEXT() REPRESENTATION_CONTEXT('2D SPACE',''
  ) );
#1081 = PCURVE('',#1082,#1087);
#1082 = PLANE('',#1083);
#1083 = AXIS2_PLACEMENT_3D('',#1084,#1085,#1086);
#1084 = CARTESIAN_POINT('',(-165.4,46.4,0.));
#1085 = DIRECTION('',(0.,1.,0.));
#1086 = DIRECTION('',(1.,0.,0.));
#1087 = DEFINITIONAL_REPRESENTATION('',(#1088),#1092);
#1088 = LINE('',#1089,#1090);
#1089 = CARTESIAN_POINT('',(165.4,0.));
#1090 = VECTOR('',#1091,1.);
#1091 = DIRECTION('',(1.,0.));
#1092 = ( GEOMETRIC_REPRESENTATION_CONTEXT(2) 
PARAMETRIC_REPRESENTATION_CONTEXT() REPRESENTATION_CONTEXT('2D SPACE',''
  ) );
#1093 = ORIENTED_EDGE('',*,*,#1094,.T.);
#1094 = EDGE_CURVE('',#1067,#1095,#1097,.T.);
#1095 = VERTEX_POINT('',#1096);
#1096 = CARTESIAN_POINT('',(27.1,60.05,0.));
#1097 = SURFACE_CURVE('',#1098,(#1102,#1109),.PCURVE_S1.);
#1098 = LINE('',#1099,#1100);
#1099 = CARTESIAN_POINT('',(27.1,0.,0.));
#1100 = VECTOR('',#1101,1.);
#1101 = DIRECTION('',(-0.,1.,0.));
#1102 = PCURVE('',#183,#1103);
#1103 = DEFINITIONAL_REPRESENTATION('',(#1104),#1108);
#1104 = LINE('',#1105,#1106);
#1105 = CARTESIAN_POINT('',(27.1,-1.976071833879E-15));
#1106 = VECTOR('',#1107,1.);
#1107 = DIRECTION('',(0.,1.));
#1108 = ( GEOMETRIC_REPRESENTATION_CONTEXT(2) 
PARAMETRIC_REPRESENTATION_CONTEXT() REPRESENTATION_CONTEXT('2D SPACE',''
  ) );
#1109 = PCURVE('',#1110,#1115);
#1110 = PLANE('',#1111);
#1111 = AXIS2_PLACEMENT_3D('',#1112,#1113,#1114);
#1112 = CARTESIAN_POINT('',(27.1,46.4,0.));
#1113 = DIRECTION('',(-1.,-0.,0.));
#1114 = DIRECTION('',(-0.,1.,0.));
#1115 = DEFINITIONAL_REPRESENTATION('',(#1116),#1120);
#1116 = LINE('',#1117,#1118);
#1117 = CARTESIAN_POINT('',(-46.4,-0.));
#1118 = VECTOR('',#1119,1.);
#1119 = DIRECTION('',(1.,0.));
#1120 = ( GEOMETRIC_REPRESENTATION_CONTEXT(2) 
PARAMETRIC_REPRESENTATION_CONTEXT() REPRESENTATION_CONTEXT('2D SPACE',''
  ) );
#1121 = ORIENTED_EDGE('',*,*,#1122,.T.);
#1122 = EDGE_CURVE('',#1095,#1123,#1125,.T.);
#1123 = VERTEX_POINT('',#1124);
#1124 = CARTESIAN_POINT('',(114.,60.05,0.));
#1125 = SURFACE_CURVE('',#1126,(#1130,#1137),.PCURVE_S1.);
#1126 = LINE('',#1127,#1128);
#1127 = CARTESIAN_POINT('',(70.55,60.05,0.));
#1128 = VECTOR('',#1129,1.);
#1129 = DIRECTION('',(1.,0.,-0.));
#1130 = PCURVE('',#183,#1131);
#1131 = DEFINITIONAL_REPRESENTATION('',(#1132),#1136);
#1132 = LINE('',#1133,#1134);
#1133 = CARTESIAN_POINT('',(70.55,60.05));
#1134 = VECTOR('',#1135,1.);
#1135 = DIRECTION('',(1.,0.));
#1136 = ( GEOMETRIC_REPRESENTATION_CONTEXT(2) 
PARAMETRIC_REPRESENTATION_CONTEXT() REPRESENTATION_CONTEXT('2D SPACE',''
  ) );
#1137 = PCURVE('',#1138,#1143);
#1138 = PLANE('',#1139);
#1139 = AXIS2_PLACEMENT_3D('',#1140,#1141,#1142);
#1140 = CARTESIAN_POINT('',(27.1,60.05,0.));
#1141 = DIRECTION('',(-0.,1.,0.));
#1142 = DIRECTION('',(1.,0.,-0.));
#1143 = DEFINITIONAL_REPRESENTATION('',(#1144),#1148);
#1144 = LINE('',#1145,#1146);
#1145 = CARTESIAN_POINT('',(43.45,0.));
#1146 = VECTOR('',#1147,1.);
#1147 = DIRECTION('',(1.,0.));
#1148 = ( GEOMETRIC_REPRESENTATION_CONTEXT(2) 
PARAMETRIC_REPRESENTATION_CONTEXT() REPRESENTATION_CONTEXT('2D SPACE',''
  ) );
#1149 = ORIENTED_EDGE('',*,*,#1150,.F.);
#1150 = EDGE_CURVE('',#1151,#1123,#1153,.T.);
#1151 = VERTEX_POINT('',#1152);
#1152 = CARTESIAN_POINT('',(114.,46.4,0.));
#1153 = SURFACE_CURVE('',#1154,(#1158,#1165),.PCURVE_S1.);
#1154 = LINE('',#1155,#1156);
#1155 = CARTESIAN_POINT('',(114.,0.,0.));
#1156 = VECTOR('',#1157,1.);
#1157 = DIRECTION('',(-0.,1.,0.));
#1158 = PCURVE('',#183,#1159);
#1159 = DEFINITIONAL_REPRESENTATION('',(#1160),#1164);
#1160 = LINE('',#1161,#1162);
#1161 = CARTESIAN_POINT('',(114.,-1.976071833879E-15));
#1162 = VECTOR('',#1163,1.);
#1163 = DIRECTION('',(0.,1.));
#1164 = ( GEOMETRIC_REPRESENTATION_CONTEXT(2) 
PARAMETRIC_REPRESENTATION_CONTEXT() REPRESENTATION_CONTEXT('2D SPACE',''
  ) );
#1165 = PCURVE('',#1166,#1171);
#1166 = PLANE('',#1167);
#1167 = AXIS2_PLACEMENT_3D('',#1168,#1169,#1170);
#1168 = CARTESIAN_POINT('',(114.,46.4,0.));
#1169 = DIRECTION('',(-1.,-0.,0.));
#1170 = DIRECTION('',(-0.,1.,0.));
#1171 = DEFINITIONAL_REPRESENTATION('',(#1172),#1176);
#1172 = LINE('',#1173,#1174);
#1173 = CARTESIAN_POINT('',(-46.4,-0.));
#1174 = VECTOR('',#1175,1.);
#1175 = DIRECTION('',(1.,0.));
#1176 = ( GEOMETRIC_REPRESENTATION_CONTEXT(2) 
PARAMETRIC_REPRESENTATION_CONTEXT() REPRESENTATION_CONTEXT('2D SPACE',''
  ) );
#1177 = ORIENTED_EDGE('',*,*,#1178,.T.);
#1178 = EDGE_CURVE('',#1151,#1179,#1181,.T.);
#1179 = VERTEX_POINT('',#1180);
#1180 = CARTESIAN_POINT('',(165.4,46.4,0.));
#1181 = SURFACE_CURVE('',#1182,(#1186,#1193),.PCURVE_S1.);
#1182 = LINE('',#1183,#1184);
#1183 = CARTESIAN_POINT('',(0.,46.4,0.));
#1184 = VECTOR('',#1185,1.);
#1185 = DIRECTION('',(1.,0.,0.));
#1186 = PCURVE('',#183,#1187);
#1187 = DEFINITIONAL_REPRESENTATION('',(#1188),#1192);
#1188 = LINE('',#1189,#1190);
#1189 = CARTESIAN_POINT('',(4.009421112219E-16,46.4));
#1190 = VECTOR('',#1191,1.);
#1191 = DIRECTION('',(1.,0.));
#1192 = ( GEOMETRIC_REPRESENTATION_CONTEXT(2) 
PARAMETRIC_REPRESENTATION_CONTEXT() REPRESENTATION_CONTEXT('2D SPACE',''
  ) );
#1193 = PCURVE('',#1194,#1199);
#1194 = PLANE('',#1195);
#1195 = AXIS2_PLACEMENT_3D('',#1196,#1197,#1198);
#1196 = CARTESIAN_POINT('',(114.,46.4,0.));
#1197 = DIRECTION('',(0.,1.,0.));
#1198 = DIRECTION('',(1.,0.,0.));
#1199 = DEFINITIONAL_REPRESENTATION('',(#1200),#1204);
#1200 = LINE('',#1201,#1202);
#1201 = CARTESIAN_POINT('',(-114.,0.));
#1202 = VECTOR('',#1203,1.);
#1203 = DIRECTION('',(1.,0.));
#1204 = ( GEOMETRIC_REPRESENTATION_CONTEXT(2) 
PARAMETRIC_REPRESENTATION_CONTEXT() REPRESENTATION_CONTEXT('2D SPACE',''
  ) );
#1205 = ORIENTED_EDGE('',*,*,#1206,.F.);
#1206 = EDGE_CURVE('',#1207,#1179,#1209,.T.);
#1207 = VERTEX_POINT('',#1208);
#1208 = CARTESIAN_POINT('',(172.7,39.1,0.));
#1209 = SURFACE_CURVE('',#1210,(#1215,#1222),.PCURVE_S1.);
#1210 = CIRCLE('',#1211,7.3);
#1211 = AXIS2_PLACEMENT_3D('',#1212,#1213,#1214);
#1212 = CARTESIAN_POINT('',(165.4,39.1,0.));
#1213 = DIRECTION('',(0.,0.,1.));
#1214 = DIRECTION('',(1.,0.,0.));
#1215 = PCURVE('',#183,#1216);
#1216 = DEFINITIONAL_REPRESENTATION('',(#1217),#1221);
#1217 = CIRCLE('',#1218,7.3);
#1218 = AXIS2_PLACEMENT_2D('',#1219,#1220);
#1219 = CARTESIAN_POINT('',(165.4,39.1));
#1220 = DIRECTION('',(1.,0.));
#1221 = ( GEOMETRIC_REPRESENTATION_CONTEXT(2) 
PARAMETRIC_REPRESENTATION_CONTEXT() REPRESENTATION_CONTEXT('2D SPACE',''
  ) );
#1222 = PCURVE('',#1223,#1228);
#1223 = CYLINDRICAL_SURFACE('',#1224,7.3);
#1224 = AXIS2_PLACEMENT_3D('',#1225,#1226,#1227);
#1225 = CARTESIAN_POINT('',(165.4,39.1,0.));
#1226 = DIRECTION('',(-0.,-0.,-1.));
#1227 = DIRECTION('',(1.,0.,0.));
#1228 = DEFINITIONAL_REPRESENTATION('',(#1229),#1233);
#1229 = LINE('',#1230,#1231);
#1230 = CARTESIAN_POINT('',(-0.,0.));
#1231 = VECTOR('',#1232,1.);
#1232 = DIRECTION('',(-1.,0.));
#1233 = ( GEOMETRIC_REPRESENTATION_CONTEXT(2) 
PARAMETRIC_REPRESENTATION_CONTEXT() REPRESENTATION_CONTEXT('2D SPACE',''
  ) );
#1234 = ORIENTED_EDGE('',*,*,#1235,.F.);
#1235 = EDGE_CURVE('',#1236,#1207,#1238,.T.);
#1236 = VERTEX_POINT('',#1237);
#1237 = CARTESIAN_POINT('',(172.7,-39.1,0.));
#1238 = SURFACE_CURVE('',#1239,(#1243,#1250),.PCURVE_S1.);
#1239 = LINE('',#1240,#1241);
#1240 = CARTESIAN_POINT('',(172.7,0.,0.));
#1241 = VECTOR('',#1242,1.);
#1242 = DIRECTION('',(0.,1.,0.));
#1243 = PCURVE('',#183,#1244);
#1244 = DEFINITIONAL_REPRESENTATION('',(#1245),#1249);
#1245 = LINE('',#1246,#1247);
#1246 = CARTESIAN_POINT('',(172.7,-1.976071833879E-15));
#1247 = VECTOR('',#1248,1.);
#1248 = DIRECTION('',(0.,1.));
#1249 = ( GEOMETRIC_REPRESENTATION_CONTEXT(2) 
PARAMETRIC_REPRESENTATION_CONTEXT() REPRESENTATION_CONTEXT('2D SPACE',''
  ) );
#1250 = PCURVE('',#1251,#1256);
#1251 = PLANE('',#1252);
#1252 = AXIS2_PLACEMENT_3D('',#1253,#1254,#1255);
#1253 = CARTESIAN_POINT('',(172.7,-39.1,0.));
#1254 = DIRECTION('',(-1.,0.,0.));
#1255 = DIRECTION('',(0.,1.,0.));
#1256 = DEFINITIONAL_REPRESENTATION('',(#1257),#1261);
#1257 = LINE('',#1258,#1259);
#1258 = CARTESIAN_POINT('',(39.1,0.));
#1259 = VECTOR('',#1260,1.);
#1260 = DIRECTION('',(1.,0.));
#1261 = ( GEOMETRIC_REPRESENTATION_CONTEXT(2) 
PARAMETRIC_REPRESENTATION_CONTEXT() REPRESENTATION_CONTEXT('2D SPACE',''
  ) );
#1262 = ORIENTED_EDGE('',*,*,#1263,.F.);
#1263 = EDGE_CURVE('',#1264,#1236,#1266,.T.);
#1264 = VERTEX_POINT('',#1265);
#1265 = CARTESIAN_POINT('',(165.4,-46.4,0.));
#1266 = SURFACE_CURVE('',#1267,(#1272,#1279),.PCURVE_S1.);
#1267 = CIRCLE('',#1268,7.3);
#1268 = AXIS2_PLACEMENT_3D('',#1269,#1270,#1271);
#1269 = CARTESIAN_POINT('',(165.4,-39.1,0.));
#1270 = DIRECTION('',(0.,0.,1.));
#1271 = DIRECTION('',(1.,0.,0.));
#1272 = PCURVE('',#183,#1273);
#1273 = DEFINITIONAL_REPRESENTATION('',(#1274),#1278);
#1274 = CIRCLE('',#1275,7.3);
#1275 = AXIS2_PLACEMENT_2D('',#1276,#1277);
#1276 = CARTESIAN_POINT('',(165.4,-39.1));
#1277 = DIRECTION('',(1.,0.));
#1278 = ( GEOMETRIC_REPRESENTATION_CONTEXT(2) 
PARAMETRIC_REPRESENTATION_CONTEXT() REPRESENTATION_CONTEXT('2D SPACE',''
  ) );
#1279 = PCURVE('',#1280,#1285);
#1280 = CYLINDRICAL_SURFACE('',#1281,7.3);
#1281 = AXIS2_PLACEMENT_3D('',#1282,#1283,#1284);
#1282 = CARTESIAN_POINT('',(165.4,-39.1,0.));
#1283 = DIRECTION('',(-0.,-0.,-1.));
#1284 = DIRECTION('',(1.,0.,0.));
#1285 = DEFINITIONAL_REPRESENTATION('',(#1286),#1290);
#1286 = LINE('',#1287,#1288);
#1287 = CARTESIAN_POINT('',(-0.,0.));
#1288 = VECTOR('',#1289,1.);
#1289 = DIRECTION('',(-1.,0.));
#1290 = ( GEOMETRIC_REPRESENTATION_CONTEXT(2) 
PARAMETRIC_REPRESENTATION_CONTEXT() REPRESENTATION_CONTEXT('2D SPACE',''
  ) );
#1291 = ORIENTED_EDGE('',*,*,#1292,.F.);
#1292 = EDGE_CURVE('',#1293,#1264,#1295,.T.);
#1293 = VERTEX_POINT('',#1294);
#1294 = CARTESIAN_POINT('',(114.,-46.4,0.));
#1295 = SURFACE_CURVE('',#1296,(#1300,#1307),.PCURVE_S1.);
#1296 = LINE('',#1297,#1298);
#1297 = CARTESIAN_POINT('',(0.,-46.4,0.));
#1298 = VECTOR('',#1299,1.);
#1299 = DIRECTION('',(1.,0.,0.));
#1300 = PCURVE('',#183,#1301);
#1301 = DEFINITIONAL_REPRESENTATION('',(#1302),#1306);
#1302 = LINE('',#1303,#1304);
#1303 = CARTESIAN_POINT('',(4.009421112219E-16,-46.4));
#1304 = VECTOR('',#1305,1.);
#1305 = DIRECTION('',(1.,0.));
#1306 = ( GEOMETRIC_REPRESENTATION_CONTEXT(2) 
PARAMETRIC_REPRESENTATION_CONTEXT() REPRESENTATION_CONTEXT('2D SPACE',''
  ) );
#1307 = PCURVE('',#1308,#1313);
#1308 = PLANE('',#1309);
#1309 = AXIS2_PLACEMENT_3D('',#1310,#1311,#1312);
#1310 = CARTESIAN_POINT('',(114.,-46.4,0.));
#1311 = DIRECTION('',(0.,1.,0.));
#1312 = DIRECTION('',(1.,0.,0.));
#1313 = DEFINITIONAL_REPRESENTATION('',(#1314),#1318);
#1314 = LINE('',#1315,#1316);
#1315 = CARTESIAN_POINT('',(-114.,0.));
#1316 = VECTOR('',#1317,1.);
#1317 = DIRECTION('',(1.,0.));
#1318 = ( GEOMETRIC_REPRESENTATION_CONTEXT(2) 
PARAMETRIC_REPRESENTATION_CONTEXT() REPRESENTATION_CONTEXT('2D SPACE',''
  ) );
#1319 = ORIENTED_EDGE('',*,*,#1320,.F.);
#1320 = EDGE_CURVE('',#1321,#1293,#1323,.T.);
#1321 = VERTEX_POINT('',#1322);
#1322 = CARTESIAN_POINT('',(114.,-60.05,0.));
#1323 = SURFACE_CURVE('',#1324,(#1328,#1335),.PCURVE_S1.);
#1324 = LINE('',#1325,#1326);
#1325 = CARTESIAN_POINT('',(114.,0.,0.));
#1326 = VECTOR('',#1327,1.);
#1327 = DIRECTION('',(-0.,1.,0.));
#1328 = PCURVE('',#183,#1329);
#1329 = DEFINITIONAL_REPRESENTATION('',(#1330),#1334);
#1330 = LINE('',#1331,#1332);
#1331 = CARTESIAN_POINT('',(114.,-1.976071833879E-15));
#1332 = VECTOR('',#1333,1.);
#1333 = DIRECTION('',(0.,1.));
#1334 = ( GEOMETRIC_REPRESENTATION_CONTEXT(2) 
PARAMETRIC_REPRESENTATION_CONTEXT() REPRESENTATION_CONTEXT('2D SPACE',''
  ) );
#1335 = PCURVE('',#1336,#1341);
#1336 = PLANE('',#1337);
#1337 = AXIS2_PLACEMENT_3D('',#1338,#1339,#1340);
#1338 = CARTESIAN_POINT('',(114.,-60.05,0.));
#1339 = DIRECTION('',(-1.,-0.,0.));
#1340 = DIRECTION('',(-0.,1.,0.));
#1341 = DEFINITIONAL_REPRESENTATION('',(#1342),#1346);
#1342 = LINE('',#1343,#1344);
#1343 = CARTESIAN_POINT('',(60.05,0.));
#1344 = VECTOR('',#1345,1.);
#1345 = DIRECTION('',(1.,0.));
#1346 = ( GEOMETRIC_REPRESENTATION_CONTEXT(2) 
PARAMETRIC_REPRESENTATION_CONTEXT() REPRESENTATION_CONTEXT('2D SPACE',''
  ) );
#1347 = ORIENTED_EDGE('',*,*,#1348,.F.);
#1348 = EDGE_CURVE('',#1349,#1321,#1351,.T.);
#1349 = VERTEX_POINT('',#1350);
#1350 = CARTESIAN_POINT('',(27.1,-60.05,0.));
#1351 = SURFACE_CURVE('',#1352,(#1356,#1363),.PCURVE_S1.);
#1352 = LINE('',#1353,#1354);
#1353 = CARTESIAN_POINT('',(70.55,-60.05,0.));
#1354 = VECTOR('',#1355,1.);
#1355 = DIRECTION('',(1.,0.,-0.));
#1356 = PCURVE('',#183,#1357);
#1357 = DEFINITIONAL_REPRESENTATION('',(#1358),#1362);
#1358 = LINE('',#1359,#1360);
#1359 = CARTESIAN_POINT('',(70.55,-60.05));
#1360 = VECTOR('',#1361,1.);
#1361 = DIRECTION('',(1.,0.));
#1362 = ( GEOMETRIC_REPRESENTATION_CONTEXT(2) 
PARAMETRIC_REPRESENTATION_CONTEXT() REPRESENTATION_CONTEXT('2D SPACE',''
  ) );
#1363 = PCURVE('',#478,#1364);
#1364 = DEFINITIONAL_REPRESENTATION('',(#1365),#1369);
#1365 = LINE('',#1366,#1367);
#1366 = CARTESIAN_POINT('',(43.45,0.));
#1367 = VECTOR('',#1368,1.);
#1368 = DIRECTION('',(1.,0.));
#1369 = ( GEOMETRIC_REPRESENTATION_CONTEXT(2) 
PARAMETRIC_REPRESENTATION_CONTEXT() REPRESENTATION_CONTEXT('2D SPACE',''
  ) );
#1370 = ORIENTED_EDGE('',*,*,#1371,.T.);
#1371 = EDGE_CURVE('',#1349,#1372,#1374,.T.);
#1372 = VERTEX_POINT('',#1373);
#1373 = CARTESIAN_POINT('',(27.1,-46.4,0.));
#1374 = SURFACE_CURVE('',#1375,(#1379,#1386),.PCURVE_S1.);
#1375 = LINE('',#1376,#1377);
#1376 = CARTESIAN_POINT('',(27.1,0.,0.));
#1377 = VECTOR('',#1378,1.);
#1378 = DIRECTION('',(-0.,1.,0.));
#1379 = PCURVE('',#183,#1380);
#1380 = DEFINITIONAL_REPRESENTATION('',(#1381),#1385);
#1381 = LINE('',#1382,#1383);
#1382 = CARTESIAN_POINT('',(27.1,-1.976071833879E-15));
#1383 = VECTOR('',#1384,1.);
#1384 = DIRECTION('',(0.,1.));
#1385 = ( GEOMETRIC_REPRESENTATION_CONTEXT(2) 
PARAMETRIC_REPRESENTATION_CONTEXT() REPRESENTATION_CONTEXT('2D SPACE',''
  ) );
#1386 = PCURVE('',#1387,#1392);
#1387 = PLANE('',#1388);
#1388 = AXIS2_PLACEMENT_3D('',#1389,#1390,#1391);
#1389 = CARTESIAN_POINT('',(27.1,-60.05,0.));
#1390 = DIRECTION('',(-1.,-0.,0.));
#1391 = DIRECTION('',(-0.,1.,0.));
#1392 = DEFINITIONAL_REPRESENTATION('',(#1393),#1397);
#1393 = LINE('',#1394,#1395);
#1394 = CARTESIAN_POINT('',(60.05,0.));
#1395 = VECTOR('',#1396,1.);
#1396 = DIRECTION('',(1.,0.));
#1397 = ( GEOMETRIC_REPRESENTATION_CONTEXT(2) 
PARAMETRIC_REPRESENTATION_CONTEXT() REPRESENTATION_CONTEXT('2D SPACE',''
  ) );
#1398 = ORIENTED_EDGE('',*,*,#1399,.F.);
#1399 = EDGE_CURVE('',#391,#1372,#1400,.T.);
#1400 = SURFACE_CURVE('',#1401,(#1405,#1412),.PCURVE_S1.);
#1401 = LINE('',#1402,#1403);
#1402 = CARTESIAN_POINT('',(0.,-46.4,0.));
#1403 = VECTOR('',#1404,1.);
#1404 = DIRECTION('',(1.,0.,0.));
#1405 = PCURVE('',#183,#1406);
#1406 = DEFINITIONAL_REPRESENTATION('',(#1407),#1411);
#1407 = LINE('',#1408,#1409);
#1408 = CARTESIAN_POINT('',(4.009421112219E-16,-46.4));
#1409 = VECTOR('',#1410,1.);
#1410 = DIRECTION('',(1.,0.));
#1411 = ( GEOMETRIC_REPRESENTATION_CONTEXT(2) 
PARAMETRIC_REPRESENTATION_CONTEXT() REPRESENTATION_CONTEXT('2D SPACE',''
  ) );
#1412 = PCURVE('',#426,#1413);
#1413 = DEFINITIONAL_REPRESENTATION('',(#1414),#1418);
#1414 = LINE('',#1415,#1416);
#1415 = CARTESIAN_POINT('',(165.4,0.));
#1416 = VECTOR('',#1417,1.);
#1417 = DIRECTION('',(1.,0.));
#1418 = ( GEOMETRIC_REPRESENTATION_CONTEXT(2) 
PARAMETRIC_REPRESENTATION_CONTEXT() REPRESENTATION_CONTEXT('2D SPACE',''
  ) );
#1419 = FACE_BOUND('',#1420,.F.);
#1420 = EDGE_LOOP('',(#1421));
#1421 = ORIENTED_EDGE('',*,*,#1422,.F.);
#1422 = EDGE_CURVE('',#1423,#1423,#1425,.T.);
#1423 = VERTEX_POINT('',#1424);
#1424 = CARTESIAN_POINT('',(185.,-52.7,0.));
#1425 = SURFACE_CURVE('',#1426,(#1431,#1438),.PCURVE_S1.);
#1426 = CIRCLE('',#1427,6.);
#1427 = AXIS2_PLACEMENT_3D('',#1428,#1429,#1430);
#1428 = CARTESIAN_POINT('',(179.,-52.7,0.));
#1429 = DIRECTION('',(0.,0.,1.));
#1430 = DIRECTION('',(1.,0.,-0.));
#1431 = PCURVE('',#183,#1432);
#1432 = DEFINITIONAL_REPRESENTATION('',(#1433),#1437);
#1433 = CIRCLE('',#1434,6.);
#1434 = AXIS2_PLACEMENT_2D('',#1435,#1436);
#1435 = CARTESIAN_POINT('',(179.,-52.7));
#1436 = DIRECTION('',(1.,0.));
#1437 = ( GEOMETRIC_REPRESENTATION_CONTEXT(2) 
PARAMETRIC_REPRESENTATION_CONTEXT() REPRESENTATION_CONTEXT('2D SPACE',''
  ) );
#1438 = PCURVE('',#1439,#1444);
#1439 = CYLINDRICAL_SURFACE('',#1440,6.);
#1440 = AXIS2_PLACEMENT_3D('',#1441,#1442,#1443);
#1441 = CARTESIAN_POINT('',(179.,-52.7,0.));
#1442 = DIRECTION('',(-0.,-0.,-1.));
#1443 = DIRECTION('',(1.,0.,-0.));
#1444 = DEFINITIONAL_REPRESENTATION('',(#1445),#1449);
#1445 = LINE('',#1446,#1447);
#1446 = CARTESIAN_POINT('',(-0.,0.));
#1447 = VECTOR('',#1448,1.);
#1448 = DIRECTION('',(-1.,0.));
#1449 = ( GEOMETRIC_REPRESENTATION_CONTEXT(2) 
PARAMETRIC_REPRESENTATION_CONTEXT() REPRESENTATION_CONTEXT('2D SPACE',''
  ) );
#1450 = FACE_BOUND('',#1451,.F.);
#1451 = EDGE_LOOP('',(#1452));
#1452 = ORIENTED_EDGE('',*,*,#1453,.F.);
#1453 = EDGE_CURVE('',#1454,#1454,#1456,.T.);
#1454 = VERTEX_POINT('',#1455);
#1455 = CARTESIAN_POINT('',(185.,52.7,0.));
#1456 = SURFACE_CURVE('',#1457,(#1462,#1469),.PCURVE_S1.);
#1457 = CIRCLE('',#1458,6.);
#1458 = AXIS2_PLACEMENT_3D('',#1459,#1460,#1461);
#1459 = CARTESIAN_POINT('',(179.,52.7,0.));
#1460 = DIRECTION('',(0.,0.,1.));
#1461 = DIRECTION('',(1.,0.,-0.));
#1462 = PCURVE('',#183,#1463);
#1463 = DEFINITIONAL_REPRESENTATION('',(#1464),#1468);
#1464 = CIRCLE('',#1465,6.);
#1465 = AXIS2_PLACEMENT_2D('',#1466,#1467);
#1466 = CARTESIAN_POINT('',(179.,52.7));
#1467 = DIRECTION('',(1.,0.));
#1468 = ( GEOMETRIC_REPRESENTATION_CONTEXT(2) 
PARAMETRIC_REPRESENTATION_CONTEXT() REPRESENTATION_CONTEXT('2D SPACE',''
  ) );
#1469 = PCURVE('',#1470,#1475);
#1470 = CYLINDRICAL_SURFACE('',#1471,6.);
#1471 = AXIS2_PLACEMENT_3D('',#1472,#1473,#1474);
#1472 = CARTESIAN_POINT('',(179.,52.7,0.));
#1473 = DIRECTION('',(-0.,-0.,-1.));
#1474 = DIRECTION('',(1.,0.,-0.));
#1475 = DEFINITIONAL_REPRESENTATION('',(#1476),#1480);
#1476 = LINE('',#1477,#1478);
#1477 = CARTESIAN_POINT('',(-0.,0.));
#1478 = VECTOR('',#1479,1.);
#1479 = DIRECTION('',(-1.,0.));
#1480 = ( GEOMETRIC_REPRESENTATION_CONTEXT(2) 
PARAMETRIC_REPRESENTATION_CONTEXT() REPRESENTATION_CONTEXT('2D SPACE',''
  ) );
#1481 = ADVANCED_FACE('',(#1482),#156,.T.);
#1482 = FACE_BOUND('',#1483,.T.);
#1483 = EDGE_LOOP('',(#1484,#1504,#1505,#1506));
#1484 = ORIENTED_EDGE('',*,*,#1485,.F.);
#1485 = EDGE_CURVE('',#225,#924,#1486,.T.);
#1486 = SURFACE_CURVE('',#1487,(#1492,#1498),.PCURVE_S1.);
#1487 = CIRCLE('',#1488,1.5);
#1488 = AXIS2_PLACEMENT_3D('',#1489,#1490,#1491);
#1489 = CARTESIAN_POINT('',(188.05,-52.75,1.5));
#1490 = DIRECTION('',(0.,1.,0.));
#1491 = DIRECTION('',(1.,-0.,0.));
#1492 = PCURVE('',#156,#1493);
#1493 = DEFINITIONAL_REPRESENTATION('',(#1494),#1497);
#1494 = B_SPLINE_CURVE_WITH_KNOTS('',1,(#1495,#1496),.UNSPECIFIED.,.F.,
  .F.,(2,2),(0.,1.570796326795),.PIECEWISE_BEZIER_KNOTS.);
#1495 = CARTESIAN_POINT('',(0.,0.));
#1496 = CARTESIAN_POINT('',(0.,1.570796326795));
#1497 = ( GEOMETRIC_REPRESENTATION_CONTEXT(2) 
PARAMETRIC_REPRESENTATION_CONTEXT() REPRESENTATION_CONTEXT('2D SPACE',''
  ) );
#1498 = PCURVE('',#967,#1499);
#1499 = DEFINITIONAL_REPRESENTATION('',(#1500),#1503);
#1500 = B_SPLINE_CURVE_WITH_KNOTS('',1,(#1501,#1502),.UNSPECIFIED.,.F.,
  .F.,(2,2),(0.,1.570796326795),.PIECEWISE_BEZIER_KNOTS.);
#1501 = CARTESIAN_POINT('',(0.,105.5));
#1502 = CARTESIAN_POINT('',(-1.570796326795,105.5));
#1503 = ( GEOMETRIC_REPRESENTATION_CONTEXT(2) 
PARAMETRIC_REPRESENTATION_CONTEXT() REPRESENTATION_CONTEXT('2D SPACE',''
  ) );
#1504 = ORIENTED_EDGE('',*,*,#282,.T.);
#1505 = ORIENTED_EDGE('',*,*,#140,.T.);
#1506 = ORIENTED_EDGE('',*,*,#923,.F.);
#1507 = ADVANCED_FACE('',(#1508),#242,.F.);
#1508 = FACE_BOUND('',#1509,.F.);
#1509 = EDGE_LOOP('',(#1510,#1511,#1539,#1567));
#1510 = ORIENTED_EDGE('',*,*,#224,.T.);
#1511 = ORIENTED_EDGE('',*,*,#1512,.F.);
#1512 = EDGE_CURVE('',#1513,#227,#1515,.T.);
#1513 = VERTEX_POINT('',#1514);
#1514 = CARTESIAN_POINT('',(189.55,52.75,22.55));
#1515 = SURFACE_CURVE('',#1516,(#1520,#1527),.PCURVE_S1.);
#1516 = LINE('',#1517,#1518);
#1517 = CARTESIAN_POINT('',(189.55,52.75,22.55));
#1518 = VECTOR('',#1519,1.);
#1519 = DIRECTION('',(-0.,-1.,-0.));
#1520 = PCURVE('',#242,#1521);
#1521 = DEFINITIONAL_REPRESENTATION('',(#1522),#1526);
#1522 = LINE('',#1523,#1524);
#1523 = CARTESIAN_POINT('',(105.5,-22.55));
#1524 = VECTOR('',#1525,1.);
#1525 = DIRECTION('',(-1.,0.));
#1526 = ( GEOMETRIC_REPRESENTATION_CONTEXT(2) 
PARAMETRIC_REPRESENTATION_CONTEXT() REPRESENTATION_CONTEXT('2D SPACE',''
  ) );
#1527 = PCURVE('',#1528,#1533);
#1528 = CYLINDRICAL_SURFACE('',#1529,1.5);
#1529 = AXIS2_PLACEMENT_3D('',#1530,#1531,#1532);
#1530 = CARTESIAN_POINT('',(188.05,52.75,22.55));
#1531 = DIRECTION('',(-0.,-1.,-0.));
#1532 = DIRECTION('',(1.,-0.,0.));
#1533 = DEFINITIONAL_REPRESENTATION('',(#1534),#1538);
#1534 = LINE('',#1535,#1536);
#1535 = CARTESIAN_POINT('',(0.,0.));
#1536 = VECTOR('',#1537,1.);
#1537 = DIRECTION('',(0.,1.));
#1538 = ( GEOMETRIC_REPRESENTATION_CONTEXT(2) 
PARAMETRIC_REPRESENTATION_CONTEXT() REPRESENTATION_CONTEXT('2D SPACE',''
  ) );
#1539 = ORIENTED_EDGE('',*,*,#1540,.F.);
#1540 = EDGE_CURVE('',#1541,#1513,#1543,.T.);
#1541 = VERTEX_POINT('',#1542);
#1542 = CARTESIAN_POINT('',(189.55,52.75,1.5));
#1543 = SURFACE_CURVE('',#1544,(#1548,#1555),.PCURVE_S1.);
#1544 = LINE('',#1545,#1546);
#1545 = CARTESIAN_POINT('',(189.55,52.75,0.));
#1546 = VECTOR('',#1547,1.);
#1547 = DIRECTION('',(0.,0.,1.));
#1548 = PCURVE('',#242,#1549);
#1549 = DEFINITIONAL_REPRESENTATION('',(#1550),#1554);
#1550 = LINE('',#1551,#1552);
#1551 = CARTESIAN_POINT('',(105.5,0.));
#1552 = VECTOR('',#1553,1.);
#1553 = DIRECTION('',(0.,-1.));
#1554 = ( GEOMETRIC_REPRESENTATION_CONTEXT(2) 
PARAMETRIC_REPRESENTATION_CONTEXT() REPRESENTATION_CONTEXT('2D SPACE',''
  ) );
#1555 = PCURVE('',#1556,#1561);
#1556 = CYLINDRICAL_SURFACE('',#1557,10.5);
#1557 = AXIS2_PLACEMENT_3D('',#1558,#1559,#1560);
#1558 = CARTESIAN_POINT('',(179.05,52.75,0.));
#1559 = DIRECTION('',(0.,0.,-1.));
#1560 = DIRECTION('',(-1.,0.,0.));
#1561 = DEFINITIONAL_REPRESENTATION('',(#1562),#1566);
#1562 = LINE('',#1563,#1564);
#1563 = CARTESIAN_POINT('',(3.14159265359,0.));
#1564 = VECTOR('',#1565,1.);
#1565 = DIRECTION('',(0.,-1.));
#1566 = ( GEOMETRIC_REPRESENTATION_CONTEXT(2) 
PARAMETRIC_REPRESENTATION_CONTEXT() REPRESENTATION_CONTEXT('2D SPACE',''
  ) );
#1567 = ORIENTED_EDGE('',*,*,#1568,.T.);
#1568 = EDGE_CURVE('',#1541,#225,#1569,.T.);
#1569 = SURFACE_CURVE('',#1570,(#1574,#1581),.PCURVE_S1.);
#1570 = LINE('',#1571,#1572);
#1571 = CARTESIAN_POINT('',(189.55,52.75,1.5));
#1572 = VECTOR('',#1573,1.);
#1573 = DIRECTION('',(-0.,-1.,-0.));
#1574 = PCURVE('',#242,#1575);
#1575 = DEFINITIONAL_REPRESENTATION('',(#1576),#1580);
#1576 = LINE('',#1577,#1578);
#1577 = CARTESIAN_POINT('',(105.5,-1.5));
#1578 = VECTOR('',#1579,1.);
#1579 = DIRECTION('',(-1.,0.));
#1580 = ( GEOMETRIC_REPRESENTATION_CONTEXT(2) 
PARAMETRIC_REPRESENTATION_CONTEXT() REPRESENTATION_CONTEXT('2D SPACE',''
  ) );
#1581 = PCURVE('',#967,#1582);
#1582 = DEFINITIONAL_REPRESENTATION('',(#1583),#1587);
#1583 = LINE('',#1584,#1585);
#1584 = CARTESIAN_POINT('',(-0.,0.));
#1585 = VECTOR('',#1586,1.);
#1586 = DIRECTION('',(-0.,1.));
#1587 = ( GEOMETRIC_REPRESENTATION_CONTEXT(2) 
PARAMETRIC_REPRESENTATION_CONTEXT() REPRESENTATION_CONTEXT('2D SPACE',''
  ) );
#1588 = ADVANCED_FACE('',(#1589),#269,.T.);
#1589 = FACE_BOUND('',#1590,.F.);
#1590 = EDGE_LOOP('',(#1591,#1613,#1614,#1615));
#1591 = ORIENTED_EDGE('',*,*,#1592,.F.);
#1592 = EDGE_CURVE('',#227,#1593,#1595,.T.);
#1593 = VERTEX_POINT('',#1594);
#1594 = CARTESIAN_POINT('',(188.05,-52.75,24.05));
#1595 = SURFACE_CURVE('',#1596,(#1601,#1607),.PCURVE_S1.);
#1596 = CIRCLE('',#1597,1.5);
#1597 = AXIS2_PLACEMENT_3D('',#1598,#1599,#1600);
#1598 = CARTESIAN_POINT('',(188.05,-52.75,22.55));
#1599 = DIRECTION('',(-0.,-1.,0.));
#1600 = DIRECTION('',(1.,-0.,0.));
#1601 = PCURVE('',#269,#1602);
#1602 = DEFINITIONAL_REPRESENTATION('',(#1603),#1606);
#1603 = B_SPLINE_CURVE_WITH_KNOTS('',1,(#1604,#1605),.UNSPECIFIED.,.F.,
  .F.,(2,2),(0.,1.570796326795),.PIECEWISE_BEZIER_KNOTS.);
#1604 = CARTESIAN_POINT('',(0.,0.));
#1605 = CARTESIAN_POINT('',(0.,1.570796326795));
#1606 = ( GEOMETRIC_REPRESENTATION_CONTEXT(2) 
PARAMETRIC_REPRESENTATION_CONTEXT() REPRESENTATION_CONTEXT('2D SPACE',''
  ) );
#1607 = PCURVE('',#1528,#1608);
#1608 = DEFINITIONAL_REPRESENTATION('',(#1609),#1612);
#1609 = B_SPLINE_CURVE_WITH_KNOTS('',1,(#1610,#1611),.UNSPECIFIED.,.F.,
  .F.,(2,2),(0.,1.570796326795),.PIECEWISE_BEZIER_KNOTS.);
#1610 = CARTESIAN_POINT('',(0.,105.5));
#1611 = CARTESIAN_POINT('',(1.570796326795,105.5));
#1612 = ( GEOMETRIC_REPRESENTATION_CONTEXT(2) 
PARAMETRIC_REPRESENTATION_CONTEXT() REPRESENTATION_CONTEXT('2D SPACE',''
  ) );
#1613 = ORIENTED_EDGE('',*,*,#254,.T.);
#1614 = ORIENTED_EDGE('',*,*,#308,.T.);
#1615 = ORIENTED_EDGE('',*,*,#1616,.F.);
#1616 = EDGE_CURVE('',#1593,#309,#1617,.T.);
#1617 = SURFACE_CURVE('',#1618,(#1623,#1630),.PCURVE_S1.);
#1618 = CIRCLE('',#1619,9.);
#1619 = AXIS2_PLACEMENT_3D('',#1620,#1621,#1622);
#1620 = CARTESIAN_POINT('',(179.05,-52.75,24.05));
#1621 = DIRECTION('',(0.,-0.,-1.));
#1622 = DIRECTION('',(1.,0.,-0.));
#1623 = PCURVE('',#269,#1624);
#1624 = DEFINITIONAL_REPRESENTATION('',(#1625),#1629);
#1625 = LINE('',#1626,#1627);
#1626 = CARTESIAN_POINT('',(-0.,1.570796326795));
#1627 = VECTOR('',#1628,1.);
#1628 = DIRECTION('',(-1.,0.));
#1629 = ( GEOMETRIC_REPRESENTATION_CONTEXT(2) 
PARAMETRIC_REPRESENTATION_CONTEXT() REPRESENTATION_CONTEXT('2D SPACE',''
  ) );
#1630 = PCURVE('',#346,#1631);
#1631 = DEFINITIONAL_REPRESENTATION('',(#1632),#1640);
#1632 = ( BOUNDED_CURVE() B_SPLINE_CURVE(2,(#1633,#1634,#1635,#1636,
#1637,#1638,#1639),.UNSPECIFIED.,.T.,.F.) B_SPLINE_CURVE_WITH_KNOTS((1,2
    ,2,2,2,1),(-2.094395102393,0.,2.094395102393,4.188790204786,
6.28318530718,8.377580409573),.UNSPECIFIED.) CURVE() 
GEOMETRIC_REPRESENTATION_ITEM() RATIONAL_B_SPLINE_CURVE((1.,0.5,1.,0.5,
1.,0.5,1.)) REPRESENTATION_ITEM('') );
#1633 = CARTESIAN_POINT('',(188.05,-52.75));
#1634 = CARTESIAN_POINT('',(188.05,-68.33845726812));
#1635 = CARTESIAN_POINT('',(174.55,-60.54422863406));
#1636 = CARTESIAN_POINT('',(161.05,-52.75));
#1637 = CARTESIAN_POINT('',(174.55,-44.95577136594));
#1638 = CARTESIAN_POINT('',(188.05,-37.16154273188));
#1639 = CARTESIAN_POINT('',(188.05,-52.75));
#1640 = ( GEOMETRIC_REPRESENTATION_CONTEXT(2) 
PARAMETRIC_REPRESENTATION_CONTEXT() REPRESENTATION_CONTEXT('2D SPACE',''
  ) );
#1641 = ADVANCED_FACE('',(#1642),#346,.T.);
#1642 = FACE_BOUND('',#1643,.T.);
#1643 = EDGE_LOOP('',(#1644,#1645,#1646,#1647,#1670,#1703,#1731,#1752,
    #1780,#1809,#1837,#1866));
#1644 = ORIENTED_EDGE('',*,*,#541,.F.);
#1645 = ORIENTED_EDGE('',*,*,#330,.F.);
#1646 = ORIENTED_EDGE('',*,*,#1616,.F.);
#1647 = ORIENTED_EDGE('',*,*,#1648,.F.);
#1648 = EDGE_CURVE('',#1649,#1593,#1651,.T.);
#1649 = VERTEX_POINT('',#1650);
#1650 = CARTESIAN_POINT('',(188.05,52.75,24.05));
#1651 = SURFACE_CURVE('',#1652,(#1656,#1663),.PCURVE_S1.);
#1652 = LINE('',#1653,#1654);
#1653 = CARTESIAN_POINT('',(188.05,52.75,24.05));
#1654 = VECTOR('',#1655,1.);
#1655 = DIRECTION('',(-0.,-1.,-0.));
#1656 = PCURVE('',#346,#1657);
#1657 = DEFINITIONAL_REPRESENTATION('',(#1658),#1662);
#1658 = LINE('',#1659,#1660);
#1659 = CARTESIAN_POINT('',(188.05,52.75));
#1660 = VECTOR('',#1661,1.);
#1661 = DIRECTION('',(0.,-1.));
#1662 = ( GEOMETRIC_REPRESENTATION_CONTEXT(2) 
PARAMETRIC_REPRESENTATION_CONTEXT() REPRESENTATION_CONTEXT('2D SPACE',''
  ) );
#1663 = PCURVE('',#1528,#1664);
#1664 = DEFINITIONAL_REPRESENTATION('',(#1665),#1669);
#1665 = LINE('',#1666,#1667);
#1666 = CARTESIAN_POINT('',(1.570796326795,0.));
#1667 = VECTOR('',#1668,1.);
#1668 = DIRECTION('',(0.,1.));
#1669 = ( GEOMETRIC_REPRESENTATION_CONTEXT(2) 
PARAMETRIC_REPRESENTATION_CONTEXT() REPRESENTATION_CONTEXT('2D SPACE',''
  ) );
#1670 = ORIENTED_EDGE('',*,*,#1671,.F.);
#1671 = EDGE_CURVE('',#1672,#1649,#1674,.T.);
#1672 = VERTEX_POINT('',#1673);
#1673 = CARTESIAN_POINT('',(179.05,61.75,24.05));
#1674 = SURFACE_CURVE('',#1675,(#1680,#1691),.PCURVE_S1.);
#1675 = CIRCLE('',#1676,9.);
#1676 = AXIS2_PLACEMENT_3D('',#1677,#1678,#1679);
#1677 = CARTESIAN_POINT('',(179.05,52.75,24.05));
#1678 = DIRECTION('',(0.,-0.,-1.));
#1679 = DIRECTION('',(0.,1.,-0.));
#1680 = PCURVE('',#346,#1681);
#1681 = DEFINITIONAL_REPRESENTATION('',(#1682),#1690);
#1682 = ( BOUNDED_CURVE() B_SPLINE_CURVE(2,(#1683,#1684,#1685,#1686,
#1687,#1688,#1689),.UNSPECIFIED.,.T.,.F.) B_SPLINE_CURVE_WITH_KNOTS((1,2
    ,2,2,2,1),(-2.094395102393,0.,2.094395102393,4.188790204786,
6.28318530718,8.377580409573),.UNSPECIFIED.) CURVE() 
GEOMETRIC_REPRESENTATION_ITEM() RATIONAL_B_SPLINE_CURVE((1.,0.5,1.,0.5,
1.,0.5,1.)) REPRESENTATION_ITEM('') );
#1683 = CARTESIAN_POINT('',(179.05,61.75));
#1684 = CARTESIAN_POINT('',(194.63845726812,61.75));
#1685 = CARTESIAN_POINT('',(186.84422863406,48.25));
#1686 = CARTESIAN_POINT('',(179.05,34.75));
#1687 = CARTESIAN_POINT('',(171.25577136594,48.25));
#1688 = CARTESIAN_POINT('',(163.46154273188,61.75));
#1689 = CARTESIAN_POINT('',(179.05,61.75));
#1690 = ( GEOMETRIC_REPRESENTATION_CONTEXT(2) 
PARAMETRIC_REPRESENTATION_CONTEXT() REPRESENTATION_CONTEXT('2D SPACE',''
  ) );
#1691 = PCURVE('',#1692,#1697);
#1692 = TOROIDAL_SURFACE('',#1693,9.,1.5);
#1693 = AXIS2_PLACEMENT_3D('',#1694,#1695,#1696);
#1694 = CARTESIAN_POINT('',(179.05,52.75,22.55));
#1695 = DIRECTION('',(0.,0.,1.));
#1696 = DIRECTION('',(0.,1.,-0.));
#1697 = DEFINITIONAL_REPRESENTATION('',(#1698),#1702);
#1698 = LINE('',#1699,#1700);
#1699 = CARTESIAN_POINT('',(-0.,1.570796326795));
#1700 = VECTOR('',#1701,1.);
#1701 = DIRECTION('',(-1.,0.));
#1702 = ( GEOMETRIC_REPRESENTATION_CONTEXT(2) 
PARAMETRIC_REPRESENTATION_CONTEXT() REPRESENTATION_CONTEXT('2D SPACE',''
  ) );
#1703 = ORIENTED_EDGE('',*,*,#1704,.F.);
#1704 = EDGE_CURVE('',#1705,#1672,#1707,.T.);
#1705 = VERTEX_POINT('',#1706);
#1706 = CARTESIAN_POINT('',(0.,61.75,24.05));
#1707 = SURFACE_CURVE('',#1708,(#1712,#1719),.PCURVE_S1.);
#1708 = LINE('',#1709,#1710);
#1709 = CARTESIAN_POINT('',(-179.05,61.75,24.05));
#1710 = VECTOR('',#1711,1.);
#1711 = DIRECTION('',(1.,0.,0.));
#1712 = PCURVE('',#346,#1713);
#1713 = DEFINITIONAL_REPRESENTATION('',(#1714),#1718);
#1714 = LINE('',#1715,#1716);
#1715 = CARTESIAN_POINT('',(-179.05,61.75));
#1716 = VECTOR('',#1717,1.);
#1717 = DIRECTION('',(1.,0.));
#1718 = ( GEOMETRIC_REPRESENTATION_CONTEXT(2) 
PARAMETRIC_REPRESENTATION_CONTEXT() REPRESENTATION_CONTEXT('2D SPACE',''
  ) );
#1719 = PCURVE('',#1720,#1725);
#1720 = CYLINDRICAL_SURFACE('',#1721,1.5);
#1721 = AXIS2_PLACEMENT_3D('',#1722,#1723,#1724);
#1722 = CARTESIAN_POINT('',(-179.05,61.75,22.55));
#1723 = DIRECTION('',(1.,0.,0.));
#1724 = DIRECTION('',(-0.,1.,0.));
#1725 = DEFINITIONAL_REPRESENTATION('',(#1726),#1730);
#1726 = LINE('',#1727,#1728);
#1727 = CARTESIAN_POINT('',(1.570796326795,0.));
#1728 = VECTOR('',#1729,1.);
#1729 = DIRECTION('',(0.,1.));
#1730 = ( GEOMETRIC_REPRESENTATION_CONTEXT(2) 
PARAMETRIC_REPRESENTATION_CONTEXT() REPRESENTATION_CONTEXT('2D SPACE',''
  ) );
#1731 = ORIENTED_EDGE('',*,*,#1732,.F.);
#1732 = EDGE_CURVE('',#1733,#1705,#1735,.T.);
#1733 = VERTEX_POINT('',#1734);
#1734 = CARTESIAN_POINT('',(0.,57.05,24.05));
#1735 = SURFACE_CURVE('',#1736,(#1740,#1746),.PCURVE_S1.);
#1736 = LINE('',#1737,#1738);
#1737 = CARTESIAN_POINT('',(0.,-189.55,24.05));
#1738 = VECTOR('',#1739,1.);
#1739 = DIRECTION('',(-0.,1.,0.));
#1740 = PCURVE('',#346,#1741);
#1741 = DEFINITIONAL_REPRESENTATION('',(#1742),#1745);
#1742 = B_SPLINE_CURVE_WITH_KNOTS('',1,(#1743,#1744),.UNSPECIFIED.,.F.,
  .F.,(2,2),(127.8,251.3),.PIECEWISE_BEZIER_KNOTS.);
#1743 = CARTESIAN_POINT('',(4.009421112219E-16,-61.75));
#1744 = CARTESIAN_POINT('',(4.009421112219E-16,61.75));
#1745 = ( GEOMETRIC_REPRESENTATION_CONTEXT(2) 
PARAMETRIC_REPRESENTATION_CONTEXT() REPRESENTATION_CONTEXT('2D SPACE',''
  ) );
#1746 = PCURVE('',#1055,#1747);
#1747 = DEFINITIONAL_REPRESENTATION('',(#1748),#1751);
#1748 = B_SPLINE_CURVE_WITH_KNOTS('',1,(#1749,#1750),.UNSPECIFIED.,.F.,
  .F.,(2,2),(127.8,251.3),.PIECEWISE_BEZIER_KNOTS.);
#1749 = CARTESIAN_POINT('',(403.15,-317.35));
#1750 = CARTESIAN_POINT('',(403.15,-440.85));
#1751 = ( GEOMETRIC_REPRESENTATION_CONTEXT(2) 
PARAMETRIC_REPRESENTATION_CONTEXT() REPRESENTATION_CONTEXT('2D SPACE',''
  ) );
#1752 = ORIENTED_EDGE('',*,*,#1753,.T.);
#1753 = EDGE_CURVE('',#1733,#1754,#1756,.T.);
#1754 = VERTEX_POINT('',#1755);
#1755 = CARTESIAN_POINT('',(179.05,57.05,24.05));
#1756 = SURFACE_CURVE('',#1757,(#1761,#1768),.PCURVE_S1.);
#1757 = LINE('',#1758,#1759);
#1758 = CARTESIAN_POINT('',(0.,57.05,24.05));
#1759 = VECTOR('',#1760,1.);
#1760 = DIRECTION('',(1.,0.,0.));
#1761 = PCURVE('',#346,#1762);
#1762 = DEFINITIONAL_REPRESENTATION('',(#1763),#1767);
#1763 = LINE('',#1764,#1765);
#1764 = CARTESIAN_POINT('',(4.009421112219E-16,57.05));
#1765 = VECTOR('',#1766,1.);
#1766 = DIRECTION('',(1.,0.));
#1767 = ( GEOMETRIC_REPRESENTATION_CONTEXT(2) 
PARAMETRIC_REPRESENTATION_CONTEXT() REPRESENTATION_CONTEXT('2D SPACE',''
  ) );
#1768 = PCURVE('',#1769,#1774);
#1769 = PLANE('',#1770);
#1770 = AXIS2_PLACEMENT_3D('',#1771,#1772,#1773);
#1771 = CARTESIAN_POINT('',(-179.05,57.05,22.05));
#1772 = DIRECTION('',(0.,1.,0.));
#1773 = DIRECTION('',(1.,0.,0.));
#1774 = DEFINITIONAL_REPRESENTATION('',(#1775),#1779);
#1775 = LINE('',#1776,#1777);
#1776 = CARTESIAN_POINT('',(179.05,-2.));
#1777 = VECTOR('',#1778,1.);
#1778 = DIRECTION('',(1.,0.));
#1779 = ( GEOMETRIC_REPRESENTATION_CONTEXT(2) 
PARAMETRIC_REPRESENTATION_CONTEXT() REPRESENTATION_CONTEXT('2D SPACE',''
  ) );
#1780 = ORIENTED_EDGE('',*,*,#1781,.F.);
#1781 = EDGE_CURVE('',#1782,#1754,#1784,.T.);
#1782 = VERTEX_POINT('',#1783);
#1783 = CARTESIAN_POINT('',(183.35,52.75,24.05));
#1784 = SURFACE_CURVE('',#1785,(#1790,#1797),.PCURVE_S1.);
#1785 = CIRCLE('',#1786,4.3);
#1786 = AXIS2_PLACEMENT_3D('',#1787,#1788,#1789);
#1787 = CARTESIAN_POINT('',(179.05,52.75,24.05));
#1788 = DIRECTION('',(0.,0.,1.));
#1789 = DIRECTION('',(1.,0.,0.));
#1790 = PCURVE('',#346,#1791);
#1791 = DEFINITIONAL_REPRESENTATION('',(#1792),#1796);
#1792 = CIRCLE('',#1793,4.3);
#1793 = AXIS2_PLACEMENT_2D('',#1794,#1795);
#1794 = CARTESIAN_POINT('',(179.05,52.75));
#1795 = DIRECTION('',(1.,0.));
#1796 = ( GEOMETRIC_REPRESENTATION_CONTEXT(2) 
PARAMETRIC_REPRESENTATION_CONTEXT() REPRESENTATION_CONTEXT('2D SPACE',''
  ) );
#1797 = PCURVE('',#1798,#1803);
#1798 = CYLINDRICAL_SURFACE('',#1799,4.3);
#1799 = AXIS2_PLACEMENT_3D('',#1800,#1801,#1802);
#1800 = CARTESIAN_POINT('',(179.05,52.75,22.05));
#1801 = DIRECTION('',(-0.,-0.,-1.));
#1802 = DIRECTION('',(1.,0.,0.));
#1803 = DEFINITIONAL_REPRESENTATION('',(#1804),#1808);
#1804 = LINE('',#1805,#1806);
#1805 = CARTESIAN_POINT('',(-0.,-2.));
#1806 = VECTOR('',#1807,1.);
#1807 = DIRECTION('',(-1.,0.));
#1808 = ( GEOMETRIC_REPRESENTATION_CONTEXT(2) 
PARAMETRIC_REPRESENTATION_CONTEXT() REPRESENTATION_CONTEXT('2D SPACE',''
  ) );
#1809 = ORIENTED_EDGE('',*,*,#1810,.F.);
#1810 = EDGE_CURVE('',#1811,#1782,#1813,.T.);
#1811 = VERTEX_POINT('',#1812);
#1812 = CARTESIAN_POINT('',(183.35,-52.75,24.05));
#1813 = SURFACE_CURVE('',#1814,(#1818,#1825),.PCURVE_S1.);
#1814 = LINE('',#1815,#1816);
#1815 = CARTESIAN_POINT('',(183.35,0.,24.05));
#1816 = VECTOR('',#1817,1.);
#1817 = DIRECTION('',(0.,1.,0.));
#1818 = PCURVE('',#346,#1819);
#1819 = DEFINITIONAL_REPRESENTATION('',(#1820),#1824);
#1820 = LINE('',#1821,#1822);
#1821 = CARTESIAN_POINT('',(183.35,-1.976071833879E-15));
#1822 = VECTOR('',#1823,1.);
#1823 = DIRECTION('',(0.,1.));
#1824 = ( GEOMETRIC_REPRESENTATION_CONTEXT(2) 
PARAMETRIC_REPRESENTATION_CONTEXT() REPRESENTATION_CONTEXT('2D SPACE',''
  ) );
#1825 = PCURVE('',#1826,#1831);
#1826 = PLANE('',#1827);
#1827 = AXIS2_PLACEMENT_3D('',#1828,#1829,#1830);
#1828 = CARTESIAN_POINT('',(183.35,-52.75,22.05));
#1829 = DIRECTION('',(-1.,0.,0.));
#1830 = DIRECTION('',(0.,1.,0.));
#1831 = DEFINITIONAL_REPRESENTATION('',(#1832),#1836);
#1832 = LINE('',#1833,#1834);
#1833 = CARTESIAN_POINT('',(52.75,-2.));
#1834 = VECTOR('',#1835,1.);
#1835 = DIRECTION('',(1.,0.));
#1836 = ( GEOMETRIC_REPRESENTATION_CONTEXT(2) 
PARAMETRIC_REPRESENTATION_CONTEXT() REPRESENTATION_CONTEXT('2D SPACE',''
  ) );
#1837 = ORIENTED_EDGE('',*,*,#1838,.F.);
#1838 = EDGE_CURVE('',#1839,#1811,#1841,.T.);
#1839 = VERTEX_POINT('',#1840);
#1840 = CARTESIAN_POINT('',(179.05,-57.05,24.05));
#1841 = SURFACE_CURVE('',#1842,(#1847,#1854),.PCURVE_S1.);
#1842 = CIRCLE('',#1843,4.3);
#1843 = AXIS2_PLACEMENT_3D('',#1844,#1845,#1846);
#1844 = CARTESIAN_POINT('',(179.05,-52.75,24.05));
#1845 = DIRECTION('',(0.,0.,1.));
#1846 = DIRECTION('',(1.,0.,0.));
#1847 = PCURVE('',#346,#1848);
#1848 = DEFINITIONAL_REPRESENTATION('',(#1849),#1853);
#1849 = CIRCLE('',#1850,4.3);
#1850 = AXIS2_PLACEMENT_2D('',#1851,#1852);
#1851 = CARTESIAN_POINT('',(179.05,-52.75));
#1852 = DIRECTION('',(1.,0.));
#1853 = ( GEOMETRIC_REPRESENTATION_CONTEXT(2) 
PARAMETRIC_REPRESENTATION_CONTEXT() REPRESENTATION_CONTEXT('2D SPACE',''
  ) );
#1854 = PCURVE('',#1855,#1860);
#1855 = CYLINDRICAL_SURFACE('',#1856,4.3);
#1856 = AXIS2_PLACEMENT_3D('',#1857,#1858,#1859);
#1857 = CARTESIAN_POINT('',(179.05,-52.75,22.05));
#1858 = DIRECTION('',(-0.,-0.,-1.));
#1859 = DIRECTION('',(1.,0.,0.));
#1860 = DEFINITIONAL_REPRESENTATION('',(#1861),#1865);
#1861 = LINE('',#1862,#1863);
#1862 = CARTESIAN_POINT('',(-0.,-2.));
#1863 = VECTOR('',#1864,1.);
#1864 = DIRECTION('',(-1.,0.));
#1865 = ( GEOMETRIC_REPRESENTATION_CONTEXT(2) 
PARAMETRIC_REPRESENTATION_CONTEXT() REPRESENTATION_CONTEXT('2D SPACE',''
  ) );
#1866 = ORIENTED_EDGE('',*,*,#1867,.F.);
#1867 = EDGE_CURVE('',#516,#1839,#1868,.T.);
#1868 = SURFACE_CURVE('',#1869,(#1873,#1880),.PCURVE_S1.);
#1869 = LINE('',#1870,#1871);
#1870 = CARTESIAN_POINT('',(0.,-57.05,24.05));
#1871 = VECTOR('',#1872,1.);
#1872 = DIRECTION('',(1.,0.,0.));
#1873 = PCURVE('',#346,#1874);
#1874 = DEFINITIONAL_REPRESENTATION('',(#1875),#1879);
#1875 = LINE('',#1876,#1877);
#1876 = CARTESIAN_POINT('',(4.009421112219E-16,-57.05));
#1877 = VECTOR('',#1878,1.);
#1878 = DIRECTION('',(1.,0.));
#1879 = ( GEOMETRIC_REPRESENTATION_CONTEXT(2) 
PARAMETRIC_REPRESENTATION_CONTEXT() REPRESENTATION_CONTEXT('2D SPACE',''
  ) );
#1880 = PCURVE('',#530,#1881);
#1881 = DEFINITIONAL_REPRESENTATION('',(#1882),#1886);
#1882 = LINE('',#1883,#1884);
#1883 = CARTESIAN_POINT('',(179.05,-2.));
#1884 = VECTOR('',#1885,1.);
#1885 = DIRECTION('',(1.,0.));
#1886 = ( GEOMETRIC_REPRESENTATION_CONTEXT(2) 
PARAMETRIC_REPRESENTATION_CONTEXT() REPRESENTATION_CONTEXT('2D SPACE',''
  ) );
#1887 = ADVANCED_FACE('',(#1888),#530,.T.);
#1888 = FACE_BOUND('',#1889,.T.);
#1889 = EDGE_LOOP('',(#1890,#1913,#1914,#1915));
#1890 = ORIENTED_EDGE('',*,*,#1891,.F.);
#1891 = EDGE_CURVE('',#490,#1892,#1894,.T.);
#1892 = VERTEX_POINT('',#1893);
#1893 = CARTESIAN_POINT('',(179.05,-57.05,22.05));
#1894 = SURFACE_CURVE('',#1895,(#1899,#1906),.PCURVE_S1.);
#1895 = LINE('',#1896,#1897);
#1896 = CARTESIAN_POINT('',(0.,-57.05,22.05));
#1897 = VECTOR('',#1898,1.);
#1898 = DIRECTION('',(1.,0.,0.));
#1899 = PCURVE('',#530,#1900);
#1900 = DEFINITIONAL_REPRESENTATION('',(#1901),#1905);
#1901 = LINE('',#1902,#1903);
#1902 = CARTESIAN_POINT('',(179.05,0.));
#1903 = VECTOR('',#1904,1.);
#1904 = DIRECTION('',(1.,0.));
#1905 = ( GEOMETRIC_REPRESENTATION_CONTEXT(2) 
PARAMETRIC_REPRESENTATION_CONTEXT() REPRESENTATION_CONTEXT('2D SPACE',''
  ) );
#1906 = PCURVE('',#504,#1907);
#1907 = DEFINITIONAL_REPRESENTATION('',(#1908),#1912);
#1908 = LINE('',#1909,#1910);
#1909 = CARTESIAN_POINT('',(1.461202648946E-15,-57.05));
#1910 = VECTOR('',#1911,1.);
#1911 = DIRECTION('',(1.,0.));
#1912 = ( GEOMETRIC_REPRESENTATION_CONTEXT(2) 
PARAMETRIC_REPRESENTATION_CONTEXT() REPRESENTATION_CONTEXT('2D SPACE',''
  ) );
#1913 = ORIENTED_EDGE('',*,*,#515,.F.);
#1914 = ORIENTED_EDGE('',*,*,#1867,.T.);
#1915 = ORIENTED_EDGE('',*,*,#1916,.F.);
#1916 = EDGE_CURVE('',#1892,#1839,#1917,.T.);
#1917 = SURFACE_CURVE('',#1918,(#1922,#1929),.PCURVE_S1.);
#1918 = LINE('',#1919,#1920);
#1919 = CARTESIAN_POINT('',(179.05,-57.05,22.05));
#1920 = VECTOR('',#1921,1.);
#1921 = DIRECTION('',(0.,0.,1.));
#1922 = PCURVE('',#530,#1923);
#1923 = DEFINITIONAL_REPRESENTATION('',(#1924),#1928);
#1924 = LINE('',#1925,#1926);
#1925 = CARTESIAN_POINT('',(358.1,0.));
#1926 = VECTOR('',#1927,1.);
#1927 = DIRECTION('',(0.,-1.));
#1928 = ( GEOMETRIC_REPRESENTATION_CONTEXT(2) 
PARAMETRIC_REPRESENTATION_CONTEXT() REPRESENTATION_CONTEXT('2D SPACE',''
  ) );
#1929 = PCURVE('',#1855,#1930);
#1930 = DEFINITIONAL_REPRESENTATION('',(#1931),#1935);
#1931 = LINE('',#1932,#1933);
#1932 = CARTESIAN_POINT('',(-4.712388980385,0.));
#1933 = VECTOR('',#1934,1.);
#1934 = DIRECTION('',(-0.,-1.));
#1935 = ( GEOMETRIC_REPRESENTATION_CONTEXT(2) 
PARAMETRIC_REPRESENTATION_CONTEXT() REPRESENTATION_CONTEXT('2D SPACE',''
  ) );
#1936 = ADVANCED_FACE('',(#1937),#504,.F.);
#1937 = FACE_BOUND('',#1938,.F.);
#1938 = EDGE_LOOP('',(#1939,#1940,#1963,#1992,#2020,#2049,#2072,#2093,
    #2116,#2140,#2163,#2185));
#1939 = ORIENTED_EDGE('',*,*,#489,.F.);
#1940 = ORIENTED_EDGE('',*,*,#1941,.T.);
#1941 = EDGE_CURVE('',#464,#1942,#1944,.T.);
#1942 = VERTEX_POINT('',#1943);
#1943 = CARTESIAN_POINT('',(179.05,-60.05,22.05));
#1944 = SURFACE_CURVE('',#1945,(#1949,#1956),.PCURVE_S1.);
#1945 = LINE('',#1946,#1947);
#1946 = CARTESIAN_POINT('',(0.,-60.05,22.05));
#1947 = VECTOR('',#1948,1.);
#1948 = DIRECTION('',(1.,0.,0.));
#1949 = PCURVE('',#504,#1950);
#1950 = DEFINITIONAL_REPRESENTATION('',(#1951),#1955);
#1951 = LINE('',#1952,#1953);
#1952 = CARTESIAN_POINT('',(1.461202648946E-15,-60.05));
#1953 = VECTOR('',#1954,1.);
#1954 = DIRECTION('',(1.,0.));
#1955 = ( GEOMETRIC_REPRESENTATION_CONTEXT(2) 
PARAMETRIC_REPRESENTATION_CONTEXT() REPRESENTATION_CONTEXT('2D SPACE',''
  ) );
#1956 = PCURVE('',#478,#1957);
#1957 = DEFINITIONAL_REPRESENTATION('',(#1958),#1962);
#1958 = LINE('',#1959,#1960);
#1959 = CARTESIAN_POINT('',(-27.1,-22.05));
#1960 = VECTOR('',#1961,1.);
#1961 = DIRECTION('',(1.,0.));
#1962 = ( GEOMETRIC_REPRESENTATION_CONTEXT(2) 
PARAMETRIC_REPRESENTATION_CONTEXT() REPRESENTATION_CONTEXT('2D SPACE',''
  ) );
#1963 = ORIENTED_EDGE('',*,*,#1964,.T.);
#1964 = EDGE_CURVE('',#1942,#1965,#1967,.T.);
#1965 = VERTEX_POINT('',#1966);
#1966 = CARTESIAN_POINT('',(186.35,-52.75,22.05));
#1967 = SURFACE_CURVE('',#1968,(#1973,#1980),.PCURVE_S1.);
#1968 = CIRCLE('',#1969,7.3);
#1969 = AXIS2_PLACEMENT_3D('',#1970,#1971,#1972);
#1970 = CARTESIAN_POINT('',(179.05,-52.75,22.05));
#1971 = DIRECTION('',(0.,0.,1.));
#1972 = DIRECTION('',(1.,0.,0.));
#1973 = PCURVE('',#504,#1974);
#1974 = DEFINITIONAL_REPRESENTATION('',(#1975),#1979);
#1975 = CIRCLE('',#1976,7.3);
#1976 = AXIS2_PLACEMENT_2D('',#1977,#1978);
#1977 = CARTESIAN_POINT('',(179.05,-52.75));
#1978 = DIRECTION('',(1.,0.));
#1979 = ( GEOMETRIC_REPRESENTATION_CONTEXT(2) 
PARAMETRIC_REPRESENTATION_CONTEXT() REPRESENTATION_CONTEXT('2D SPACE',''
  ) );
#1980 = PCURVE('',#1981,#1986);
#1981 = CYLINDRICAL_SURFACE('',#1982,7.3);
#1982 = AXIS2_PLACEMENT_3D('',#1983,#1984,#1985);
#1983 = CARTESIAN_POINT('',(179.05,-52.75,2.));
#1984 = DIRECTION('',(-0.,-0.,-1.));
#1985 = DIRECTION('',(1.,0.,0.));
#1986 = DEFINITIONAL_REPRESENTATION('',(#1987),#1991);
#1987 = LINE('',#1988,#1989);
#1988 = CARTESIAN_POINT('',(-0.,-20.05));
#1989 = VECTOR('',#1990,1.);
#1990 = DIRECTION('',(-1.,0.));
#1991 = ( GEOMETRIC_REPRESENTATION_CONTEXT(2) 
PARAMETRIC_REPRESENTATION_CONTEXT() REPRESENTATION_CONTEXT('2D SPACE',''
  ) );
#1992 = ORIENTED_EDGE('',*,*,#1993,.T.);
#1993 = EDGE_CURVE('',#1965,#1994,#1996,.T.);
#1994 = VERTEX_POINT('',#1995);
#1995 = CARTESIAN_POINT('',(186.35,52.75,22.05));
#1996 = SURFACE_CURVE('',#1997,(#2001,#2008),.PCURVE_S1.);
#1997 = LINE('',#1998,#1999);
#1998 = CARTESIAN_POINT('',(186.35,0.,22.05));
#1999 = VECTOR('',#2000,1.);
#2000 = DIRECTION('',(0.,1.,0.));
#2001 = PCURVE('',#504,#2002);
#2002 = DEFINITIONAL_REPRESENTATION('',(#2003),#2007);
#2003 = LINE('',#2004,#2005);
#2004 = CARTESIAN_POINT('',(186.35,-7.452133509624E-16));
#2005 = VECTOR('',#2006,1.);
#2006 = DIRECTION('',(0.,1.));
#2007 = ( GEOMETRIC_REPRESENTATION_CONTEXT(2) 
PARAMETRIC_REPRESENTATION_CONTEXT() REPRESENTATION_CONTEXT('2D SPACE',''
  ) );
#2008 = PCURVE('',#2009,#2014);
#2009 = PLANE('',#2010);
#2010 = AXIS2_PLACEMENT_3D('',#2011,#2012,#2013);
#2011 = CARTESIAN_POINT('',(186.35,-52.75,2.));
#2012 = DIRECTION('',(-1.,0.,0.));
#2013 = DIRECTION('',(0.,1.,0.));
#2014 = DEFINITIONAL_REPRESENTATION('',(#2015),#2019);
#2015 = LINE('',#2016,#2017);
#2016 = CARTESIAN_POINT('',(52.75,-20.05));
#2017 = VECTOR('',#2018,1.);
#2018 = DIRECTION('',(1.,0.));
#2019 = ( GEOMETRIC_REPRESENTATION_CONTEXT(2) 
PARAMETRIC_REPRESENTATION_CONTEXT() REPRESENTATION_CONTEXT('2D SPACE',''
  ) );
#2020 = ORIENTED_EDGE('',*,*,#2021,.T.);
#2021 = EDGE_CURVE('',#1994,#2022,#2024,.T.);
#2022 = VERTEX_POINT('',#2023);
#2023 = CARTESIAN_POINT('',(179.05,60.05,22.05));
#2024 = SURFACE_CURVE('',#2025,(#2030,#2037),.PCURVE_S1.);
#2025 = CIRCLE('',#2026,7.3);
#2026 = AXIS2_PLACEMENT_3D('',#2027,#2028,#2029);
#2027 = CARTESIAN_POINT('',(179.05,52.75,22.05));
#2028 = DIRECTION('',(0.,0.,1.));
#2029 = DIRECTION('',(1.,0.,0.));
#2030 = PCURVE('',#504,#2031);
#2031 = DEFINITIONAL_REPRESENTATION('',(#2032),#2036);
#2032 = CIRCLE('',#2033,7.3);
#2033 = AXIS2_PLACEMENT_2D('',#2034,#2035);
#2034 = CARTESIAN_POINT('',(179.05,52.75));
#2035 = DIRECTION('',(1.,0.));
#2036 = ( GEOMETRIC_REPRESENTATION_CONTEXT(2) 
PARAMETRIC_REPRESENTATION_CONTEXT() REPRESENTATION_CONTEXT('2D SPACE',''
  ) );
#2037 = PCURVE('',#2038,#2043);
#2038 = CYLINDRICAL_SURFACE('',#2039,7.3);
#2039 = AXIS2_PLACEMENT_3D('',#2040,#2041,#2042);
#2040 = CARTESIAN_POINT('',(179.05,52.75,2.));
#2041 = DIRECTION('',(-0.,-0.,-1.));
#2042 = DIRECTION('',(1.,0.,0.));
#2043 = DEFINITIONAL_REPRESENTATION('',(#2044),#2048);
#2044 = LINE('',#2045,#2046);
#2045 = CARTESIAN_POINT('',(-0.,-20.05));
#2046 = VECTOR('',#2047,1.);
#2047 = DIRECTION('',(-1.,0.));
#2048 = ( GEOMETRIC_REPRESENTATION_CONTEXT(2) 
PARAMETRIC_REPRESENTATION_CONTEXT() REPRESENTATION_CONTEXT('2D SPACE',''
  ) );
#2049 = ORIENTED_EDGE('',*,*,#2050,.F.);
#2050 = EDGE_CURVE('',#2051,#2022,#2053,.T.);
#2051 = VERTEX_POINT('',#2052);
#2052 = CARTESIAN_POINT('',(0.,60.05,22.05));
#2053 = SURFACE_CURVE('',#2054,(#2058,#2065),.PCURVE_S1.);
#2054 = LINE('',#2055,#2056);
#2055 = CARTESIAN_POINT('',(0.,60.05,22.05));
#2056 = VECTOR('',#2057,1.);
#2057 = DIRECTION('',(1.,0.,0.));
#2058 = PCURVE('',#504,#2059);
#2059 = DEFINITIONAL_REPRESENTATION('',(#2060),#2064);
#2060 = LINE('',#2061,#2062);
#2061 = CARTESIAN_POINT('',(1.461202648946E-15,60.05));
#2062 = VECTOR('',#2063,1.);
#2063 = DIRECTION('',(1.,0.));
#2064 = ( GEOMETRIC_REPRESENTATION_CONTEXT(2) 
PARAMETRIC_REPRESENTATION_CONTEXT() REPRESENTATION_CONTEXT('2D SPACE',''
  ) );
#2065 = PCURVE('',#1138,#2066);
#2066 = DEFINITIONAL_REPRESENTATION('',(#2067),#2071);
#2067 = LINE('',#2068,#2069);
#2068 = CARTESIAN_POINT('',(-27.1,-22.05));
#2069 = VECTOR('',#2070,1.);
#2070 = DIRECTION('',(1.,0.));
#2071 = ( GEOMETRIC_REPRESENTATION_CONTEXT(2) 
PARAMETRIC_REPRESENTATION_CONTEXT() REPRESENTATION_CONTEXT('2D SPACE',''
  ) );
#2072 = ORIENTED_EDGE('',*,*,#2073,.F.);
#2073 = EDGE_CURVE('',#2074,#2051,#2076,.T.);
#2074 = VERTEX_POINT('',#2075);
#2075 = CARTESIAN_POINT('',(0.,57.05,22.05));
#2076 = SURFACE_CURVE('',#2077,(#2081,#2087),.PCURVE_S1.);
#2077 = LINE('',#2078,#2079);
#2078 = CARTESIAN_POINT('',(0.,-189.55,22.05));
#2079 = VECTOR('',#2080,1.);
#2080 = DIRECTION('',(-0.,1.,0.));
#2081 = PCURVE('',#504,#2082);
#2082 = DEFINITIONAL_REPRESENTATION('',(#2083),#2086);
#2083 = B_SPLINE_CURVE_WITH_KNOTS('',1,(#2084,#2085),.UNSPECIFIED.,.F.,
  .F.,(2,2),(129.5,249.6),.PIECEWISE_BEZIER_KNOTS.);
#2084 = CARTESIAN_POINT('',(1.461202648946E-15,-60.05));
#2085 = CARTESIAN_POINT('',(1.461202648946E-15,60.05));
#2086 = ( GEOMETRIC_REPRESENTATION_CONTEXT(2) 
PARAMETRIC_REPRESENTATION_CONTEXT() REPRESENTATION_CONTEXT('2D SPACE',''
  ) );
#2087 = PCURVE('',#1055,#2088);
#2088 = DEFINITIONAL_REPRESENTATION('',(#2089),#2092);
#2089 = B_SPLINE_CURVE_WITH_KNOTS('',1,(#2090,#2091),.UNSPECIFIED.,.F.,
  .F.,(2,2),(129.5,249.6),.PIECEWISE_BEZIER_KNOTS.);
#2090 = CARTESIAN_POINT('',(401.15,-319.05));
#2091 = CARTESIAN_POINT('',(401.15,-439.15));
#2092 = ( GEOMETRIC_REPRESENTATION_CONTEXT(2) 
PARAMETRIC_REPRESENTATION_CONTEXT() REPRESENTATION_CONTEXT('2D SPACE',''
  ) );
#2093 = ORIENTED_EDGE('',*,*,#2094,.T.);
#2094 = EDGE_CURVE('',#2074,#2095,#2097,.T.);
#2095 = VERTEX_POINT('',#2096);
#2096 = CARTESIAN_POINT('',(179.05,57.05,22.05));
#2097 = SURFACE_CURVE('',#2098,(#2102,#2109),.PCURVE_S1.);
#2098 = LINE('',#2099,#2100);
#2099 = CARTESIAN_POINT('',(0.,57.05,22.05));
#2100 = VECTOR('',#2101,1.);
#2101 = DIRECTION('',(1.,0.,0.));
#2102 = PCURVE('',#504,#2103);
#2103 = DEFINITIONAL_REPRESENTATION('',(#2104),#2108);
#2104 = LINE('',#2105,#2106);
#2105 = CARTESIAN_POINT('',(1.461202648946E-15,57.05));
#2106 = VECTOR('',#2107,1.);
#2107 = DIRECTION('',(1.,0.));
#2108 = ( GEOMETRIC_REPRESENTATION_CONTEXT(2) 
PARAMETRIC_REPRESENTATION_CONTEXT() REPRESENTATION_CONTEXT('2D SPACE',''
  ) );
#2109 = PCURVE('',#1769,#2110);
#2110 = DEFINITIONAL_REPRESENTATION('',(#2111),#2115);
#2111 = LINE('',#2112,#2113);
#2112 = CARTESIAN_POINT('',(179.05,0.));
#2113 = VECTOR('',#2114,1.);
#2114 = DIRECTION('',(1.,0.));
#2115 = ( GEOMETRIC_REPRESENTATION_CONTEXT(2) 
PARAMETRIC_REPRESENTATION_CONTEXT() REPRESENTATION_CONTEXT('2D SPACE',''
  ) );
#2116 = ORIENTED_EDGE('',*,*,#2117,.F.);
#2117 = EDGE_CURVE('',#2118,#2095,#2120,.T.);
#2118 = VERTEX_POINT('',#2119);
#2119 = CARTESIAN_POINT('',(183.35,52.75,22.05));
#2120 = SURFACE_CURVE('',#2121,(#2126,#2133),.PCURVE_S1.);
#2121 = CIRCLE('',#2122,4.3);
#2122 = AXIS2_PLACEMENT_3D('',#2123,#2124,#2125);
#2123 = CARTESIAN_POINT('',(179.05,52.75,22.05));
#2124 = DIRECTION('',(0.,0.,1.));
#2125 = DIRECTION('',(1.,0.,0.));
#2126 = PCURVE('',#504,#2127);
#2127 = DEFINITIONAL_REPRESENTATION('',(#2128),#2132);
#2128 = CIRCLE('',#2129,4.3);
#2129 = AXIS2_PLACEMENT_2D('',#2130,#2131);
#2130 = CARTESIAN_POINT('',(179.05,52.75));
#2131 = DIRECTION('',(1.,0.));
#2132 = ( GEOMETRIC_REPRESENTATION_CONTEXT(2) 
PARAMETRIC_REPRESENTATION_CONTEXT() REPRESENTATION_CONTEXT('2D SPACE',''
  ) );
#2133 = PCURVE('',#1798,#2134);
#2134 = DEFINITIONAL_REPRESENTATION('',(#2135),#2139);
#2135 = LINE('',#2136,#2137);
#2136 = CARTESIAN_POINT('',(-0.,0.));
#2137 = VECTOR('',#2138,1.);
#2138 = DIRECTION('',(-1.,0.));
#2139 = ( GEOMETRIC_REPRESENTATION_CONTEXT(2) 
PARAMETRIC_REPRESENTATION_CONTEXT() REPRESENTATION_CONTEXT('2D SPACE',''
  ) );
#2140 = ORIENTED_EDGE('',*,*,#2141,.F.);
#2141 = EDGE_CURVE('',#2142,#2118,#2144,.T.);
#2142 = VERTEX_POINT('',#2143);
#2143 = CARTESIAN_POINT('',(183.35,-52.75,22.05));
#2144 = SURFACE_CURVE('',#2145,(#2149,#2156),.PCURVE_S1.);
#2145 = LINE('',#2146,#2147);
#2146 = CARTESIAN_POINT('',(183.35,0.,22.05));
#2147 = VECTOR('',#2148,1.);
#2148 = DIRECTION('',(0.,1.,0.));
#2149 = PCURVE('',#504,#2150);
#2150 = DEFINITIONAL_REPRESENTATION('',(#2151),#2155);
#2151 = LINE('',#2152,#2153);
#2152 = CARTESIAN_POINT('',(183.35,-7.452133509624E-16));
#2153 = VECTOR('',#2154,1.);
#2154 = DIRECTION('',(0.,1.));
#2155 = ( GEOMETRIC_REPRESENTATION_CONTEXT(2) 
PARAMETRIC_REPRESENTATION_CONTEXT() REPRESENTATION_CONTEXT('2D SPACE',''
  ) );
#2156 = PCURVE('',#1826,#2157);
#2157 = DEFINITIONAL_REPRESENTATION('',(#2158),#2162);
#2158 = LINE('',#2159,#2160);
#2159 = CARTESIAN_POINT('',(52.75,0.));
#2160 = VECTOR('',#2161,1.);
#2161 = DIRECTION('',(1.,0.));
#2162 = ( GEOMETRIC_REPRESENTATION_CONTEXT(2) 
PARAMETRIC_REPRESENTATION_CONTEXT() REPRESENTATION_CONTEXT('2D SPACE',''
  ) );
#2163 = ORIENTED_EDGE('',*,*,#2164,.F.);
#2164 = EDGE_CURVE('',#1892,#2142,#2165,.T.);
#2165 = SURFACE_CURVE('',#2166,(#2171,#2178),.PCURVE_S1.);
#2166 = CIRCLE('',#2167,4.3);
#2167 = AXIS2_PLACEMENT_3D('',#2168,#2169,#2170);
#2168 = CARTESIAN_POINT('',(179.05,-52.75,22.05));
#2169 = DIRECTION('',(0.,0.,1.));
#2170 = DIRECTION('',(1.,0.,0.));
#2171 = PCURVE('',#504,#2172);
#2172 = DEFINITIONAL_REPRESENTATION('',(#2173),#2177);
#2173 = CIRCLE('',#2174,4.3);
#2174 = AXIS2_PLACEMENT_2D('',#2175,#2176);
#2175 = CARTESIAN_POINT('',(179.05,-52.75));
#2176 = DIRECTION('',(1.,0.));
#2177 = ( GEOMETRIC_REPRESENTATION_CONTEXT(2) 
PARAMETRIC_REPRESENTATION_CONTEXT() REPRESENTATION_CONTEXT('2D SPACE',''
  ) );
#2178 = PCURVE('',#1855,#2179);
#2179 = DEFINITIONAL_REPRESENTATION('',(#2180),#2184);
#2180 = LINE('',#2181,#2182);
#2181 = CARTESIAN_POINT('',(-0.,0.));
#2182 = VECTOR('',#2183,1.);
#2183 = DIRECTION('',(-1.,0.));
#2184 = ( GEOMETRIC_REPRESENTATION_CONTEXT(2) 
PARAMETRIC_REPRESENTATION_CONTEXT() REPRESENTATION_CONTEXT('2D SPACE',''
  ) );
#2185 = ORIENTED_EDGE('',*,*,#1891,.F.);
#2186 = ADVANCED_FACE('',(#2187),#426,.T.);
#2187 = FACE_BOUND('',#2188,.T.);
#2188 = EDGE_LOOP('',(#2189,#2190,#2191,#2214));
#2189 = ORIENTED_EDGE('',*,*,#1399,.F.);
#2190 = ORIENTED_EDGE('',*,*,#411,.F.);
#2191 = ORIENTED_EDGE('',*,*,#2192,.T.);
#2192 = EDGE_CURVE('',#412,#2193,#2195,.T.);
#2193 = VERTEX_POINT('',#2194);
#2194 = CARTESIAN_POINT('',(27.1,-46.4,2.));
#2195 = SURFACE_CURVE('',#2196,(#2200,#2207),.PCURVE_S1.);
#2196 = LINE('',#2197,#2198);
#2197 = CARTESIAN_POINT('',(0.,-46.4,2.));
#2198 = VECTOR('',#2199,1.);
#2199 = DIRECTION('',(1.,0.,0.));
#2200 = PCURVE('',#426,#2201);
#2201 = DEFINITIONAL_REPRESENTATION('',(#2202),#2206);
#2202 = LINE('',#2203,#2204);
#2203 = CARTESIAN_POINT('',(165.4,-2.));
#2204 = VECTOR('',#2205,1.);
#2205 = DIRECTION('',(1.,0.));
#2206 = ( GEOMETRIC_REPRESENTATION_CONTEXT(2) 
PARAMETRIC_REPRESENTATION_CONTEXT() REPRESENTATION_CONTEXT('2D SPACE',''
  ) );
#2207 = PCURVE('',#452,#2208);
#2208 = DEFINITIONAL_REPRESENTATION('',(#2209),#2213);
#2209 = LINE('',#2210,#2211);
#2210 = CARTESIAN_POINT('',(1.461202648946E-15,-46.4));
#2211 = VECTOR('',#2212,1.);
#2212 = DIRECTION('',(1.,0.));
#2213 = ( GEOMETRIC_REPRESENTATION_CONTEXT(2) 
PARAMETRIC_REPRESENTATION_CONTEXT() REPRESENTATION_CONTEXT('2D SPACE',''
  ) );
#2214 = ORIENTED_EDGE('',*,*,#2215,.F.);
#2215 = EDGE_CURVE('',#1372,#2193,#2216,.T.);
#2216 = SURFACE_CURVE('',#2217,(#2221,#2228),.PCURVE_S1.);
#2217 = LINE('',#2218,#2219);
#2218 = CARTESIAN_POINT('',(27.1,-46.4,0.));
#2219 = VECTOR('',#2220,1.);
#2220 = DIRECTION('',(0.,0.,1.));
#2221 = PCURVE('',#426,#2222);
#2222 = DEFINITIONAL_REPRESENTATION('',(#2223),#2227);
#2223 = LINE('',#2224,#2225);
#2224 = CARTESIAN_POINT('',(192.5,0.));
#2225 = VECTOR('',#2226,1.);
#2226 = DIRECTION('',(0.,-1.));
#2227 = ( GEOMETRIC_REPRESENTATION_CONTEXT(2) 
PARAMETRIC_REPRESENTATION_CONTEXT() REPRESENTATION_CONTEXT('2D SPACE',''
  ) );
#2228 = PCURVE('',#1387,#2229);
#2229 = DEFINITIONAL_REPRESENTATION('',(#2230),#2234);
#2230 = LINE('',#2231,#2232);
#2231 = CARTESIAN_POINT('',(13.65,0.));
#2232 = VECTOR('',#2233,1.);
#2233 = DIRECTION('',(0.,-1.));
#2234 = ( GEOMETRIC_REPRESENTATION_CONTEXT(2) 
PARAMETRIC_REPRESENTATION_CONTEXT() REPRESENTATION_CONTEXT('2D SPACE',''
  ) );
#2235 = ADVANCED_FACE('',(#2236),#478,.T.);
#2236 = FACE_BOUND('',#2237,.T.);
#2237 = EDGE_LOOP('',(#2238,#2239,#2262,#2283,#2284,#2285,#2308,#2336));
#2238 = ORIENTED_EDGE('',*,*,#1348,.F.);
#2239 = ORIENTED_EDGE('',*,*,#2240,.T.);
#2240 = EDGE_CURVE('',#1349,#2241,#2243,.T.);
#2241 = VERTEX_POINT('',#2242);
#2242 = CARTESIAN_POINT('',(27.1,-60.05,2.));
#2243 = SURFACE_CURVE('',#2244,(#2248,#2255),.PCURVE_S1.);
#2244 = LINE('',#2245,#2246);
#2245 = CARTESIAN_POINT('',(27.1,-60.05,0.));
#2246 = VECTOR('',#2247,1.);
#2247 = DIRECTION('',(0.,0.,1.));
#2248 = PCURVE('',#478,#2249);
#2249 = DEFINITIONAL_REPRESENTATION('',(#2250),#2254);
#2250 = LINE('',#2251,#2252);
#2251 = CARTESIAN_POINT('',(0.,0.));
#2252 = VECTOR('',#2253,1.);
#2253 = DIRECTION('',(0.,-1.));
#2254 = ( GEOMETRIC_REPRESENTATION_CONTEXT(2) 
PARAMETRIC_REPRESENTATION_CONTEXT() REPRESENTATION_CONTEXT('2D SPACE',''
  ) );
#2255 = PCURVE('',#1387,#2256);
#2256 = DEFINITIONAL_REPRESENTATION('',(#2257),#2261);
#2257 = LINE('',#2258,#2259);
#2258 = CARTESIAN_POINT('',(0.,0.));
#2259 = VECTOR('',#2260,1.);
#2260 = DIRECTION('',(0.,-1.));
#2261 = ( GEOMETRIC_REPRESENTATION_CONTEXT(2) 
PARAMETRIC_REPRESENTATION_CONTEXT() REPRESENTATION_CONTEXT('2D SPACE',''
  ) );
#2262 = ORIENTED_EDGE('',*,*,#2263,.F.);
#2263 = EDGE_CURVE('',#438,#2241,#2264,.T.);
#2264 = SURFACE_CURVE('',#2265,(#2269,#2276),.PCURVE_S1.);
#2265 = LINE('',#2266,#2267);
#2266 = CARTESIAN_POINT('',(0.,-60.05,2.));
#2267 = VECTOR('',#2268,1.);
#2268 = DIRECTION('',(1.,0.,0.));
#2269 = PCURVE('',#478,#2270);
#2270 = DEFINITIONAL_REPRESENTATION('',(#2271),#2275);
#2271 = LINE('',#2272,#2273);
#2272 = CARTESIAN_POINT('',(-27.1,-2.));
#2273 = VECTOR('',#2274,1.);
#2274 = DIRECTION('',(1.,0.));
#2275 = ( GEOMETRIC_REPRESENTATION_CONTEXT(2) 
PARAMETRIC_REPRESENTATION_CONTEXT() REPRESENTATION_CONTEXT('2D SPACE',''
  ) );
#2276 = PCURVE('',#452,#2277);
#2277 = DEFINITIONAL_REPRESENTATION('',(#2278),#2282);
#2278 = LINE('',#2279,#2280);
#2279 = CARTESIAN_POINT('',(1.461202648946E-15,-60.05));
#2280 = VECTOR('',#2281,1.);
#2281 = DIRECTION('',(1.,0.));
#2282 = ( GEOMETRIC_REPRESENTATION_CONTEXT(2) 
PARAMETRIC_REPRESENTATION_CONTEXT() REPRESENTATION_CONTEXT('2D SPACE',''
  ) );
#2283 = ORIENTED_EDGE('',*,*,#463,.F.);
#2284 = ORIENTED_EDGE('',*,*,#1941,.T.);
#2285 = ORIENTED_EDGE('',*,*,#2286,.F.);
#2286 = EDGE_CURVE('',#2287,#1942,#2289,.T.);
#2287 = VERTEX_POINT('',#2288);
#2288 = CARTESIAN_POINT('',(179.05,-60.05,2.));
#2289 = SURFACE_CURVE('',#2290,(#2294,#2301),.PCURVE_S1.);
#2290 = LINE('',#2291,#2292);
#2291 = CARTESIAN_POINT('',(179.05,-60.05,2.));
#2292 = VECTOR('',#2293,1.);
#2293 = DIRECTION('',(0.,0.,1.));
#2294 = PCURVE('',#478,#2295);
#2295 = DEFINITIONAL_REPRESENTATION('',(#2296),#2300);
#2296 = LINE('',#2297,#2298);
#2297 = CARTESIAN_POINT('',(151.95,-2.));
#2298 = VECTOR('',#2299,1.);
#2299 = DIRECTION('',(0.,-1.));
#2300 = ( GEOMETRIC_REPRESENTATION_CONTEXT(2) 
PARAMETRIC_REPRESENTATION_CONTEXT() REPRESENTATION_CONTEXT('2D SPACE',''
  ) );
#2301 = PCURVE('',#1981,#2302);
#2302 = DEFINITIONAL_REPRESENTATION('',(#2303),#2307);
#2303 = LINE('',#2304,#2305);
#2304 = CARTESIAN_POINT('',(-4.712388980385,0.));
#2305 = VECTOR('',#2306,1.);
#2306 = DIRECTION('',(-0.,-1.));
#2307 = ( GEOMETRIC_REPRESENTATION_CONTEXT(2) 
PARAMETRIC_REPRESENTATION_CONTEXT() REPRESENTATION_CONTEXT('2D SPACE',''
  ) );
#2308 = ORIENTED_EDGE('',*,*,#2309,.F.);
#2309 = EDGE_CURVE('',#2310,#2287,#2312,.T.);
#2310 = VERTEX_POINT('',#2311);
#2311 = CARTESIAN_POINT('',(114.,-60.05,2.));
#2312 = SURFACE_CURVE('',#2313,(#2317,#2324),.PCURVE_S1.);
#2313 = LINE('',#2314,#2315);
#2314 = CARTESIAN_POINT('',(0.,-60.05,2.));
#2315 = VECTOR('',#2316,1.);
#2316 = DIRECTION('',(1.,0.,0.));
#2317 = PCURVE('',#478,#2318);
#2318 = DEFINITIONAL_REPRESENTATION('',(#2319),#2323);
#2319 = LINE('',#2320,#2321);
#2320 = CARTESIAN_POINT('',(-27.1,-2.));
#2321 = VECTOR('',#2322,1.);
#2322 = DIRECTION('',(1.,0.));
#2323 = ( GEOMETRIC_REPRESENTATION_CONTEXT(2) 
PARAMETRIC_REPRESENTATION_CONTEXT() REPRESENTATION_CONTEXT('2D SPACE',''
  ) );
#2324 = PCURVE('',#2325,#2330);
#2325 = PLANE('',#2326);
#2326 = AXIS2_PLACEMENT_3D('',#2327,#2328,#2329);
#2327 = CARTESIAN_POINT('',(-1.461202648946E-15,7.452133509624E-16,2.));
#2328 = DIRECTION('',(0.,0.,1.));
#2329 = DIRECTION('',(1.,0.,0.));
#2330 = DEFINITIONAL_REPRESENTATION('',(#2331),#2335);
#2331 = LINE('',#2332,#2333);
#2332 = CARTESIAN_POINT('',(1.461202648946E-15,-60.05));
#2333 = VECTOR('',#2334,1.);
#2334 = DIRECTION('',(1.,0.));
#2335 = ( GEOMETRIC_REPRESENTATION_CONTEXT(2) 
PARAMETRIC_REPRESENTATION_CONTEXT() REPRESENTATION_CONTEXT('2D SPACE',''
  ) );
#2336 = ORIENTED_EDGE('',*,*,#2337,.F.);
#2337 = EDGE_CURVE('',#1321,#2310,#2338,.T.);
#2338 = SURFACE_CURVE('',#2339,(#2343,#2350),.PCURVE_S1.);
#2339 = LINE('',#2340,#2341);
#2340 = CARTESIAN_POINT('',(114.,-60.05,0.));
#2341 = VECTOR('',#2342,1.);
#2342 = DIRECTION('',(0.,0.,1.));
#2343 = PCURVE('',#478,#2344);
#2344 = DEFINITIONAL_REPRESENTATION('',(#2345),#2349);
#2345 = LINE('',#2346,#2347);
#2346 = CARTESIAN_POINT('',(86.9,0.));
#2347 = VECTOR('',#2348,1.);
#2348 = DIRECTION('',(0.,-1.));
#2349 = ( GEOMETRIC_REPRESENTATION_CONTEXT(2) 
PARAMETRIC_REPRESENTATION_CONTEXT() REPRESENTATION_CONTEXT('2D SPACE',''
  ) );
#2350 = PCURVE('',#1336,#2351);
#2351 = DEFINITIONAL_REPRESENTATION('',(#2352),#2356);
#2352 = LINE('',#2353,#2354);
#2353 = CARTESIAN_POINT('',(0.,0.));
#2354 = VECTOR('',#2355,1.);
#2355 = DIRECTION('',(0.,-1.));
#2356 = ( GEOMETRIC_REPRESENTATION_CONTEXT(2) 
PARAMETRIC_REPRESENTATION_CONTEXT() REPRESENTATION_CONTEXT('2D SPACE',''
  ) );
#2357 = ADVANCED_FACE('',(#2358),#452,.T.);
#2358 = FACE_BOUND('',#2359,.T.);
#2359 = EDGE_LOOP('',(#2360,#2361,#2362,#2383));
#2360 = ORIENTED_EDGE('',*,*,#437,.F.);
#2361 = ORIENTED_EDGE('',*,*,#2263,.T.);
#2362 = ORIENTED_EDGE('',*,*,#2363,.T.);
#2363 = EDGE_CURVE('',#2241,#2193,#2364,.T.);
#2364 = SURFACE_CURVE('',#2365,(#2369,#2376),.PCURVE_S1.);
#2365 = LINE('',#2366,#2367);
#2366 = CARTESIAN_POINT('',(27.1,0.,2.));
#2367 = VECTOR('',#2368,1.);
#2368 = DIRECTION('',(-0.,1.,0.));
#2369 = PCURVE('',#452,#2370);
#2370 = DEFINITIONAL_REPRESENTATION('',(#2371),#2375);
#2371 = LINE('',#2372,#2373);
#2372 = CARTESIAN_POINT('',(27.1,-7.452133509624E-16));
#2373 = VECTOR('',#2374,1.);
#2374 = DIRECTION('',(0.,1.));
#2375 = ( GEOMETRIC_REPRESENTATION_CONTEXT(2) 
PARAMETRIC_REPRESENTATION_CONTEXT() REPRESENTATION_CONTEXT('2D SPACE',''
  ) );
#2376 = PCURVE('',#1387,#2377);
#2377 = DEFINITIONAL_REPRESENTATION('',(#2378),#2382);
#2378 = LINE('',#2379,#2380);
#2379 = CARTESIAN_POINT('',(60.05,-2.));
#2380 = VECTOR('',#2381,1.);
#2381 = DIRECTION('',(1.,0.));
#2382 = ( GEOMETRIC_REPRESENTATION_CONTEXT(2) 
PARAMETRIC_REPRESENTATION_CONTEXT() REPRESENTATION_CONTEXT('2D SPACE',''
  ) );
#2383 = ORIENTED_EDGE('',*,*,#2192,.F.);
#2384 = ADVANCED_FACE('',(#2385),#580,.T.);
#2385 = FACE_BOUND('',#2386,.T.);
#2386 = EDGE_LOOP('',(#2387,#2410,#2438,#2459));
#2387 = ORIENTED_EDGE('',*,*,#2388,.T.);
#2388 = EDGE_CURVE('',#563,#2389,#2391,.T.);
#2389 = VERTEX_POINT('',#2390);
#2390 = CARTESIAN_POINT('',(5.5,-62.35,22.55));
#2391 = SURFACE_CURVE('',#2392,(#2396,#2403),.PCURVE_S1.);
#2392 = LINE('',#2393,#2394);
#2393 = CARTESIAN_POINT('',(0.,-62.35,22.55));
#2394 = VECTOR('',#2395,1.);
#2395 = DIRECTION('',(1.,0.,0.));
#2396 = PCURVE('',#580,#2397);
#2397 = DEFINITIONAL_REPRESENTATION('',(#2398),#2402);
#2398 = LINE('',#2399,#2400);
#2399 = CARTESIAN_POINT('',(0.,0.));
#2400 = VECTOR('',#2401,1.);
#2401 = DIRECTION('',(0.,-1.));
#2402 = ( GEOMETRIC_REPRESENTATION_CONTEXT(2) 
PARAMETRIC_REPRESENTATION_CONTEXT() REPRESENTATION_CONTEXT('2D SPACE',''
  ) );
#2403 = PCURVE('',#613,#2404);
#2404 = DEFINITIONAL_REPRESENTATION('',(#2405),#2409);
#2405 = LINE('',#2406,#2407);
#2406 = CARTESIAN_POINT('',(6.28318530718,0.));
#2407 = VECTOR('',#2408,1.);
#2408 = DIRECTION('',(0.,-1.));
#2409 = ( GEOMETRIC_REPRESENTATION_CONTEXT(2) 
PARAMETRIC_REPRESENTATION_CONTEXT() REPRESENTATION_CONTEXT('2D SPACE',''
  ) );
#2410 = ORIENTED_EDGE('',*,*,#2411,.T.);
#2411 = EDGE_CURVE('',#2389,#2412,#2414,.T.);
#2412 = VERTEX_POINT('',#2413);
#2413 = CARTESIAN_POINT('',(5.5,-62.35,1.5));
#2414 = SURFACE_CURVE('',#2415,(#2419,#2426),.PCURVE_S1.);
#2415 = LINE('',#2416,#2417);
#2416 = CARTESIAN_POINT('',(5.5,-62.35,0.));
#2417 = VECTOR('',#2418,1.);
#2418 = DIRECTION('',(-0.,0.,-1.));
#2419 = PCURVE('',#580,#2420);
#2420 = DEFINITIONAL_REPRESENTATION('',(#2421),#2425);
#2421 = LINE('',#2422,#2423);
#2422 = CARTESIAN_POINT('',(22.55,-5.5));
#2423 = VECTOR('',#2424,1.);
#2424 = DIRECTION('',(1.,0.));
#2425 = ( GEOMETRIC_REPRESENTATION_CONTEXT(2) 
PARAMETRIC_REPRESENTATION_CONTEXT() REPRESENTATION_CONTEXT('2D SPACE',''
  ) );
#2426 = PCURVE('',#2427,#2432);
#2427 = PLANE('',#2428);
#2428 = AXIS2_PLACEMENT_3D('',#2429,#2430,#2431);
#2429 = CARTESIAN_POINT('',(5.5,0.,0.));
#2430 = DIRECTION('',(1.,0.,0.));
#2431 = DIRECTION('',(-0.,1.,0.));
#2432 = DEFINITIONAL_REPRESENTATION('',(#2433),#2437);
#2433 = LINE('',#2434,#2435);
#2434 = CARTESIAN_POINT('',(-62.35,0.));
#2435 = VECTOR('',#2436,1.);
#2436 = DIRECTION('',(0.,-1.));
#2437 = ( GEOMETRIC_REPRESENTATION_CONTEXT(2) 
PARAMETRIC_REPRESENTATION_CONTEXT() REPRESENTATION_CONTEXT('2D SPACE',''
  ) );
#2438 = ORIENTED_EDGE('',*,*,#2439,.F.);
#2439 = EDGE_CURVE('',#565,#2412,#2440,.T.);
#2440 = SURFACE_CURVE('',#2441,(#2445,#2452),.PCURVE_S1.);
#2441 = LINE('',#2442,#2443);
#2442 = CARTESIAN_POINT('',(0.,-62.35,1.5));
#2443 = VECTOR('',#2444,1.);
#2444 = DIRECTION('',(1.,0.,0.));
#2445 = PCURVE('',#580,#2446);
#2446 = DEFINITIONAL_REPRESENTATION('',(#2447),#2451);
#2447 = LINE('',#2448,#2449);
#2448 = CARTESIAN_POINT('',(21.05,0.));
#2449 = VECTOR('',#2450,1.);
#2450 = DIRECTION('',(0.,-1.));
#2451 = ( GEOMETRIC_REPRESENTATION_CONTEXT(2) 
PARAMETRIC_REPRESENTATION_CONTEXT() REPRESENTATION_CONTEXT('2D SPACE',''
  ) );
#2452 = PCURVE('',#906,#2453);
#2453 = DEFINITIONAL_REPRESENTATION('',(#2454),#2458);
#2454 = LINE('',#2455,#2456);
#2455 = CARTESIAN_POINT('',(6.28318530718,0.));
#2456 = VECTOR('',#2457,1.);
#2457 = DIRECTION('',(0.,-1.));
#2458 = ( GEOMETRIC_REPRESENTATION_CONTEXT(2) 
PARAMETRIC_REPRESENTATION_CONTEXT() REPRESENTATION_CONTEXT('2D SPACE',''
  ) );
#2459 = ORIENTED_EDGE('',*,*,#562,.F.);
#2460 = ADVANCED_FACE('',(#2461),#906,.F.);
#2461 = FACE_BOUND('',#2462,.F.);
#2462 = EDGE_LOOP('',(#2463,#2486,#2512,#2513));
#2463 = ORIENTED_EDGE('',*,*,#2464,.T.);
#2464 = EDGE_CURVE('',#860,#2465,#2467,.T.);
#2465 = VERTEX_POINT('',#2466);
#2466 = CARTESIAN_POINT('',(5.5,-61.75,0.9));
#2467 = SURFACE_CURVE('',#2468,(#2472,#2479),.PCURVE_S1.);
#2468 = LINE('',#2469,#2470);
#2469 = CARTESIAN_POINT('',(0.,-61.75,0.9));
#2470 = VECTOR('',#2471,1.);
#2471 = DIRECTION('',(1.,0.,0.));
#2472 = PCURVE('',#906,#2473);
#2473 = DEFINITIONAL_REPRESENTATION('',(#2474),#2478);
#2474 = LINE('',#2475,#2476);
#2475 = CARTESIAN_POINT('',(4.712388980385,0.));
#2476 = VECTOR('',#2477,1.);
#2477 = DIRECTION('',(0.,-1.));
#2478 = ( GEOMETRIC_REPRESENTATION_CONTEXT(2) 
PARAMETRIC_REPRESENTATION_CONTEXT() REPRESENTATION_CONTEXT('2D SPACE',''
  ) );
#2479 = PCURVE('',#875,#2480);
#2480 = DEFINITIONAL_REPRESENTATION('',(#2481),#2485);
#2481 = LINE('',#2482,#2483);
#2482 = CARTESIAN_POINT('',(0.,0.));
#2483 = VECTOR('',#2484,1.);
#2484 = DIRECTION('',(0.,-1.));
#2485 = ( GEOMETRIC_REPRESENTATION_CONTEXT(2) 
PARAMETRIC_REPRESENTATION_CONTEXT() REPRESENTATION_CONTEXT('2D SPACE',''
  ) );
#2486 = ORIENTED_EDGE('',*,*,#2487,.T.);
#2487 = EDGE_CURVE('',#2465,#2412,#2488,.T.);
#2488 = SURFACE_CURVE('',#2489,(#2494,#2501),.PCURVE_S1.);
#2489 = CIRCLE('',#2490,0.6);
#2490 = AXIS2_PLACEMENT_3D('',#2491,#2492,#2493);
#2491 = CARTESIAN_POINT('',(5.5,-61.75,1.5));
#2492 = DIRECTION('',(-1.,0.,0.));
#2493 = DIRECTION('',(0.,-1.,0.));
#2494 = PCURVE('',#906,#2495);
#2495 = DEFINITIONAL_REPRESENTATION('',(#2496),#2500);
#2496 = LINE('',#2497,#2498);
#2497 = CARTESIAN_POINT('',(0.,-5.5));
#2498 = VECTOR('',#2499,1.);
#2499 = DIRECTION('',(1.,0.));
#2500 = ( GEOMETRIC_REPRESENTATION_CONTEXT(2) 
PARAMETRIC_REPRESENTATION_CONTEXT() REPRESENTATION_CONTEXT('2D SPACE',''
  ) );
#2501 = PCURVE('',#2427,#2502);
#2502 = DEFINITIONAL_REPRESENTATION('',(#2503),#2511);
#2503 = ( BOUNDED_CURVE() B_SPLINE_CURVE(2,(#2504,#2505,#2506,#2507,
#2508,#2509,#2510),.UNSPECIFIED.,.T.,.F.) B_SPLINE_CURVE_WITH_KNOTS((1,2
    ,2,2,2,1),(-2.094395102393,0.,2.094395102393,4.188790204786,
6.28318530718,8.377580409573),.UNSPECIFIED.) CURVE() 
GEOMETRIC_REPRESENTATION_ITEM() RATIONAL_B_SPLINE_CURVE((1.,0.5,1.,0.5,
1.,0.5,1.)) REPRESENTATION_ITEM('') );
#2504 = CARTESIAN_POINT('',(-62.35,1.5));
#2505 = CARTESIAN_POINT('',(-62.35,2.539230484541));
#2506 = CARTESIAN_POINT('',(-61.45,2.019615242271));
#2507 = CARTESIAN_POINT('',(-60.55,1.5));
#2508 = CARTESIAN_POINT('',(-61.45,0.980384757729));
#2509 = CARTESIAN_POINT('',(-62.35,0.460769515459));
#2510 = CARTESIAN_POINT('',(-62.35,1.5));
#2511 = ( GEOMETRIC_REPRESENTATION_CONTEXT(2) 
PARAMETRIC_REPRESENTATION_CONTEXT() REPRESENTATION_CONTEXT('2D SPACE',''
  ) );
#2512 = ORIENTED_EDGE('',*,*,#2439,.F.);
#2513 = ORIENTED_EDGE('',*,*,#887,.F.);
#2514 = ADVANCED_FACE('',(#2515),#875,.T.);
#2515 = FACE_BOUND('',#2516,.T.);
#2516 = EDGE_LOOP('',(#2517,#2518,#2541,#2562));
#2517 = ORIENTED_EDGE('',*,*,#2464,.T.);
#2518 = ORIENTED_EDGE('',*,*,#2519,.T.);
#2519 = EDGE_CURVE('',#2465,#2520,#2522,.T.);
#2520 = VERTEX_POINT('',#2521);
#2521 = CARTESIAN_POINT('',(5.5,-47.3,0.9));
#2522 = SURFACE_CURVE('',#2523,(#2527,#2534),.PCURVE_S1.);
#2523 = LINE('',#2524,#2525);
#2524 = CARTESIAN_POINT('',(5.5,9.880359169397E-16,0.9));
#2525 = VECTOR('',#2526,1.);
#2526 = DIRECTION('',(0.,1.,0.));
#2527 = PCURVE('',#875,#2528);
#2528 = DEFINITIONAL_REPRESENTATION('',(#2529),#2533);
#2529 = LINE('',#2530,#2531);
#2530 = CARTESIAN_POINT('',(61.75,-5.5));
#2531 = VECTOR('',#2532,1.);
#2532 = DIRECTION('',(1.,0.));
#2533 = ( GEOMETRIC_REPRESENTATION_CONTEXT(2) 
PARAMETRIC_REPRESENTATION_CONTEXT() REPRESENTATION_CONTEXT('2D SPACE',''
  ) );
#2534 = PCURVE('',#2427,#2535);
#2535 = DEFINITIONAL_REPRESENTATION('',(#2536),#2540);
#2536 = LINE('',#2537,#2538);
#2537 = CARTESIAN_POINT('',(9.880359169397E-16,0.9));
#2538 = VECTOR('',#2539,1.);
#2539 = DIRECTION('',(1.,0.));
#2540 = ( GEOMETRIC_REPRESENTATION_CONTEXT(2) 
PARAMETRIC_REPRESENTATION_CONTEXT() REPRESENTATION_CONTEXT('2D SPACE',''
  ) );
#2541 = ORIENTED_EDGE('',*,*,#2542,.F.);
#2542 = EDGE_CURVE('',#832,#2520,#2543,.T.);
#2543 = SURFACE_CURVE('',#2544,(#2548,#2555),.PCURVE_S1.);
#2544 = LINE('',#2545,#2546);
#2545 = CARTESIAN_POINT('',(0.,-47.3,0.9));
#2546 = VECTOR('',#2547,1.);
#2547 = DIRECTION('',(1.,0.,0.));
#2548 = PCURVE('',#875,#2549);
#2549 = DEFINITIONAL_REPRESENTATION('',(#2550),#2554);
#2550 = LINE('',#2551,#2552);
#2551 = CARTESIAN_POINT('',(14.45,0.));
#2552 = VECTOR('',#2553,1.);
#2553 = DIRECTION('',(0.,-1.));
#2554 = ( GEOMETRIC_REPRESENTATION_CONTEXT(2) 
PARAMETRIC_REPRESENTATION_CONTEXT() REPRESENTATION_CONTEXT('2D SPACE',''
  ) );
#2555 = PCURVE('',#847,#2556);
#2556 = DEFINITIONAL_REPRESENTATION('',(#2557),#2561);
#2557 = LINE('',#2558,#2559);
#2558 = CARTESIAN_POINT('',(0.2,0.));
#2559 = VECTOR('',#2560,1.);
#2560 = DIRECTION('',(0.,-1.));
#2561 = ( GEOMETRIC_REPRESENTATION_CONTEXT(2) 
PARAMETRIC_REPRESENTATION_CONTEXT() REPRESENTATION_CONTEXT('2D SPACE',''
  ) );
#2562 = ORIENTED_EDGE('',*,*,#859,.F.);
#2563 = ADVANCED_FACE('',(#2564),#847,.F.);
#2564 = FACE_BOUND('',#2565,.F.);
#2565 = EDGE_LOOP('',(#2566,#2589,#2610,#2611));
#2566 = ORIENTED_EDGE('',*,*,#2567,.T.);
#2567 = EDGE_CURVE('',#804,#2568,#2570,.T.);
#2568 = VERTEX_POINT('',#2569);
#2569 = CARTESIAN_POINT('',(5.5,-47.3,1.1));
#2570 = SURFACE_CURVE('',#2571,(#2575,#2582),.PCURVE_S1.);
#2571 = LINE('',#2572,#2573);
#2572 = CARTESIAN_POINT('',(0.,-47.3,1.1));
#2573 = VECTOR('',#2574,1.);
#2574 = DIRECTION('',(1.,0.,0.));
#2575 = PCURVE('',#847,#2576);
#2576 = DEFINITIONAL_REPRESENTATION('',(#2577),#2581);
#2577 = LINE('',#2578,#2579);
#2578 = CARTESIAN_POINT('',(1.33226762955E-15,0.));
#2579 = VECTOR('',#2580,1.);
#2580 = DIRECTION('',(0.,-1.));
#2581 = ( GEOMETRIC_REPRESENTATION_CONTEXT(2) 
PARAMETRIC_REPRESENTATION_CONTEXT() REPRESENTATION_CONTEXT('2D SPACE',''
  ) );
#2582 = PCURVE('',#819,#2583);
#2583 = DEFINITIONAL_REPRESENTATION('',(#2584),#2588);
#2584 = LINE('',#2585,#2586);
#2585 = CARTESIAN_POINT('',(12.75,0.));
#2586 = VECTOR('',#2587,1.);
#2587 = DIRECTION('',(0.,-1.));
#2588 = ( GEOMETRIC_REPRESENTATION_CONTEXT(2) 
PARAMETRIC_REPRESENTATION_CONTEXT() REPRESENTATION_CONTEXT('2D SPACE',''
  ) );
#2589 = ORIENTED_EDGE('',*,*,#2590,.T.);
#2590 = EDGE_CURVE('',#2568,#2520,#2591,.T.);
#2591 = SURFACE_CURVE('',#2592,(#2596,#2603),.PCURVE_S1.);
#2592 = LINE('',#2593,#2594);
#2593 = CARTESIAN_POINT('',(5.5,-47.3,0.));
#2594 = VECTOR('',#2595,1.);
#2595 = DIRECTION('',(-0.,0.,-1.));
#2596 = PCURVE('',#847,#2597);
#2597 = DEFINITIONAL_REPRESENTATION('',(#2598),#2602);
#2598 = LINE('',#2599,#2600);
#2599 = CARTESIAN_POINT('',(1.1,-5.5));
#2600 = VECTOR('',#2601,1.);
#2601 = DIRECTION('',(1.,0.));
#2602 = ( GEOMETRIC_REPRESENTATION_CONTEXT(2) 
PARAMETRIC_REPRESENTATION_CONTEXT() REPRESENTATION_CONTEXT('2D SPACE',''
  ) );
#2603 = PCURVE('',#2427,#2604);
#2604 = DEFINITIONAL_REPRESENTATION('',(#2605),#2609);
#2605 = LINE('',#2606,#2607);
#2606 = CARTESIAN_POINT('',(-47.3,0.));
#2607 = VECTOR('',#2608,1.);
#2608 = DIRECTION('',(0.,-1.));
#2609 = ( GEOMETRIC_REPRESENTATION_CONTEXT(2) 
PARAMETRIC_REPRESENTATION_CONTEXT() REPRESENTATION_CONTEXT('2D SPACE',''
  ) );
#2610 = ORIENTED_EDGE('',*,*,#2542,.F.);
#2611 = ORIENTED_EDGE('',*,*,#831,.F.);
#2612 = ADVANCED_FACE('',(#2613),#819,.F.);
#2613 = FACE_BOUND('',#2614,.F.);
#2614 = EDGE_LOOP('',(#2615,#2638,#2659,#2660));
#2615 = ORIENTED_EDGE('',*,*,#2616,.T.);
#2616 = EDGE_CURVE('',#771,#2617,#2619,.T.);
#2617 = VERTEX_POINT('',#2618);
#2618 = CARTESIAN_POINT('',(5.5,-60.05,1.1));
#2619 = SURFACE_CURVE('',#2620,(#2624,#2631),.PCURVE_S1.);
#2620 = LINE('',#2621,#2622);
#2621 = CARTESIAN_POINT('',(0.,-60.05,1.1));
#2622 = VECTOR('',#2623,1.);
#2623 = DIRECTION('',(1.,0.,0.));
#2624 = PCURVE('',#819,#2625);
#2625 = DEFINITIONAL_REPRESENTATION('',(#2626),#2630);
#2626 = LINE('',#2627,#2628);
#2627 = CARTESIAN_POINT('',(0.,0.));
#2628 = VECTOR('',#2629,1.);
#2629 = DIRECTION('',(0.,-1.));
#2630 = ( GEOMETRIC_REPRESENTATION_CONTEXT(2) 
PARAMETRIC_REPRESENTATION_CONTEXT() REPRESENTATION_CONTEXT('2D SPACE',''
  ) );
#2631 = PCURVE('',#791,#2632);
#2632 = DEFINITIONAL_REPRESENTATION('',(#2633),#2637);
#2633 = LINE('',#2634,#2635);
#2634 = CARTESIAN_POINT('',(1.570796326795,0.));
#2635 = VECTOR('',#2636,1.);
#2636 = DIRECTION('',(0.,-1.));
#2637 = ( GEOMETRIC_REPRESENTATION_CONTEXT(2) 
PARAMETRIC_REPRESENTATION_CONTEXT() REPRESENTATION_CONTEXT('2D SPACE',''
  ) );
#2638 = ORIENTED_EDGE('',*,*,#2639,.T.);
#2639 = EDGE_CURVE('',#2617,#2568,#2640,.T.);
#2640 = SURFACE_CURVE('',#2641,(#2645,#2652),.PCURVE_S1.);
#2641 = LINE('',#2642,#2643);
#2642 = CARTESIAN_POINT('',(5.5,3.726066754812E-16,1.1));
#2643 = VECTOR('',#2644,1.);
#2644 = DIRECTION('',(0.,1.,0.));
#2645 = PCURVE('',#819,#2646);
#2646 = DEFINITIONAL_REPRESENTATION('',(#2647),#2651);
#2647 = LINE('',#2648,#2649);
#2648 = CARTESIAN_POINT('',(60.05,-5.5));
#2649 = VECTOR('',#2650,1.);
#2650 = DIRECTION('',(1.,0.));
#2651 = ( GEOMETRIC_REPRESENTATION_CONTEXT(2) 
PARAMETRIC_REPRESENTATION_CONTEXT() REPRESENTATION_CONTEXT('2D SPACE',''
  ) );
#2652 = PCURVE('',#2427,#2653);
#2653 = DEFINITIONAL_REPRESENTATION('',(#2654),#2658);
#2654 = LINE('',#2655,#2656);
#2655 = CARTESIAN_POINT('',(3.726066754812E-16,1.1));
#2656 = VECTOR('',#2657,1.);
#2657 = DIRECTION('',(1.,0.));
#2658 = ( GEOMETRIC_REPRESENTATION_CONTEXT(2) 
PARAMETRIC_REPRESENTATION_CONTEXT() REPRESENTATION_CONTEXT('2D SPACE',''
  ) );
#2659 = ORIENTED_EDGE('',*,*,#2567,.F.);
#2660 = ORIENTED_EDGE('',*,*,#803,.F.);
#2661 = ADVANCED_FACE('',(#2662),#791,.T.);
#2662 = FACE_BOUND('',#2663,.T.);
#2663 = EDGE_LOOP('',(#2664,#2665,#2693,#2714));
#2664 = ORIENTED_EDGE('',*,*,#2616,.T.);
#2665 = ORIENTED_EDGE('',*,*,#2666,.T.);
#2666 = EDGE_CURVE('',#2617,#2667,#2669,.T.);
#2667 = VERTEX_POINT('',#2668);
#2668 = CARTESIAN_POINT('',(5.5,-60.95,2.));
#2669 = SURFACE_CURVE('',#2670,(#2675,#2682),.PCURVE_S1.);
#2670 = CIRCLE('',#2671,0.9);
#2671 = AXIS2_PLACEMENT_3D('',#2672,#2673,#2674);
#2672 = CARTESIAN_POINT('',(5.5,-60.05,2.));
#2673 = DIRECTION('',(-1.,0.,0.));
#2674 = DIRECTION('',(0.,1.,0.));
#2675 = PCURVE('',#791,#2676);
#2676 = DEFINITIONAL_REPRESENTATION('',(#2677),#2681);
#2677 = LINE('',#2678,#2679);
#2678 = CARTESIAN_POINT('',(0.,-5.5));
#2679 = VECTOR('',#2680,1.);
#2680 = DIRECTION('',(1.,0.));
#2681 = ( GEOMETRIC_REPRESENTATION_CONTEXT(2) 
PARAMETRIC_REPRESENTATION_CONTEXT() REPRESENTATION_CONTEXT('2D SPACE',''
  ) );
#2682 = PCURVE('',#2427,#2683);
#2683 = DEFINITIONAL_REPRESENTATION('',(#2684),#2692);
#2684 = ( BOUNDED_CURVE() B_SPLINE_CURVE(2,(#2685,#2686,#2687,#2688,
#2689,#2690,#2691),.UNSPECIFIED.,.T.,.F.) B_SPLINE_CURVE_WITH_KNOTS((1,2
    ,2,2,2,1),(-2.094395102393,0.,2.094395102393,4.188790204786,
6.28318530718,8.377580409573),.UNSPECIFIED.) CURVE() 
GEOMETRIC_REPRESENTATION_ITEM() RATIONAL_B_SPLINE_CURVE((1.,0.5,1.,0.5,
1.,0.5,1.)) REPRESENTATION_ITEM('') );
#2685 = CARTESIAN_POINT('',(-59.15,2.));
#2686 = CARTESIAN_POINT('',(-59.15,0.441154273188));
#2687 = CARTESIAN_POINT('',(-60.5,1.220577136594));
#2688 = CARTESIAN_POINT('',(-61.85,2.));
#2689 = CARTESIAN_POINT('',(-60.5,2.779422863406));
#2690 = CARTESIAN_POINT('',(-59.15,3.558845726812));
#2691 = CARTESIAN_POINT('',(-59.15,2.));
#2692 = ( GEOMETRIC_REPRESENTATION_CONTEXT(2) 
PARAMETRIC_REPRESENTATION_CONTEXT() REPRESENTATION_CONTEXT('2D SPACE',''
  ) );
#2693 = ORIENTED_EDGE('',*,*,#2694,.F.);
#2694 = EDGE_CURVE('',#743,#2667,#2695,.T.);
#2695 = SURFACE_CURVE('',#2696,(#2700,#2707),.PCURVE_S1.);
#2696 = LINE('',#2697,#2698);
#2697 = CARTESIAN_POINT('',(0.,-60.95,2.));
#2698 = VECTOR('',#2699,1.);
#2699 = DIRECTION('',(1.,0.,0.));
#2700 = PCURVE('',#791,#2701);
#2701 = DEFINITIONAL_REPRESENTATION('',(#2702),#2706);
#2702 = LINE('',#2703,#2704);
#2703 = CARTESIAN_POINT('',(3.14159265359,0.));
#2704 = VECTOR('',#2705,1.);
#2705 = DIRECTION('',(0.,-1.));
#2706 = ( GEOMETRIC_REPRESENTATION_CONTEXT(2) 
PARAMETRIC_REPRESENTATION_CONTEXT() REPRESENTATION_CONTEXT('2D SPACE',''
  ) );
#2707 = PCURVE('',#758,#2708);
#2708 = DEFINITIONAL_REPRESENTATION('',(#2709),#2713);
#2709 = LINE('',#2710,#2711);
#2710 = CARTESIAN_POINT('',(20.05,0.));
#2711 = VECTOR('',#2712,1.);
#2712 = DIRECTION('',(0.,-1.));
#2713 = ( GEOMETRIC_REPRESENTATION_CONTEXT(2) 
PARAMETRIC_REPRESENTATION_CONTEXT() REPRESENTATION_CONTEXT('2D SPACE',''
  ) );
#2714 = ORIENTED_EDGE('',*,*,#770,.F.);
#2715 = ADVANCED_FACE('',(#2716),#758,.F.);
#2716 = FACE_BOUND('',#2717,.F.);
#2717 = EDGE_LOOP('',(#2718,#2741,#2762,#2763));
#2718 = ORIENTED_EDGE('',*,*,#2719,.T.);
#2719 = EDGE_CURVE('',#710,#2720,#2722,.T.);
#2720 = VERTEX_POINT('',#2721);
#2721 = CARTESIAN_POINT('',(5.5,-60.95,22.05));
#2722 = SURFACE_CURVE('',#2723,(#2727,#2734),.PCURVE_S1.);
#2723 = LINE('',#2724,#2725);
#2724 = CARTESIAN_POINT('',(0.,-60.95,22.05));
#2725 = VECTOR('',#2726,1.);
#2726 = DIRECTION('',(1.,0.,0.));
#2727 = PCURVE('',#758,#2728);
#2728 = DEFINITIONAL_REPRESENTATION('',(#2729),#2733);
#2729 = LINE('',#2730,#2731);
#2730 = CARTESIAN_POINT('',(0.,0.));
#2731 = VECTOR('',#2732,1.);
#2732 = DIRECTION('',(0.,-1.));
#2733 = ( GEOMETRIC_REPRESENTATION_CONTEXT(2) 
PARAMETRIC_REPRESENTATION_CONTEXT() REPRESENTATION_CONTEXT('2D SPACE',''
  ) );
#2734 = PCURVE('',#730,#2735);
#2735 = DEFINITIONAL_REPRESENTATION('',(#2736),#2740);
#2736 = LINE('',#2737,#2738);
#2737 = CARTESIAN_POINT('',(1.570796326795,0.));
#2738 = VECTOR('',#2739,1.);
#2739 = DIRECTION('',(0.,-1.));
#2740 = ( GEOMETRIC_REPRESENTATION_CONTEXT(2) 
PARAMETRIC_REPRESENTATION_CONTEXT() REPRESENTATION_CONTEXT('2D SPACE',''
  ) );
#2741 = ORIENTED_EDGE('',*,*,#2742,.T.);
#2742 = EDGE_CURVE('',#2720,#2667,#2743,.T.);
#2743 = SURFACE_CURVE('',#2744,(#2748,#2755),.PCURVE_S1.);
#2744 = LINE('',#2745,#2746);
#2745 = CARTESIAN_POINT('',(5.5,-60.95,0.));
#2746 = VECTOR('',#2747,1.);
#2747 = DIRECTION('',(-0.,0.,-1.));
#2748 = PCURVE('',#758,#2749);
#2749 = DEFINITIONAL_REPRESENTATION('',(#2750),#2754);
#2750 = LINE('',#2751,#2752);
#2751 = CARTESIAN_POINT('',(22.05,-5.5));
#2752 = VECTOR('',#2753,1.);
#2753 = DIRECTION('',(1.,0.));
#2754 = ( GEOMETRIC_REPRESENTATION_CONTEXT(2) 
PARAMETRIC_REPRESENTATION_CONTEXT() REPRESENTATION_CONTEXT('2D SPACE',''
  ) );
#2755 = PCURVE('',#2427,#2756);
#2756 = DEFINITIONAL_REPRESENTATION('',(#2757),#2761);
#2757 = LINE('',#2758,#2759);
#2758 = CARTESIAN_POINT('',(-60.95,0.));
#2759 = VECTOR('',#2760,1.);
#2760 = DIRECTION('',(0.,-1.));
#2761 = ( GEOMETRIC_REPRESENTATION_CONTEXT(2) 
PARAMETRIC_REPRESENTATION_CONTEXT() REPRESENTATION_CONTEXT('2D SPACE',''
  ) );
#2762 = ORIENTED_EDGE('',*,*,#2694,.F.);
#2763 = ORIENTED_EDGE('',*,*,#742,.F.);
#2764 = ADVANCED_FACE('',(#2765),#730,.T.);
#2765 = FACE_BOUND('',#2766,.T.);
#2766 = EDGE_LOOP('',(#2767,#2768,#2796,#2817));
#2767 = ORIENTED_EDGE('',*,*,#2719,.T.);
#2768 = ORIENTED_EDGE('',*,*,#2769,.T.);
#2769 = EDGE_CURVE('',#2720,#2770,#2772,.T.);
#2770 = VERTEX_POINT('',#2771);
#2771 = CARTESIAN_POINT('',(5.5,-60.05,22.95));
#2772 = SURFACE_CURVE('',#2773,(#2778,#2785),.PCURVE_S1.);
#2773 = CIRCLE('',#2774,0.9);
#2774 = AXIS2_PLACEMENT_3D('',#2775,#2776,#2777);
#2775 = CARTESIAN_POINT('',(5.5,-60.05,22.05));
#2776 = DIRECTION('',(-1.,-0.,0.));
#2777 = DIRECTION('',(-0.,0.,-1.));
#2778 = PCURVE('',#730,#2779);
#2779 = DEFINITIONAL_REPRESENTATION('',(#2780),#2784);
#2780 = LINE('',#2781,#2782);
#2781 = CARTESIAN_POINT('',(0.,-5.5));
#2782 = VECTOR('',#2783,1.);
#2783 = DIRECTION('',(1.,0.));
#2784 = ( GEOMETRIC_REPRESENTATION_CONTEXT(2) 
PARAMETRIC_REPRESENTATION_CONTEXT() REPRESENTATION_CONTEXT('2D SPACE',''
  ) );
#2785 = PCURVE('',#2427,#2786);
#2786 = DEFINITIONAL_REPRESENTATION('',(#2787),#2795);
#2787 = ( BOUNDED_CURVE() B_SPLINE_CURVE(2,(#2788,#2789,#2790,#2791,
#2792,#2793,#2794),.UNSPECIFIED.,.T.,.F.) B_SPLINE_CURVE_WITH_KNOTS((1,2
    ,2,2,2,1),(-2.094395102393,0.,2.094395102393,4.188790204786,
6.28318530718,8.377580409573),.UNSPECIFIED.) CURVE() 
GEOMETRIC_REPRESENTATION_ITEM() RATIONAL_B_SPLINE_CURVE((1.,0.5,1.,0.5,
1.,0.5,1.)) REPRESENTATION_ITEM('') );
#2788 = CARTESIAN_POINT('',(-60.05,21.15));
#2789 = CARTESIAN_POINT('',(-61.60884572681,21.15));
#2790 = CARTESIAN_POINT('',(-60.8294228634,22.5));
#2791 = CARTESIAN_POINT('',(-60.05,23.85));
#2792 = CARTESIAN_POINT('',(-59.27057713659,22.5));
#2793 = CARTESIAN_POINT('',(-58.49115427318,21.15));
#2794 = CARTESIAN_POINT('',(-60.05,21.15));
#2795 = ( GEOMETRIC_REPRESENTATION_CONTEXT(2) 
PARAMETRIC_REPRESENTATION_CONTEXT() REPRESENTATION_CONTEXT('2D SPACE',''
  ) );
#2796 = ORIENTED_EDGE('',*,*,#2797,.F.);
#2797 = EDGE_CURVE('',#682,#2770,#2798,.T.);
#2798 = SURFACE_CURVE('',#2799,(#2803,#2810),.PCURVE_S1.);
#2799 = LINE('',#2800,#2801);
#2800 = CARTESIAN_POINT('',(0.,-60.05,22.95));
#2801 = VECTOR('',#2802,1.);
#2802 = DIRECTION('',(1.,0.,0.));
#2803 = PCURVE('',#730,#2804);
#2804 = DEFINITIONAL_REPRESENTATION('',(#2805),#2809);
#2805 = LINE('',#2806,#2807);
#2806 = CARTESIAN_POINT('',(3.14159265359,0.));
#2807 = VECTOR('',#2808,1.);
#2808 = DIRECTION('',(0.,-1.));
#2809 = ( GEOMETRIC_REPRESENTATION_CONTEXT(2) 
PARAMETRIC_REPRESENTATION_CONTEXT() REPRESENTATION_CONTEXT('2D SPACE',''
  ) );
#2810 = PCURVE('',#697,#2811);
#2811 = DEFINITIONAL_REPRESENTATION('',(#2812),#2816);
#2812 = LINE('',#2813,#2814);
#2813 = CARTESIAN_POINT('',(0.,0.));
#2814 = VECTOR('',#2815,1.);
#2815 = DIRECTION('',(0.,-1.));
#2816 = ( GEOMETRIC_REPRESENTATION_CONTEXT(2) 
PARAMETRIC_REPRESENTATION_CONTEXT() REPRESENTATION_CONTEXT('2D SPACE',''
  ) );
#2817 = ORIENTED_EDGE('',*,*,#709,.F.);
#2818 = ADVANCED_FACE('',(#2819),#697,.T.);
#2819 = FACE_BOUND('',#2820,.T.);
#2820 = EDGE_LOOP('',(#2821,#2822,#2845,#2866));
#2821 = ORIENTED_EDGE('',*,*,#2797,.T.);
#2822 = ORIENTED_EDGE('',*,*,#2823,.T.);
#2823 = EDGE_CURVE('',#2770,#2824,#2826,.T.);
#2824 = VERTEX_POINT('',#2825);
#2825 = CARTESIAN_POINT('',(5.5,-57.95,22.95));
#2826 = SURFACE_CURVE('',#2827,(#2831,#2838),.PCURVE_S1.);
#2827 = LINE('',#2828,#2829);
#2828 = CARTESIAN_POINT('',(5.5,3.726066754812E-16,22.95));
#2829 = VECTOR('',#2830,1.);
#2830 = DIRECTION('',(0.,1.,0.));
#2831 = PCURVE('',#697,#2832);
#2832 = DEFINITIONAL_REPRESENTATION('',(#2833),#2837);
#2833 = LINE('',#2834,#2835);
#2834 = CARTESIAN_POINT('',(60.05,-5.5));
#2835 = VECTOR('',#2836,1.);
#2836 = DIRECTION('',(1.,0.));
#2837 = ( GEOMETRIC_REPRESENTATION_CONTEXT(2) 
PARAMETRIC_REPRESENTATION_CONTEXT() REPRESENTATION_CONTEXT('2D SPACE',''
  ) );
#2838 = PCURVE('',#2427,#2839);
#2839 = DEFINITIONAL_REPRESENTATION('',(#2840),#2844);
#2840 = LINE('',#2841,#2842);
#2841 = CARTESIAN_POINT('',(3.726066754812E-16,22.95));
#2842 = VECTOR('',#2843,1.);
#2843 = DIRECTION('',(1.,0.));
#2844 = ( GEOMETRIC_REPRESENTATION_CONTEXT(2) 
PARAMETRIC_REPRESENTATION_CONTEXT() REPRESENTATION_CONTEXT('2D SPACE',''
  ) );
#2845 = ORIENTED_EDGE('',*,*,#2846,.F.);
#2846 = EDGE_CURVE('',#654,#2824,#2847,.T.);
#2847 = SURFACE_CURVE('',#2848,(#2852,#2859),.PCURVE_S1.);
#2848 = LINE('',#2849,#2850);
#2849 = CARTESIAN_POINT('',(0.,-57.95,22.95));
#2850 = VECTOR('',#2851,1.);
#2851 = DIRECTION('',(1.,0.,0.));
#2852 = PCURVE('',#697,#2853);
#2853 = DEFINITIONAL_REPRESENTATION('',(#2854),#2858);
#2854 = LINE('',#2855,#2856);
#2855 = CARTESIAN_POINT('',(2.1,0.));
#2856 = VECTOR('',#2857,1.);
#2857 = DIRECTION('',(0.,-1.));
#2858 = ( GEOMETRIC_REPRESENTATION_CONTEXT(2) 
PARAMETRIC_REPRESENTATION_CONTEXT() REPRESENTATION_CONTEXT('2D SPACE',''
  ) );
#2859 = PCURVE('',#669,#2860);
#2860 = DEFINITIONAL_REPRESENTATION('',(#2861),#2865);
#2861 = LINE('',#2862,#2863);
#2862 = CARTESIAN_POINT('',(0.2,0.));
#2863 = VECTOR('',#2864,1.);
#2864 = DIRECTION('',(0.,-1.));
#2865 = ( GEOMETRIC_REPRESENTATION_CONTEXT(2) 
PARAMETRIC_REPRESENTATION_CONTEXT() REPRESENTATION_CONTEXT('2D SPACE',''
  ) );
#2866 = ORIENTED_EDGE('',*,*,#681,.F.);
#2867 = ADVANCED_FACE('',(#2868),#669,.F.);
#2868 = FACE_BOUND('',#2869,.F.);
#2869 = EDGE_LOOP('',(#2870,#2893,#2914,#2915));
#2870 = ORIENTED_EDGE('',*,*,#2871,.T.);
#2871 = EDGE_CURVE('',#626,#2872,#2874,.T.);
#2872 = VERTEX_POINT('',#2873);
#2873 = CARTESIAN_POINT('',(5.5,-57.95,23.15));
#2874 = SURFACE_CURVE('',#2875,(#2879,#2886),.PCURVE_S1.);
#2875 = LINE('',#2876,#2877);
#2876 = CARTESIAN_POINT('',(0.,-57.95,23.15));
#2877 = VECTOR('',#2878,1.);
#2878 = DIRECTION('',(1.,0.,0.));
#2879 = PCURVE('',#669,#2880);
#2880 = DEFINITIONAL_REPRESENTATION('',(#2881),#2885);
#2881 = LINE('',#2882,#2883);
#2882 = CARTESIAN_POINT('',(0.,0.));
#2883 = VECTOR('',#2884,1.);
#2884 = DIRECTION('',(0.,-1.));
#2885 = ( GEOMETRIC_REPRESENTATION_CONTEXT(2) 
PARAMETRIC_REPRESENTATION_CONTEXT() REPRESENTATION_CONTEXT('2D SPACE',''
  ) );
#2886 = PCURVE('',#641,#2887);
#2887 = DEFINITIONAL_REPRESENTATION('',(#2888),#2892);
#2888 = LINE('',#2889,#2890);
#2889 = CARTESIAN_POINT('',(3.8,0.));
#2890 = VECTOR('',#2891,1.);
#2891 = DIRECTION('',(0.,-1.));
#2892 = ( GEOMETRIC_REPRESENTATION_CONTEXT(2) 
PARAMETRIC_REPRESENTATION_CONTEXT() REPRESENTATION_CONTEXT('2D SPACE',''
  ) );
#2893 = ORIENTED_EDGE('',*,*,#2894,.T.);
#2894 = EDGE_CURVE('',#2872,#2824,#2895,.T.);
#2895 = SURFACE_CURVE('',#2896,(#2900,#2907),.PCURVE_S1.);
#2896 = LINE('',#2897,#2898);
#2897 = CARTESIAN_POINT('',(5.5,-57.95,11.025));
#2898 = VECTOR('',#2899,1.);
#2899 = DIRECTION('',(-0.,0.,-1.));
#2900 = PCURVE('',#669,#2901);
#2901 = DEFINITIONAL_REPRESENTATION('',(#2902),#2906);
#2902 = LINE('',#2903,#2904);
#2903 = CARTESIAN_POINT('',(12.125,-5.5));
#2904 = VECTOR('',#2905,1.);
#2905 = DIRECTION('',(1.,0.));
#2906 = ( GEOMETRIC_REPRESENTATION_CONTEXT(2) 
PARAMETRIC_REPRESENTATION_CONTEXT() REPRESENTATION_CONTEXT('2D SPACE',''
  ) );
#2907 = PCURVE('',#2427,#2908);
#2908 = DEFINITIONAL_REPRESENTATION('',(#2909),#2913);
#2909 = LINE('',#2910,#2911);
#2910 = CARTESIAN_POINT('',(-57.95,11.025));
#2911 = VECTOR('',#2912,1.);
#2912 = DIRECTION('',(0.,-1.));
#2913 = ( GEOMETRIC_REPRESENTATION_CONTEXT(2) 
PARAMETRIC_REPRESENTATION_CONTEXT() REPRESENTATION_CONTEXT('2D SPACE',''
  ) );
#2914 = ORIENTED_EDGE('',*,*,#2846,.F.);
#2915 = ORIENTED_EDGE('',*,*,#653,.F.);
#2916 = ADVANCED_FACE('',(#2917),#641,.F.);
#2917 = FACE_BOUND('',#2918,.F.);
#2918 = EDGE_LOOP('',(#2919,#2942,#2963,#2964));
#2919 = ORIENTED_EDGE('',*,*,#2920,.T.);
#2920 = EDGE_CURVE('',#593,#2921,#2923,.T.);
#2921 = VERTEX_POINT('',#2922);
#2922 = CARTESIAN_POINT('',(5.5,-61.75,23.15));
#2923 = SURFACE_CURVE('',#2924,(#2928,#2935),.PCURVE_S1.);
#2924 = LINE('',#2925,#2926);
#2925 = CARTESIAN_POINT('',(0.,-61.75,23.15));
#2926 = VECTOR('',#2927,1.);
#2927 = DIRECTION('',(1.,0.,0.));
#2928 = PCURVE('',#641,#2929);
#2929 = DEFINITIONAL_REPRESENTATION('',(#2930),#2934);
#2930 = LINE('',#2931,#2932);
#2931 = CARTESIAN_POINT('',(0.,0.));
#2932 = VECTOR('',#2933,1.);
#2933 = DIRECTION('',(0.,-1.));
#2934 = ( GEOMETRIC_REPRESENTATION_CONTEXT(2) 
PARAMETRIC_REPRESENTATION_CONTEXT() REPRESENTATION_CONTEXT('2D SPACE',''
  ) );
#2935 = PCURVE('',#613,#2936);
#2936 = DEFINITIONAL_REPRESENTATION('',(#2937),#2941);
#2937 = LINE('',#2938,#2939);
#2938 = CARTESIAN_POINT('',(7.853981633974,0.));
#2939 = VECTOR('',#2940,1.);
#2940 = DIRECTION('',(0.,-1.));
#2941 = ( GEOMETRIC_REPRESENTATION_CONTEXT(2) 
PARAMETRIC_REPRESENTATION_CONTEXT() REPRESENTATION_CONTEXT('2D SPACE',''
  ) );
#2942 = ORIENTED_EDGE('',*,*,#2943,.T.);
#2943 = EDGE_CURVE('',#2921,#2872,#2944,.T.);
#2944 = SURFACE_CURVE('',#2945,(#2949,#2956),.PCURVE_S1.);
#2945 = LINE('',#2946,#2947);
#2946 = CARTESIAN_POINT('',(5.5,9.880359169397E-16,23.15));
#2947 = VECTOR('',#2948,1.);
#2948 = DIRECTION('',(0.,1.,0.));
#2949 = PCURVE('',#641,#2950);
#2950 = DEFINITIONAL_REPRESENTATION('',(#2951),#2955);
#2951 = LINE('',#2952,#2953);
#2952 = CARTESIAN_POINT('',(61.75,-5.5));
#2953 = VECTOR('',#2954,1.);
#2954 = DIRECTION('',(1.,0.));
#2955 = ( GEOMETRIC_REPRESENTATION_CONTEXT(2) 
PARAMETRIC_REPRESENTATION_CONTEXT() REPRESENTATION_CONTEXT('2D SPACE',''
  ) );
#2956 = PCURVE('',#2427,#2957);
#2957 = DEFINITIONAL_REPRESENTATION('',(#2958),#2962);
#2958 = LINE('',#2959,#2960);
#2959 = CARTESIAN_POINT('',(9.880359169397E-16,23.15));
#2960 = VECTOR('',#2961,1.);
#2961 = DIRECTION('',(1.,0.));
#2962 = ( GEOMETRIC_REPRESENTATION_CONTEXT(2) 
PARAMETRIC_REPRESENTATION_CONTEXT() REPRESENTATION_CONTEXT('2D SPACE',''
  ) );
#2963 = ORIENTED_EDGE('',*,*,#2871,.F.);
#2964 = ORIENTED_EDGE('',*,*,#625,.F.);
#2965 = ADVANCED_FACE('',(#2966),#613,.F.);
#2966 = FACE_BOUND('',#2967,.F.);
#2967 = EDGE_LOOP('',(#2968,#2969,#2995,#2996));
#2968 = ORIENTED_EDGE('',*,*,#2388,.T.);
#2969 = ORIENTED_EDGE('',*,*,#2970,.T.);
#2970 = EDGE_CURVE('',#2389,#2921,#2971,.T.);
#2971 = SURFACE_CURVE('',#2972,(#2977,#2984),.PCURVE_S1.);
#2972 = CIRCLE('',#2973,0.6);
#2973 = AXIS2_PLACEMENT_3D('',#2974,#2975,#2976);
#2974 = CARTESIAN_POINT('',(5.5,-61.75,22.55));
#2975 = DIRECTION('',(-1.,0.,0.));
#2976 = DIRECTION('',(0.,-1.,0.));
#2977 = PCURVE('',#613,#2978);
#2978 = DEFINITIONAL_REPRESENTATION('',(#2979),#2983);
#2979 = LINE('',#2980,#2981);
#2980 = CARTESIAN_POINT('',(0.,-5.5));
#2981 = VECTOR('',#2982,1.);
#2982 = DIRECTION('',(1.,0.));
#2983 = ( GEOMETRIC_REPRESENTATION_CONTEXT(2) 
PARAMETRIC_REPRESENTATION_CONTEXT() REPRESENTATION_CONTEXT('2D SPACE',''
  ) );
#2984 = PCURVE('',#2427,#2985);
#2985 = DEFINITIONAL_REPRESENTATION('',(#2986),#2994);
#2986 = ( BOUNDED_CURVE() B_SPLINE_CURVE(2,(#2987,#2988,#2989,#2990,
#2991,#2992,#2993),.UNSPECIFIED.,.T.,.F.) B_SPLINE_CURVE_WITH_KNOTS((1,2
    ,2,2,2,1),(-2.094395102393,0.,2.094395102393,4.188790204786,
6.28318530718,8.377580409573),.UNSPECIFIED.) CURVE() 
GEOMETRIC_REPRESENTATION_ITEM() RATIONAL_B_SPLINE_CURVE((1.,0.5,1.,0.5,
1.,0.5,1.)) REPRESENTATION_ITEM('') );
#2987 = CARTESIAN_POINT('',(-62.35,22.55));
#2988 = CARTESIAN_POINT('',(-62.35,23.589230484541));
#2989 = CARTESIAN_POINT('',(-61.45,23.069615242271));
#2990 = CARTESIAN_POINT('',(-60.55,22.55));
#2991 = CARTESIAN_POINT('',(-61.45,22.030384757729));
#2992 = CARTESIAN_POINT('',(-62.35,21.510769515459));
#2993 = CARTESIAN_POINT('',(-62.35,22.55));
#2994 = ( GEOMETRIC_REPRESENTATION_CONTEXT(2) 
PARAMETRIC_REPRESENTATION_CONTEXT() REPRESENTATION_CONTEXT('2D SPACE',''
  ) );
#2995 = ORIENTED_EDGE('',*,*,#2920,.F.);
#2996 = ORIENTED_EDGE('',*,*,#592,.F.);
#2997 = ADVANCED_FACE('',(#2998),#1387,.F.);
#2998 = FACE_BOUND('',#2999,.F.);
#2999 = EDGE_LOOP('',(#3000,#3001,#3002,#3003));
#3000 = ORIENTED_EDGE('',*,*,#2240,.T.);
#3001 = ORIENTED_EDGE('',*,*,#2363,.T.);
#3002 = ORIENTED_EDGE('',*,*,#2215,.F.);
#3003 = ORIENTED_EDGE('',*,*,#1371,.F.);
#3004 = ADVANCED_FACE('',(#3005),#1336,.T.);
#3005 = FACE_BOUND('',#3006,.T.);
#3006 = EDGE_LOOP('',(#3007,#3008,#3031,#3052));
#3007 = ORIENTED_EDGE('',*,*,#2337,.T.);
#3008 = ORIENTED_EDGE('',*,*,#3009,.T.);
#3009 = EDGE_CURVE('',#2310,#3010,#3012,.T.);
#3010 = VERTEX_POINT('',#3011);
#3011 = CARTESIAN_POINT('',(114.,-46.4,2.));
#3012 = SURFACE_CURVE('',#3013,(#3017,#3024),.PCURVE_S1.);
#3013 = LINE('',#3014,#3015);
#3014 = CARTESIAN_POINT('',(114.,0.,2.));
#3015 = VECTOR('',#3016,1.);
#3016 = DIRECTION('',(-0.,1.,0.));
#3017 = PCURVE('',#1336,#3018);
#3018 = DEFINITIONAL_REPRESENTATION('',(#3019),#3023);
#3019 = LINE('',#3020,#3021);
#3020 = CARTESIAN_POINT('',(60.05,-2.));
#3021 = VECTOR('',#3022,1.);
#3022 = DIRECTION('',(1.,0.));
#3023 = ( GEOMETRIC_REPRESENTATION_CONTEXT(2) 
PARAMETRIC_REPRESENTATION_CONTEXT() REPRESENTATION_CONTEXT('2D SPACE',''
  ) );
#3024 = PCURVE('',#2325,#3025);
#3025 = DEFINITIONAL_REPRESENTATION('',(#3026),#3030);
#3026 = LINE('',#3027,#3028);
#3027 = CARTESIAN_POINT('',(114.,-7.452133509624E-16));
#3028 = VECTOR('',#3029,1.);
#3029 = DIRECTION('',(0.,1.));
#3030 = ( GEOMETRIC_REPRESENTATION_CONTEXT(2) 
PARAMETRIC_REPRESENTATION_CONTEXT() REPRESENTATION_CONTEXT('2D SPACE',''
  ) );
#3031 = ORIENTED_EDGE('',*,*,#3032,.F.);
#3032 = EDGE_CURVE('',#1293,#3010,#3033,.T.);
#3033 = SURFACE_CURVE('',#3034,(#3038,#3045),.PCURVE_S1.);
#3034 = LINE('',#3035,#3036);
#3035 = CARTESIAN_POINT('',(114.,-46.4,0.));
#3036 = VECTOR('',#3037,1.);
#3037 = DIRECTION('',(0.,0.,1.));
#3038 = PCURVE('',#1336,#3039);
#3039 = DEFINITIONAL_REPRESENTATION('',(#3040),#3044);
#3040 = LINE('',#3041,#3042);
#3041 = CARTESIAN_POINT('',(13.65,0.));
#3042 = VECTOR('',#3043,1.);
#3043 = DIRECTION('',(0.,-1.));
#3044 = ( GEOMETRIC_REPRESENTATION_CONTEXT(2) 
PARAMETRIC_REPRESENTATION_CONTEXT() REPRESENTATION_CONTEXT('2D SPACE',''
  ) );
#3045 = PCURVE('',#1308,#3046);
#3046 = DEFINITIONAL_REPRESENTATION('',(#3047),#3051);
#3047 = LINE('',#3048,#3049);
#3048 = CARTESIAN_POINT('',(0.,0.));
#3049 = VECTOR('',#3050,1.);
#3050 = DIRECTION('',(0.,-1.));
#3051 = ( GEOMETRIC_REPRESENTATION_CONTEXT(2) 
PARAMETRIC_REPRESENTATION_CONTEXT() REPRESENTATION_CONTEXT('2D SPACE',''
  ) );
#3052 = ORIENTED_EDGE('',*,*,#1320,.F.);
#3053 = ADVANCED_FACE('',(#3054),#1308,.T.);
#3054 = FACE_BOUND('',#3055,.T.);
#3055 = EDGE_LOOP('',(#3056,#3057,#3080,#3101));
#3056 = ORIENTED_EDGE('',*,*,#3032,.T.);
#3057 = ORIENTED_EDGE('',*,*,#3058,.T.);
#3058 = EDGE_CURVE('',#3010,#3059,#3061,.T.);
#3059 = VERTEX_POINT('',#3060);
#3060 = CARTESIAN_POINT('',(165.4,-46.4,2.));
#3061 = SURFACE_CURVE('',#3062,(#3066,#3073),.PCURVE_S1.);
#3062 = LINE('',#3063,#3064);
#3063 = CARTESIAN_POINT('',(0.,-46.4,2.));
#3064 = VECTOR('',#3065,1.);
#3065 = DIRECTION('',(1.,0.,0.));
#3066 = PCURVE('',#1308,#3067);
#3067 = DEFINITIONAL_REPRESENTATION('',(#3068),#3072);
#3068 = LINE('',#3069,#3070);
#3069 = CARTESIAN_POINT('',(-114.,-2.));
#3070 = VECTOR('',#3071,1.);
#3071 = DIRECTION('',(1.,0.));
#3072 = ( GEOMETRIC_REPRESENTATION_CONTEXT(2) 
PARAMETRIC_REPRESENTATION_CONTEXT() REPRESENTATION_CONTEXT('2D SPACE',''
  ) );
#3073 = PCURVE('',#2325,#3074);
#3074 = DEFINITIONAL_REPRESENTATION('',(#3075),#3079);
#3075 = LINE('',#3076,#3077);
#3076 = CARTESIAN_POINT('',(1.461202648946E-15,-46.4));
#3077 = VECTOR('',#3078,1.);
#3078 = DIRECTION('',(1.,0.));
#3079 = ( GEOMETRIC_REPRESENTATION_CONTEXT(2) 
PARAMETRIC_REPRESENTATION_CONTEXT() REPRESENTATION_CONTEXT('2D SPACE',''
  ) );
#3080 = ORIENTED_EDGE('',*,*,#3081,.F.);
#3081 = EDGE_CURVE('',#1264,#3059,#3082,.T.);
#3082 = SURFACE_CURVE('',#3083,(#3087,#3094),.PCURVE_S1.);
#3083 = LINE('',#3084,#3085);
#3084 = CARTESIAN_POINT('',(165.4,-46.4,0.));
#3085 = VECTOR('',#3086,1.);
#3086 = DIRECTION('',(0.,0.,1.));
#3087 = PCURVE('',#1308,#3088);
#3088 = DEFINITIONAL_REPRESENTATION('',(#3089),#3093);
#3089 = LINE('',#3090,#3091);
#3090 = CARTESIAN_POINT('',(51.4,0.));
#3091 = VECTOR('',#3092,1.);
#3092 = DIRECTION('',(0.,-1.));
#3093 = ( GEOMETRIC_REPRESENTATION_CONTEXT(2) 
PARAMETRIC_REPRESENTATION_CONTEXT() REPRESENTATION_CONTEXT('2D SPACE',''
  ) );
#3094 = PCURVE('',#1280,#3095);
#3095 = DEFINITIONAL_REPRESENTATION('',(#3096),#3100);
#3096 = LINE('',#3097,#3098);
#3097 = CARTESIAN_POINT('',(-4.712388980385,0.));
#3098 = VECTOR('',#3099,1.);
#3099 = DIRECTION('',(-0.,-1.));
#3100 = ( GEOMETRIC_REPRESENTATION_CONTEXT(2) 
PARAMETRIC_REPRESENTATION_CONTEXT() REPRESENTATION_CONTEXT('2D SPACE',''
  ) );
#3101 = ORIENTED_EDGE('',*,*,#1292,.F.);
#3102 = ADVANCED_FACE('',(#3103),#1280,.F.);
#3103 = FACE_BOUND('',#3104,.T.);
#3104 = EDGE_LOOP('',(#3105,#3106,#3130,#3151));
#3105 = ORIENTED_EDGE('',*,*,#3081,.T.);
#3106 = ORIENTED_EDGE('',*,*,#3107,.T.);
#3107 = EDGE_CURVE('',#3059,#3108,#3110,.T.);
#3108 = VERTEX_POINT('',#3109);
#3109 = CARTESIAN_POINT('',(172.7,-39.1,2.));
#3110 = SURFACE_CURVE('',#3111,(#3116,#3123),.PCURVE_S1.);
#3111 = CIRCLE('',#3112,7.3);
#3112 = AXIS2_PLACEMENT_3D('',#3113,#3114,#3115);
#3113 = CARTESIAN_POINT('',(165.4,-39.1,2.));
#3114 = DIRECTION('',(0.,0.,1.));
#3115 = DIRECTION('',(1.,0.,0.));
#3116 = PCURVE('',#1280,#3117);
#3117 = DEFINITIONAL_REPRESENTATION('',(#3118),#3122);
#3118 = LINE('',#3119,#3120);
#3119 = CARTESIAN_POINT('',(-0.,-2.));
#3120 = VECTOR('',#3121,1.);
#3121 = DIRECTION('',(-1.,0.));
#3122 = ( GEOMETRIC_REPRESENTATION_CONTEXT(2) 
PARAMETRIC_REPRESENTATION_CONTEXT() REPRESENTATION_CONTEXT('2D SPACE',''
  ) );
#3123 = PCURVE('',#2325,#3124);
#3124 = DEFINITIONAL_REPRESENTATION('',(#3125),#3129);
#3125 = CIRCLE('',#3126,7.3);
#3126 = AXIS2_PLACEMENT_2D('',#3127,#3128);
#3127 = CARTESIAN_POINT('',(165.4,-39.1));
#3128 = DIRECTION('',(1.,0.));
#3129 = ( GEOMETRIC_REPRESENTATION_CONTEXT(2) 
PARAMETRIC_REPRESENTATION_CONTEXT() REPRESENTATION_CONTEXT('2D SPACE',''
  ) );
#3130 = ORIENTED_EDGE('',*,*,#3131,.F.);
#3131 = EDGE_CURVE('',#1236,#3108,#3132,.T.);
#3132 = SURFACE_CURVE('',#3133,(#3137,#3144),.PCURVE_S1.);
#3133 = LINE('',#3134,#3135);
#3134 = CARTESIAN_POINT('',(172.7,-39.1,0.));
#3135 = VECTOR('',#3136,1.);
#3136 = DIRECTION('',(0.,0.,1.));
#3137 = PCURVE('',#1280,#3138);
#3138 = DEFINITIONAL_REPRESENTATION('',(#3139),#3143);
#3139 = LINE('',#3140,#3141);
#3140 = CARTESIAN_POINT('',(-6.28318530718,0.));
#3141 = VECTOR('',#3142,1.);
#3142 = DIRECTION('',(-0.,-1.));
#3143 = ( GEOMETRIC_REPRESENTATION_CONTEXT(2) 
PARAMETRIC_REPRESENTATION_CONTEXT() REPRESENTATION_CONTEXT('2D SPACE',''
  ) );
#3144 = PCURVE('',#1251,#3145);
#3145 = DEFINITIONAL_REPRESENTATION('',(#3146),#3150);
#3146 = LINE('',#3147,#3148);
#3147 = CARTESIAN_POINT('',(0.,0.));
#3148 = VECTOR('',#3149,1.);
#3149 = DIRECTION('',(0.,-1.));
#3150 = ( GEOMETRIC_REPRESENTATION_CONTEXT(2) 
PARAMETRIC_REPRESENTATION_CONTEXT() REPRESENTATION_CONTEXT('2D SPACE',''
  ) );
#3151 = ORIENTED_EDGE('',*,*,#1263,.F.);
#3152 = ADVANCED_FACE('',(#3153),#1251,.T.);
#3153 = FACE_BOUND('',#3154,.T.);
#3154 = EDGE_LOOP('',(#3155,#3156,#3179,#3200));
#3155 = ORIENTED_EDGE('',*,*,#3131,.T.);
#3156 = ORIENTED_EDGE('',*,*,#3157,.T.);
#3157 = EDGE_CURVE('',#3108,#3158,#3160,.T.);
#3158 = VERTEX_POINT('',#3159);
#3159 = CARTESIAN_POINT('',(172.7,39.1,2.));
#3160 = SURFACE_CURVE('',#3161,(#3165,#3172),.PCURVE_S1.);
#3161 = LINE('',#3162,#3163);
#3162 = CARTESIAN_POINT('',(172.7,0.,2.));
#3163 = VECTOR('',#3164,1.);
#3164 = DIRECTION('',(0.,1.,0.));
#3165 = PCURVE('',#1251,#3166);
#3166 = DEFINITIONAL_REPRESENTATION('',(#3167),#3171);
#3167 = LINE('',#3168,#3169);
#3168 = CARTESIAN_POINT('',(39.1,-2.));
#3169 = VECTOR('',#3170,1.);
#3170 = DIRECTION('',(1.,0.));
#3171 = ( GEOMETRIC_REPRESENTATION_CONTEXT(2) 
PARAMETRIC_REPRESENTATION_CONTEXT() REPRESENTATION_CONTEXT('2D SPACE',''
  ) );
#3172 = PCURVE('',#2325,#3173);
#3173 = DEFINITIONAL_REPRESENTATION('',(#3174),#3178);
#3174 = LINE('',#3175,#3176);
#3175 = CARTESIAN_POINT('',(172.7,-7.452133509624E-16));
#3176 = VECTOR('',#3177,1.);
#3177 = DIRECTION('',(0.,1.));
#3178 = ( GEOMETRIC_REPRESENTATION_CONTEXT(2) 
PARAMETRIC_REPRESENTATION_CONTEXT() REPRESENTATION_CONTEXT('2D SPACE',''
  ) );
#3179 = ORIENTED_EDGE('',*,*,#3180,.F.);
#3180 = EDGE_CURVE('',#1207,#3158,#3181,.T.);
#3181 = SURFACE_CURVE('',#3182,(#3186,#3193),.PCURVE_S1.);
#3182 = LINE('',#3183,#3184);
#3183 = CARTESIAN_POINT('',(172.7,39.1,0.));
#3184 = VECTOR('',#3185,1.);
#3185 = DIRECTION('',(0.,0.,1.));
#3186 = PCURVE('',#1251,#3187);
#3187 = DEFINITIONAL_REPRESENTATION('',(#3188),#3192);
#3188 = LINE('',#3189,#3190);
#3189 = CARTESIAN_POINT('',(78.2,0.));
#3190 = VECTOR('',#3191,1.);
#3191 = DIRECTION('',(0.,-1.));
#3192 = ( GEOMETRIC_REPRESENTATION_CONTEXT(2) 
PARAMETRIC_REPRESENTATION_CONTEXT() REPRESENTATION_CONTEXT('2D SPACE',''
  ) );
#3193 = PCURVE('',#1223,#3194);
#3194 = DEFINITIONAL_REPRESENTATION('',(#3195),#3199);
#3195 = LINE('',#3196,#3197);
#3196 = CARTESIAN_POINT('',(-0.,0.));
#3197 = VECTOR('',#3198,1.);
#3198 = DIRECTION('',(-0.,-1.));
#3199 = ( GEOMETRIC_REPRESENTATION_CONTEXT(2) 
PARAMETRIC_REPRESENTATION_CONTEXT() REPRESENTATION_CONTEXT('2D SPACE',''
  ) );
#3200 = ORIENTED_EDGE('',*,*,#1235,.F.);
#3201 = ADVANCED_FACE('',(#3202),#1223,.F.);
#3202 = FACE_BOUND('',#3203,.T.);
#3203 = EDGE_LOOP('',(#3204,#3205,#3229,#3250));
#3204 = ORIENTED_EDGE('',*,*,#3180,.T.);
#3205 = ORIENTED_EDGE('',*,*,#3206,.T.);
#3206 = EDGE_CURVE('',#3158,#3207,#3209,.T.);
#3207 = VERTEX_POINT('',#3208);
#3208 = CARTESIAN_POINT('',(165.4,46.4,2.));
#3209 = SURFACE_CURVE('',#3210,(#3215,#3222),.PCURVE_S1.);
#3210 = CIRCLE('',#3211,7.3);
#3211 = AXIS2_PLACEMENT_3D('',#3212,#3213,#3214);
#3212 = CARTESIAN_POINT('',(165.4,39.1,2.));
#3213 = DIRECTION('',(0.,0.,1.));
#3214 = DIRECTION('',(1.,0.,0.));
#3215 = PCURVE('',#1223,#3216);
#3216 = DEFINITIONAL_REPRESENTATION('',(#3217),#3221);
#3217 = LINE('',#3218,#3219);
#3218 = CARTESIAN_POINT('',(-0.,-2.));
#3219 = VECTOR('',#3220,1.);
#3220 = DIRECTION('',(-1.,0.));
#3221 = ( GEOMETRIC_REPRESENTATION_CONTEXT(2) 
PARAMETRIC_REPRESENTATION_CONTEXT() REPRESENTATION_CONTEXT('2D SPACE',''
  ) );
#3222 = PCURVE('',#2325,#3223);
#3223 = DEFINITIONAL_REPRESENTATION('',(#3224),#3228);
#3224 = CIRCLE('',#3225,7.3);
#3225 = AXIS2_PLACEMENT_2D('',#3226,#3227);
#3226 = CARTESIAN_POINT('',(165.4,39.1));
#3227 = DIRECTION('',(1.,0.));
#3228 = ( GEOMETRIC_REPRESENTATION_CONTEXT(2) 
PARAMETRIC_REPRESENTATION_CONTEXT() REPRESENTATION_CONTEXT('2D SPACE',''
  ) );
#3229 = ORIENTED_EDGE('',*,*,#3230,.F.);
#3230 = EDGE_CURVE('',#1179,#3207,#3231,.T.);
#3231 = SURFACE_CURVE('',#3232,(#3236,#3243),.PCURVE_S1.);
#3232 = LINE('',#3233,#3234);
#3233 = CARTESIAN_POINT('',(165.4,46.4,0.));
#3234 = VECTOR('',#3235,1.);
#3235 = DIRECTION('',(0.,0.,1.));
#3236 = PCURVE('',#1223,#3237);
#3237 = DEFINITIONAL_REPRESENTATION('',(#3238),#3242);
#3238 = LINE('',#3239,#3240);
#3239 = CARTESIAN_POINT('',(-1.570796326795,0.));
#3240 = VECTOR('',#3241,1.);
#3241 = DIRECTION('',(-0.,-1.));
#3242 = ( GEOMETRIC_REPRESENTATION_CONTEXT(2) 
PARAMETRIC_REPRESENTATION_CONTEXT() REPRESENTATION_CONTEXT('2D SPACE',''
  ) );
#3243 = PCURVE('',#1194,#3244);
#3244 = DEFINITIONAL_REPRESENTATION('',(#3245),#3249);
#3245 = LINE('',#3246,#3247);
#3246 = CARTESIAN_POINT('',(51.4,0.));
#3247 = VECTOR('',#3248,1.);
#3248 = DIRECTION('',(0.,-1.));
#3249 = ( GEOMETRIC_REPRESENTATION_CONTEXT(2) 
PARAMETRIC_REPRESENTATION_CONTEXT() REPRESENTATION_CONTEXT('2D SPACE',''
  ) );
#3250 = ORIENTED_EDGE('',*,*,#1206,.F.);
#3251 = ADVANCED_FACE('',(#3252),#1194,.F.);
#3252 = FACE_BOUND('',#3253,.F.);
#3253 = EDGE_LOOP('',(#3254,#3277,#3298,#3299));
#3254 = ORIENTED_EDGE('',*,*,#3255,.T.);
#3255 = EDGE_CURVE('',#1151,#3256,#3258,.T.);
#3256 = VERTEX_POINT('',#3257);
#3257 = CARTESIAN_POINT('',(114.,46.4,2.));
#3258 = SURFACE_CURVE('',#3259,(#3263,#3270),.PCURVE_S1.);
#3259 = LINE('',#3260,#3261);
#3260 = CARTESIAN_POINT('',(114.,46.4,0.));
#3261 = VECTOR('',#3262,1.);
#3262 = DIRECTION('',(0.,0.,1.));
#3263 = PCURVE('',#1194,#3264);
#3264 = DEFINITIONAL_REPRESENTATION('',(#3265),#3269);
#3265 = LINE('',#3266,#3267);
#3266 = CARTESIAN_POINT('',(0.,0.));
#3267 = VECTOR('',#3268,1.);
#3268 = DIRECTION('',(0.,-1.));
#3269 = ( GEOMETRIC_REPRESENTATION_CONTEXT(2) 
PARAMETRIC_REPRESENTATION_CONTEXT() REPRESENTATION_CONTEXT('2D SPACE',''
  ) );
#3270 = PCURVE('',#1166,#3271);
#3271 = DEFINITIONAL_REPRESENTATION('',(#3272),#3276);
#3272 = LINE('',#3273,#3274);
#3273 = CARTESIAN_POINT('',(0.,0.));
#3274 = VECTOR('',#3275,1.);
#3275 = DIRECTION('',(0.,-1.));
#3276 = ( GEOMETRIC_REPRESENTATION_CONTEXT(2) 
PARAMETRIC_REPRESENTATION_CONTEXT() REPRESENTATION_CONTEXT('2D SPACE',''
  ) );
#3277 = ORIENTED_EDGE('',*,*,#3278,.T.);
#3278 = EDGE_CURVE('',#3256,#3207,#3279,.T.);
#3279 = SURFACE_CURVE('',#3280,(#3284,#3291),.PCURVE_S1.);
#3280 = LINE('',#3281,#3282);
#3281 = CARTESIAN_POINT('',(0.,46.4,2.));
#3282 = VECTOR('',#3283,1.);
#3283 = DIRECTION('',(1.,0.,0.));
#3284 = PCURVE('',#1194,#3285);
#3285 = DEFINITIONAL_REPRESENTATION('',(#3286),#3290);
#3286 = LINE('',#3287,#3288);
#3287 = CARTESIAN_POINT('',(-114.,-2.));
#3288 = VECTOR('',#3289,1.);
#3289 = DIRECTION('',(1.,0.));
#3290 = ( GEOMETRIC_REPRESENTATION_CONTEXT(2) 
PARAMETRIC_REPRESENTATION_CONTEXT() REPRESENTATION_CONTEXT('2D SPACE',''
  ) );
#3291 = PCURVE('',#2325,#3292);
#3292 = DEFINITIONAL_REPRESENTATION('',(#3293),#3297);
#3293 = LINE('',#3294,#3295);
#3294 = CARTESIAN_POINT('',(1.461202648946E-15,46.4));
#3295 = VECTOR('',#3296,1.);
#3296 = DIRECTION('',(1.,0.));
#3297 = ( GEOMETRIC_REPRESENTATION_CONTEXT(2) 
PARAMETRIC_REPRESENTATION_CONTEXT() REPRESENTATION_CONTEXT('2D SPACE',''
  ) );
#3298 = ORIENTED_EDGE('',*,*,#3230,.F.);
#3299 = ORIENTED_EDGE('',*,*,#1178,.F.);
#3300 = ADVANCED_FACE('',(#3301),#1166,.T.);
#3301 = FACE_BOUND('',#3302,.T.);
#3302 = EDGE_LOOP('',(#3303,#3304,#3327,#3348));
#3303 = ORIENTED_EDGE('',*,*,#3255,.T.);
#3304 = ORIENTED_EDGE('',*,*,#3305,.T.);
#3305 = EDGE_CURVE('',#3256,#3306,#3308,.T.);
#3306 = VERTEX_POINT('',#3307);
#3307 = CARTESIAN_POINT('',(114.,60.05,2.));
#3308 = SURFACE_CURVE('',#3309,(#3313,#3320),.PCURVE_S1.);
#3309 = LINE('',#3310,#3311);
#3310 = CARTESIAN_POINT('',(114.,0.,2.));
#3311 = VECTOR('',#3312,1.);
#3312 = DIRECTION('',(-0.,1.,0.));
#3313 = PCURVE('',#1166,#3314);
#3314 = DEFINITIONAL_REPRESENTATION('',(#3315),#3319);
#3315 = LINE('',#3316,#3317);
#3316 = CARTESIAN_POINT('',(-46.4,-2.));
#3317 = VECTOR('',#3318,1.);
#3318 = DIRECTION('',(1.,0.));
#3319 = ( GEOMETRIC_REPRESENTATION_CONTEXT(2) 
PARAMETRIC_REPRESENTATION_CONTEXT() REPRESENTATION_CONTEXT('2D SPACE',''
  ) );
#3320 = PCURVE('',#2325,#3321);
#3321 = DEFINITIONAL_REPRESENTATION('',(#3322),#3326);
#3322 = LINE('',#3323,#3324);
#3323 = CARTESIAN_POINT('',(114.,-7.452133509624E-16));
#3324 = VECTOR('',#3325,1.);
#3325 = DIRECTION('',(0.,1.));
#3326 = ( GEOMETRIC_REPRESENTATION_CONTEXT(2) 
PARAMETRIC_REPRESENTATION_CONTEXT() REPRESENTATION_CONTEXT('2D SPACE',''
  ) );
#3327 = ORIENTED_EDGE('',*,*,#3328,.F.);
#3328 = EDGE_CURVE('',#1123,#3306,#3329,.T.);
#3329 = SURFACE_CURVE('',#3330,(#3334,#3341),.PCURVE_S1.);
#3330 = LINE('',#3331,#3332);
#3331 = CARTESIAN_POINT('',(114.,60.05,0.));
#3332 = VECTOR('',#3333,1.);
#3333 = DIRECTION('',(0.,0.,1.));
#3334 = PCURVE('',#1166,#3335);
#3335 = DEFINITIONAL_REPRESENTATION('',(#3336),#3340);
#3336 = LINE('',#3337,#3338);
#3337 = CARTESIAN_POINT('',(13.65,0.));
#3338 = VECTOR('',#3339,1.);
#3339 = DIRECTION('',(0.,-1.));
#3340 = ( GEOMETRIC_REPRESENTATION_CONTEXT(2) 
PARAMETRIC_REPRESENTATION_CONTEXT() REPRESENTATION_CONTEXT('2D SPACE',''
  ) );
#3341 = PCURVE('',#1138,#3342);
#3342 = DEFINITIONAL_REPRESENTATION('',(#3343),#3347);
#3343 = LINE('',#3344,#3345);
#3344 = CARTESIAN_POINT('',(86.9,0.));
#3345 = VECTOR('',#3346,1.);
#3346 = DIRECTION('',(0.,-1.));
#3347 = ( GEOMETRIC_REPRESENTATION_CONTEXT(2) 
PARAMETRIC_REPRESENTATION_CONTEXT() REPRESENTATION_CONTEXT('2D SPACE',''
  ) );
#3348 = ORIENTED_EDGE('',*,*,#1150,.F.);
#3349 = ADVANCED_FACE('',(#3350),#1138,.F.);
#3350 = FACE_BOUND('',#3351,.F.);
#3351 = EDGE_LOOP('',(#3352,#3353,#3376,#3404,#3423,#3424,#3447,#3468));
#3352 = ORIENTED_EDGE('',*,*,#1122,.F.);
#3353 = ORIENTED_EDGE('',*,*,#3354,.T.);
#3354 = EDGE_CURVE('',#1095,#3355,#3357,.T.);
#3355 = VERTEX_POINT('',#3356);
#3356 = CARTESIAN_POINT('',(27.1,60.05,2.));
#3357 = SURFACE_CURVE('',#3358,(#3362,#3369),.PCURVE_S1.);
#3358 = LINE('',#3359,#3360);
#3359 = CARTESIAN_POINT('',(27.1,60.05,0.));
#3360 = VECTOR('',#3361,1.);
#3361 = DIRECTION('',(0.,0.,1.));
#3362 = PCURVE('',#1138,#3363);
#3363 = DEFINITIONAL_REPRESENTATION('',(#3364),#3368);
#3364 = LINE('',#3365,#3366);
#3365 = CARTESIAN_POINT('',(0.,0.));
#3366 = VECTOR('',#3367,1.);
#3367 = DIRECTION('',(0.,-1.));
#3368 = ( GEOMETRIC_REPRESENTATION_CONTEXT(2) 
PARAMETRIC_REPRESENTATION_CONTEXT() REPRESENTATION_CONTEXT('2D SPACE',''
  ) );
#3369 = PCURVE('',#1110,#3370);
#3370 = DEFINITIONAL_REPRESENTATION('',(#3371),#3375);
#3371 = LINE('',#3372,#3373);
#3372 = CARTESIAN_POINT('',(13.65,0.));
#3373 = VECTOR('',#3374,1.);
#3374 = DIRECTION('',(0.,-1.));
#3375 = ( GEOMETRIC_REPRESENTATION_CONTEXT(2) 
PARAMETRIC_REPRESENTATION_CONTEXT() REPRESENTATION_CONTEXT('2D SPACE',''
  ) );
#3376 = ORIENTED_EDGE('',*,*,#3377,.F.);
#3377 = EDGE_CURVE('',#3378,#3355,#3380,.T.);
#3378 = VERTEX_POINT('',#3379);
#3379 = CARTESIAN_POINT('',(0.,60.05,2.));
#3380 = SURFACE_CURVE('',#3381,(#3385,#3392),.PCURVE_S1.);
#3381 = LINE('',#3382,#3383);
#3382 = CARTESIAN_POINT('',(0.,60.05,2.));
#3383 = VECTOR('',#3384,1.);
#3384 = DIRECTION('',(1.,0.,0.));
#3385 = PCURVE('',#1138,#3386);
#3386 = DEFINITIONAL_REPRESENTATION('',(#3387),#3391);
#3387 = LINE('',#3388,#3389);
#3388 = CARTESIAN_POINT('',(-27.1,-2.));
#3389 = VECTOR('',#3390,1.);
#3390 = DIRECTION('',(1.,0.));
#3391 = ( GEOMETRIC_REPRESENTATION_CONTEXT(2) 
PARAMETRIC_REPRESENTATION_CONTEXT() REPRESENTATION_CONTEXT('2D SPACE',''
  ) );
#3392 = PCURVE('',#3393,#3398);
#3393 = PLANE('',#3394);
#3394 = AXIS2_PLACEMENT_3D('',#3395,#3396,#3397);
#3395 = CARTESIAN_POINT('',(-1.461202648946E-15,7.452133509624E-16,2.));
#3396 = DIRECTION('',(0.,0.,1.));
#3397 = DIRECTION('',(1.,0.,0.));
#3398 = DEFINITIONAL_REPRESENTATION('',(#3399),#3403);
#3399 = LINE('',#3400,#3401);
#3400 = CARTESIAN_POINT('',(1.461202648946E-15,60.05));
#3401 = VECTOR('',#3402,1.);
#3402 = DIRECTION('',(1.,0.));
#3403 = ( GEOMETRIC_REPRESENTATION_CONTEXT(2) 
PARAMETRIC_REPRESENTATION_CONTEXT() REPRESENTATION_CONTEXT('2D SPACE',''
  ) );
#3404 = ORIENTED_EDGE('',*,*,#3405,.F.);
#3405 = EDGE_CURVE('',#2051,#3378,#3406,.T.);
#3406 = SURFACE_CURVE('',#3407,(#3411,#3417),.PCURVE_S1.);
#3407 = LINE('',#3408,#3409);
#3408 = CARTESIAN_POINT('',(0.,60.05,-189.55));
#3409 = VECTOR('',#3410,1.);
#3410 = DIRECTION('',(-0.,0.,-1.));
#3411 = PCURVE('',#1138,#3412);
#3412 = DEFINITIONAL_REPRESENTATION('',(#3413),#3416);
#3413 = B_SPLINE_CURVE_WITH_KNOTS('',1,(#3414,#3415),.UNSPECIFIED.,.F.,
  .F.,(2,2),(-211.6,-189.55),.PIECEWISE_BEZIER_KNOTS.);
#3414 = CARTESIAN_POINT('',(-27.1,-22.05));
#3415 = CARTESIAN_POINT('',(-27.1,0.));
#3416 = ( GEOMETRIC_REPRESENTATION_CONTEXT(2) 
PARAMETRIC_REPRESENTATION_CONTEXT() REPRESENTATION_CONTEXT('2D SPACE',''
  ) );
#3417 = PCURVE('',#1055,#3418);
#3418 = DEFINITIONAL_REPRESENTATION('',(#3419),#3422);
#3419 = B_SPLINE_CURVE_WITH_KNOTS('',1,(#3420,#3421),.UNSPECIFIED.,.F.,
  .F.,(2,2),(-211.6,-189.55),.PIECEWISE_BEZIER_KNOTS.);
#3420 = CARTESIAN_POINT('',(401.15,-439.15));
#3421 = CARTESIAN_POINT('',(379.1,-439.15));
#3422 = ( GEOMETRIC_REPRESENTATION_CONTEXT(2) 
PARAMETRIC_REPRESENTATION_CONTEXT() REPRESENTATION_CONTEXT('2D SPACE',''
  ) );
#3423 = ORIENTED_EDGE('',*,*,#2050,.T.);
#3424 = ORIENTED_EDGE('',*,*,#3425,.F.);
#3425 = EDGE_CURVE('',#3426,#2022,#3428,.T.);
#3426 = VERTEX_POINT('',#3427);
#3427 = CARTESIAN_POINT('',(179.05,60.05,2.));
#3428 = SURFACE_CURVE('',#3429,(#3433,#3440),.PCURVE_S1.);
#3429 = LINE('',#3430,#3431);
#3430 = CARTESIAN_POINT('',(179.05,60.05,2.));
#3431 = VECTOR('',#3432,1.);
#3432 = DIRECTION('',(0.,0.,1.));
#3433 = PCURVE('',#1138,#3434);
#3434 = DEFINITIONAL_REPRESENTATION('',(#3435),#3439);
#3435 = LINE('',#3436,#3437);
#3436 = CARTESIAN_POINT('',(151.95,-2.));
#3437 = VECTOR('',#3438,1.);
#3438 = DIRECTION('',(0.,-1.));
#3439 = ( GEOMETRIC_REPRESENTATION_CONTEXT(2) 
PARAMETRIC_REPRESENTATION_CONTEXT() REPRESENTATION_CONTEXT('2D SPACE',''
  ) );
#3440 = PCURVE('',#2038,#3441);
#3441 = DEFINITIONAL_REPRESENTATION('',(#3442),#3446);
#3442 = LINE('',#3443,#3444);
#3443 = CARTESIAN_POINT('',(-1.570796326795,0.));
#3444 = VECTOR('',#3445,1.);
#3445 = DIRECTION('',(-0.,-1.));
#3446 = ( GEOMETRIC_REPRESENTATION_CONTEXT(2) 
PARAMETRIC_REPRESENTATION_CONTEXT() REPRESENTATION_CONTEXT('2D SPACE',''
  ) );
#3447 = ORIENTED_EDGE('',*,*,#3448,.F.);
#3448 = EDGE_CURVE('',#3306,#3426,#3449,.T.);
#3449 = SURFACE_CURVE('',#3450,(#3454,#3461),.PCURVE_S1.);
#3450 = LINE('',#3451,#3452);
#3451 = CARTESIAN_POINT('',(0.,60.05,2.));
#3452 = VECTOR('',#3453,1.);
#3453 = DIRECTION('',(1.,0.,0.));
#3454 = PCURVE('',#1138,#3455);
#3455 = DEFINITIONAL_REPRESENTATION('',(#3456),#3460);
#3456 = LINE('',#3457,#3458);
#3457 = CARTESIAN_POINT('',(-27.1,-2.));
#3458 = VECTOR('',#3459,1.);
#3459 = DIRECTION('',(1.,0.));
#3460 = ( GEOMETRIC_REPRESENTATION_CONTEXT(2) 
PARAMETRIC_REPRESENTATION_CONTEXT() REPRESENTATION_CONTEXT('2D SPACE',''
  ) );
#3461 = PCURVE('',#2325,#3462);
#3462 = DEFINITIONAL_REPRESENTATION('',(#3463),#3467);
#3463 = LINE('',#3464,#3465);
#3464 = CARTESIAN_POINT('',(1.461202648946E-15,60.05));
#3465 = VECTOR('',#3466,1.);
#3466 = DIRECTION('',(1.,0.));
#3467 = ( GEOMETRIC_REPRESENTATION_CONTEXT(2) 
PARAMETRIC_REPRESENTATION_CONTEXT() REPRESENTATION_CONTEXT('2D SPACE',''
  ) );
#3468 = ORIENTED_EDGE('',*,*,#3328,.F.);
#3469 = ADVANCED_FACE('',(#3470),#1110,.F.);
#3470 = FACE_BOUND('',#3471,.F.);
#3471 = EDGE_LOOP('',(#3472,#3495,#3516,#3517));
#3472 = ORIENTED_EDGE('',*,*,#3473,.T.);
#3473 = EDGE_CURVE('',#1067,#3474,#3476,.T.);
#3474 = VERTEX_POINT('',#3475);
#3475 = CARTESIAN_POINT('',(27.1,46.4,2.));
#3476 = SURFACE_CURVE('',#3477,(#3481,#3488),.PCURVE_S1.);
#3477 = LINE('',#3478,#3479);
#3478 = CARTESIAN_POINT('',(27.1,46.4,0.));
#3479 = VECTOR('',#3480,1.);
#3480 = DIRECTION('',(0.,0.,1.));
#3481 = PCURVE('',#1110,#3482);
#3482 = DEFINITIONAL_REPRESENTATION('',(#3483),#3487);
#3483 = LINE('',#3484,#3485);
#3484 = CARTESIAN_POINT('',(0.,0.));
#3485 = VECTOR('',#3486,1.);
#3486 = DIRECTION('',(0.,-1.));
#3487 = ( GEOMETRIC_REPRESENTATION_CONTEXT(2) 
PARAMETRIC_REPRESENTATION_CONTEXT() REPRESENTATION_CONTEXT('2D SPACE',''
  ) );
#3488 = PCURVE('',#1082,#3489);
#3489 = DEFINITIONAL_REPRESENTATION('',(#3490),#3494);
#3490 = LINE('',#3491,#3492);
#3491 = CARTESIAN_POINT('',(192.5,0.));
#3492 = VECTOR('',#3493,1.);
#3493 = DIRECTION('',(0.,-1.));
#3494 = ( GEOMETRIC_REPRESENTATION_CONTEXT(2) 
PARAMETRIC_REPRESENTATION_CONTEXT() REPRESENTATION_CONTEXT('2D SPACE',''
  ) );
#3495 = ORIENTED_EDGE('',*,*,#3496,.T.);
#3496 = EDGE_CURVE('',#3474,#3355,#3497,.T.);
#3497 = SURFACE_CURVE('',#3498,(#3502,#3509),.PCURVE_S1.);
#3498 = LINE('',#3499,#3500);
#3499 = CARTESIAN_POINT('',(27.1,0.,2.));
#3500 = VECTOR('',#3501,1.);
#3501 = DIRECTION('',(-0.,1.,0.));
#3502 = PCURVE('',#1110,#3503);
#3503 = DEFINITIONAL_REPRESENTATION('',(#3504),#3508);
#3504 = LINE('',#3505,#3506);
#3505 = CARTESIAN_POINT('',(-46.4,-2.));
#3506 = VECTOR('',#3507,1.);
#3507 = DIRECTION('',(1.,0.));
#3508 = ( GEOMETRIC_REPRESENTATION_CONTEXT(2) 
PARAMETRIC_REPRESENTATION_CONTEXT() REPRESENTATION_CONTEXT('2D SPACE',''
  ) );
#3509 = PCURVE('',#3393,#3510);
#3510 = DEFINITIONAL_REPRESENTATION('',(#3511),#3515);
#3511 = LINE('',#3512,#3513);
#3512 = CARTESIAN_POINT('',(27.1,-7.452133509624E-16));
#3513 = VECTOR('',#3514,1.);
#3514 = DIRECTION('',(0.,1.));
#3515 = ( GEOMETRIC_REPRESENTATION_CONTEXT(2) 
PARAMETRIC_REPRESENTATION_CONTEXT() REPRESENTATION_CONTEXT('2D SPACE',''
  ) );
#3516 = ORIENTED_EDGE('',*,*,#3354,.F.);
#3517 = ORIENTED_EDGE('',*,*,#1094,.F.);
#3518 = ADVANCED_FACE('',(#3519),#1082,.F.);
#3519 = FACE_BOUND('',#3520,.F.);
#3520 = EDGE_LOOP('',(#3521,#3522,#3543,#3564));
#3521 = ORIENTED_EDGE('',*,*,#1066,.F.);
#3522 = ORIENTED_EDGE('',*,*,#3523,.F.);
#3523 = EDGE_CURVE('',#3524,#1041,#3526,.T.);
#3524 = VERTEX_POINT('',#3525);
#3525 = CARTESIAN_POINT('',(0.,46.4,2.));
#3526 = SURFACE_CURVE('',#3527,(#3531,#3537),.PCURVE_S1.);
#3527 = LINE('',#3528,#3529);
#3528 = CARTESIAN_POINT('',(0.,46.4,-189.55));
#3529 = VECTOR('',#3530,1.);
#3530 = DIRECTION('',(-0.,0.,-1.));
#3531 = PCURVE('',#1082,#3532);
#3532 = DEFINITIONAL_REPRESENTATION('',(#3533),#3536);
#3533 = B_SPLINE_CURVE_WITH_KNOTS('',1,(#3534,#3535),.UNSPECIFIED.,.F.,
  .F.,(2,2),(-191.55,-189.55),.PIECEWISE_BEZIER_KNOTS.);
#3534 = CARTESIAN_POINT('',(165.4,-2.));
#3535 = CARTESIAN_POINT('',(165.4,0.));
#3536 = ( GEOMETRIC_REPRESENTATION_CONTEXT(2) 
PARAMETRIC_REPRESENTATION_CONTEXT() REPRESENTATION_CONTEXT('2D SPACE',''
  ) );
#3537 = PCURVE('',#1055,#3538);
#3538 = DEFINITIONAL_REPRESENTATION('',(#3539),#3542);
#3539 = B_SPLINE_CURVE_WITH_KNOTS('',1,(#3540,#3541),.UNSPECIFIED.,.F.,
  .F.,(2,2),(-191.55,-189.55),.PIECEWISE_BEZIER_KNOTS.);
#3540 = CARTESIAN_POINT('',(381.1,-425.5));
#3541 = CARTESIAN_POINT('',(379.1,-425.5));
#3542 = ( GEOMETRIC_REPRESENTATION_CONTEXT(2) 
PARAMETRIC_REPRESENTATION_CONTEXT() REPRESENTATION_CONTEXT('2D SPACE',''
  ) );
#3543 = ORIENTED_EDGE('',*,*,#3544,.T.);
#3544 = EDGE_CURVE('',#3524,#3474,#3545,.T.);
#3545 = SURFACE_CURVE('',#3546,(#3550,#3557),.PCURVE_S1.);
#3546 = LINE('',#3547,#3548);
#3547 = CARTESIAN_POINT('',(0.,46.4,2.));
#3548 = VECTOR('',#3549,1.);
#3549 = DIRECTION('',(1.,0.,0.));
#3550 = PCURVE('',#1082,#3551);
#3551 = DEFINITIONAL_REPRESENTATION('',(#3552),#3556);
#3552 = LINE('',#3553,#3554);
#3553 = CARTESIAN_POINT('',(165.4,-2.));
#3554 = VECTOR('',#3555,1.);
#3555 = DIRECTION('',(1.,0.));
#3556 = ( GEOMETRIC_REPRESENTATION_CONTEXT(2) 
PARAMETRIC_REPRESENTATION_CONTEXT() REPRESENTATION_CONTEXT('2D SPACE',''
  ) );
#3557 = PCURVE('',#3393,#3558);
#3558 = DEFINITIONAL_REPRESENTATION('',(#3559),#3563);
#3559 = LINE('',#3560,#3561);
#3560 = CARTESIAN_POINT('',(1.461202648946E-15,46.4));
#3561 = VECTOR('',#3562,1.);
#3562 = DIRECTION('',(1.,0.));
#3563 = ( GEOMETRIC_REPRESENTATION_CONTEXT(2) 
PARAMETRIC_REPRESENTATION_CONTEXT() REPRESENTATION_CONTEXT('2D SPACE',''
  ) );
#3564 = ORIENTED_EDGE('',*,*,#3473,.F.);
#3565 = ADVANCED_FACE('',(#3566,#3683),#1055,.F.);
#3566 = FACE_BOUND('',#3567,.F.);
#3567 = EDGE_LOOP('',(#3568,#3569,#3570,#3594,#3620,#3642,#3643,#3662,
    #3663,#3664));
#3568 = ORIENTED_EDGE('',*,*,#3523,.T.);
#3569 = ORIENTED_EDGE('',*,*,#1040,.T.);
#3570 = ORIENTED_EDGE('',*,*,#3571,.T.);
#3571 = EDGE_CURVE('',#1013,#3572,#3574,.T.);
#3572 = VERTEX_POINT('',#3573);
#3573 = CARTESIAN_POINT('',(0.,63.25,1.5));
#3574 = SURFACE_CURVE('',#3575,(#3580,#3587),.PCURVE_S1.);
#3575 = CIRCLE('',#3576,1.5);
#3576 = AXIS2_PLACEMENT_3D('',#3577,#3578,#3579);
#3577 = CARTESIAN_POINT('',(0.,61.75,1.5));
#3578 = DIRECTION('',(1.,0.,0.));
#3579 = DIRECTION('',(-0.,1.,0.));
#3580 = PCURVE('',#1055,#3581);
#3581 = DEFINITIONAL_REPRESENTATION('',(#3582),#3586);
#3582 = CIRCLE('',#3583,1.5);
#3583 = AXIS2_PLACEMENT_2D('',#3584,#3585);
#3584 = CARTESIAN_POINT('',(380.6,-440.85));
#3585 = DIRECTION('',(0.,-1.));
#3586 = ( GEOMETRIC_REPRESENTATION_CONTEXT(2) 
PARAMETRIC_REPRESENTATION_CONTEXT() REPRESENTATION_CONTEXT('2D SPACE',''
  ) );
#3587 = PCURVE('',#1028,#3588);
#3588 = DEFINITIONAL_REPRESENTATION('',(#3589),#3593);
#3589 = LINE('',#3590,#3591);
#3590 = CARTESIAN_POINT('',(-6.28318530718,179.05));
#3591 = VECTOR('',#3592,1.);
#3592 = DIRECTION('',(1.,-0.));
#3593 = ( GEOMETRIC_REPRESENTATION_CONTEXT(2) 
PARAMETRIC_REPRESENTATION_CONTEXT() REPRESENTATION_CONTEXT('2D SPACE',''
  ) );
#3594 = ORIENTED_EDGE('',*,*,#3595,.F.);
#3595 = EDGE_CURVE('',#3596,#3572,#3598,.T.);
#3596 = VERTEX_POINT('',#3597);
#3597 = CARTESIAN_POINT('',(0.,63.25,22.55));
#3598 = SURFACE_CURVE('',#3599,(#3603,#3609),.PCURVE_S1.);
#3599 = LINE('',#3600,#3601);
#3600 = CARTESIAN_POINT('',(0.,63.25,-189.55));
#3601 = VECTOR('',#3602,1.);
#3602 = DIRECTION('',(-0.,0.,-1.));
#3603 = PCURVE('',#1055,#3604);
#3604 = DEFINITIONAL_REPRESENTATION('',(#3605),#3608);
#3605 = B_SPLINE_CURVE_WITH_KNOTS('',1,(#3606,#3607),.UNSPECIFIED.,.F.,
  .F.,(2,2),(-212.1,-191.05),.PIECEWISE_BEZIER_KNOTS.);
#3606 = CARTESIAN_POINT('',(401.65,-442.35));
#3607 = CARTESIAN_POINT('',(380.6,-442.35));
#3608 = ( GEOMETRIC_REPRESENTATION_CONTEXT(2) 
PARAMETRIC_REPRESENTATION_CONTEXT() REPRESENTATION_CONTEXT('2D SPACE',''
  ) );
#3609 = PCURVE('',#3610,#3615);
#3610 = PLANE('',#3611);
#3611 = AXIS2_PLACEMENT_3D('',#3612,#3613,#3614);
#3612 = CARTESIAN_POINT('',(-179.05,63.25,0.));
#3613 = DIRECTION('',(0.,1.,0.));
#3614 = DIRECTION('',(1.,0.,0.));
#3615 = DEFINITIONAL_REPRESENTATION('',(#3616),#3619);
#3616 = B_SPLINE_CURVE_WITH_KNOTS('',1,(#3617,#3618),.UNSPECIFIED.,.F.,
  .F.,(2,2),(-212.1,-191.05),.PIECEWISE_BEZIER_KNOTS.);
#3617 = CARTESIAN_POINT('',(179.05,-22.55));
#3618 = CARTESIAN_POINT('',(179.05,-1.5));
#3619 = ( GEOMETRIC_REPRESENTATION_CONTEXT(2) 
PARAMETRIC_REPRESENTATION_CONTEXT() REPRESENTATION_CONTEXT('2D SPACE',''
  ) );
#3620 = ORIENTED_EDGE('',*,*,#3621,.T.);
#3621 = EDGE_CURVE('',#3596,#1705,#3622,.T.);
#3622 = SURFACE_CURVE('',#3623,(#3628,#3635),.PCURVE_S1.);
#3623 = CIRCLE('',#3624,1.5);
#3624 = AXIS2_PLACEMENT_3D('',#3625,#3626,#3627);
#3625 = CARTESIAN_POINT('',(0.,61.75,22.55));
#3626 = DIRECTION('',(1.,0.,0.));
#3627 = DIRECTION('',(-0.,1.,0.));
#3628 = PCURVE('',#1055,#3629);
#3629 = DEFINITIONAL_REPRESENTATION('',(#3630),#3634);
#3630 = CIRCLE('',#3631,1.5);
#3631 = AXIS2_PLACEMENT_2D('',#3632,#3633);
#3632 = CARTESIAN_POINT('',(401.65,-440.85));
#3633 = DIRECTION('',(0.,-1.));
#3634 = ( GEOMETRIC_REPRESENTATION_CONTEXT(2) 
PARAMETRIC_REPRESENTATION_CONTEXT() REPRESENTATION_CONTEXT('2D SPACE',''
  ) );
#3635 = PCURVE('',#1720,#3636);
#3636 = DEFINITIONAL_REPRESENTATION('',(#3637),#3641);
#3637 = LINE('',#3638,#3639);
#3638 = CARTESIAN_POINT('',(0.,179.05));
#3639 = VECTOR('',#3640,1.);
#3640 = DIRECTION('',(1.,0.));
#3641 = ( GEOMETRIC_REPRESENTATION_CONTEXT(2) 
PARAMETRIC_REPRESENTATION_CONTEXT() REPRESENTATION_CONTEXT('2D SPACE',''
  ) );
#3642 = ORIENTED_EDGE('',*,*,#1732,.F.);
#3643 = ORIENTED_EDGE('',*,*,#3644,.T.);
#3644 = EDGE_CURVE('',#1733,#2074,#3645,.T.);
#3645 = SURFACE_CURVE('',#3646,(#3650,#3656),.PCURVE_S1.);
#3646 = LINE('',#3647,#3648);
#3647 = CARTESIAN_POINT('',(0.,57.05,-178.525));
#3648 = VECTOR('',#3649,1.);
#3649 = DIRECTION('',(-0.,0.,-1.));
#3650 = PCURVE('',#1055,#3651);
#3651 = DEFINITIONAL_REPRESENTATION('',(#3652),#3655);
#3652 = B_SPLINE_CURVE_WITH_KNOTS('',1,(#3653,#3654),.UNSPECIFIED.,.F.,
  .F.,(2,2),(-202.575,-200.575),.PIECEWISE_BEZIER_KNOTS.);
#3653 = CARTESIAN_POINT('',(403.15,-436.15));
#3654 = CARTESIAN_POINT('',(401.15,-436.15));
#3655 = ( GEOMETRIC_REPRESENTATION_CONTEXT(2) 
PARAMETRIC_REPRESENTATION_CONTEXT() REPRESENTATION_CONTEXT('2D SPACE',''
  ) );
#3656 = PCURVE('',#1769,#3657);
#3657 = DEFINITIONAL_REPRESENTATION('',(#3658),#3661);
#3658 = B_SPLINE_CURVE_WITH_KNOTS('',1,(#3659,#3660),.UNSPECIFIED.,.F.,
  .F.,(2,2),(-202.575,-200.575),.PIECEWISE_BEZIER_KNOTS.);
#3659 = CARTESIAN_POINT('',(179.05,-2.));
#3660 = CARTESIAN_POINT('',(179.05,0.));
#3661 = ( GEOMETRIC_REPRESENTATION_CONTEXT(2) 
PARAMETRIC_REPRESENTATION_CONTEXT() REPRESENTATION_CONTEXT('2D SPACE',''
  ) );
#3662 = ORIENTED_EDGE('',*,*,#2073,.T.);
#3663 = ORIENTED_EDGE('',*,*,#3405,.T.);
#3664 = ORIENTED_EDGE('',*,*,#3665,.F.);
#3665 = EDGE_CURVE('',#3524,#3378,#3666,.T.);
#3666 = SURFACE_CURVE('',#3667,(#3671,#3677),.PCURVE_S1.);
#3667 = LINE('',#3668,#3669);
#3668 = CARTESIAN_POINT('',(0.,-189.55,2.));
#3669 = VECTOR('',#3670,1.);
#3670 = DIRECTION('',(-0.,1.,0.));
#3671 = PCURVE('',#1055,#3672);
#3672 = DEFINITIONAL_REPRESENTATION('',(#3673),#3676);
#3673 = B_SPLINE_CURVE_WITH_KNOTS('',1,(#3674,#3675),.UNSPECIFIED.,.F.,
  .F.,(2,2),(129.5,249.6),.PIECEWISE_BEZIER_KNOTS.);
#3674 = CARTESIAN_POINT('',(381.1,-319.05));
#3675 = CARTESIAN_POINT('',(381.1,-439.15));
#3676 = ( GEOMETRIC_REPRESENTATION_CONTEXT(2) 
PARAMETRIC_REPRESENTATION_CONTEXT() REPRESENTATION_CONTEXT('2D SPACE',''
  ) );
#3677 = PCURVE('',#3393,#3678);
#3678 = DEFINITIONAL_REPRESENTATION('',(#3679),#3682);
#3679 = B_SPLINE_CURVE_WITH_KNOTS('',1,(#3680,#3681),.UNSPECIFIED.,.F.,
  .F.,(2,2),(129.5,249.6),.PIECEWISE_BEZIER_KNOTS.);
#3680 = CARTESIAN_POINT('',(1.461202648946E-15,-60.05));
#3681 = CARTESIAN_POINT('',(1.461202648946E-15,60.05));
#3682 = ( GEOMETRIC_REPRESENTATION_CONTEXT(2) 
PARAMETRIC_REPRESENTATION_CONTEXT() REPRESENTATION_CONTEXT('2D SPACE',''
  ) );
#3683 = FACE_BOUND('',#3684,.F.);
#3684 = EDGE_LOOP('',(#3685,#3715,#3743,#3776,#3804,#3837,#3865,#3893,
    #3921,#3950,#3978,#4007));
#3685 = ORIENTED_EDGE('',*,*,#3686,.F.);
#3686 = EDGE_CURVE('',#3687,#3689,#3691,.T.);
#3687 = VERTEX_POINT('',#3688);
#3688 = CARTESIAN_POINT('',(0.,47.3,1.1));
#3689 = VERTEX_POINT('',#3690);
#3690 = CARTESIAN_POINT('',(0.,47.3,0.9));
#3691 = SURFACE_CURVE('',#3692,(#3696,#3703),.PCURVE_S1.);
#3692 = LINE('',#3693,#3694);
#3693 = CARTESIAN_POINT('',(0.,47.3,0.));
#3694 = VECTOR('',#3695,1.);
#3695 = DIRECTION('',(-0.,0.,-1.));
#3696 = PCURVE('',#1055,#3697);
#3697 = DEFINITIONAL_REPRESENTATION('',(#3698),#3702);
#3698 = LINE('',#3699,#3700);
#3699 = CARTESIAN_POINT('',(379.1,-426.4));
#3700 = VECTOR('',#3701,1.);
#3701 = DIRECTION('',(-1.,-0.));
#3702 = ( GEOMETRIC_REPRESENTATION_CONTEXT(2) 
PARAMETRIC_REPRESENTATION_CONTEXT() REPRESENTATION_CONTEXT('2D SPACE',''
  ) );
#3703 = PCURVE('',#3704,#3709);
#3704 = PLANE('',#3705);
#3705 = AXIS2_PLACEMENT_3D('',#3706,#3707,#3708);
#3706 = CARTESIAN_POINT('',(0.,47.3,1.1));
#3707 = DIRECTION('',(-0.,1.,0.));
#3708 = DIRECTION('',(0.,0.,-1.));
#3709 = DEFINITIONAL_REPRESENTATION('',(#3710),#3714);
#3710 = LINE('',#3711,#3712);
#3711 = CARTESIAN_POINT('',(1.1,0.));
#3712 = VECTOR('',#3713,1.);
#3713 = DIRECTION('',(1.,0.));
#3714 = ( GEOMETRIC_REPRESENTATION_CONTEXT(2) 
PARAMETRIC_REPRESENTATION_CONTEXT() REPRESENTATION_CONTEXT('2D SPACE',''
  ) );
#3715 = ORIENTED_EDGE('',*,*,#3716,.T.);
#3716 = EDGE_CURVE('',#3687,#3717,#3719,.T.);
#3717 = VERTEX_POINT('',#3718);
#3718 = CARTESIAN_POINT('',(0.,60.05,1.1));
#3719 = SURFACE_CURVE('',#3720,(#3724,#3731),.PCURVE_S1.);
#3720 = LINE('',#3721,#3722);
#3721 = CARTESIAN_POINT('',(0.,3.726066754812E-16,1.1));
#3722 = VECTOR('',#3723,1.);
#3723 = DIRECTION('',(0.,1.,0.));
#3724 = PCURVE('',#1055,#3725);
#3725 = DEFINITIONAL_REPRESENTATION('',(#3726),#3730);
#3726 = LINE('',#3727,#3728);
#3727 = CARTESIAN_POINT('',(380.2,-379.1));
#3728 = VECTOR('',#3729,1.);
#3729 = DIRECTION('',(0.,-1.));
#3730 = ( GEOMETRIC_REPRESENTATION_CONTEXT(2) 
PARAMETRIC_REPRESENTATION_CONTEXT() REPRESENTATION_CONTEXT('2D SPACE',''
  ) );
#3731 = PCURVE('',#3732,#3737);
#3732 = PLANE('',#3733);
#3733 = AXIS2_PLACEMENT_3D('',#3734,#3735,#3736);
#3734 = CARTESIAN_POINT('',(0.,47.3,1.1));
#3735 = DIRECTION('',(0.,0.,1.));
#3736 = DIRECTION('',(0.,1.,0.));
#3737 = DEFINITIONAL_REPRESENTATION('',(#3738),#3742);
#3738 = LINE('',#3739,#3740);
#3739 = CARTESIAN_POINT('',(-47.3,0.));
#3740 = VECTOR('',#3741,1.);
#3741 = DIRECTION('',(1.,0.));
#3742 = ( GEOMETRIC_REPRESENTATION_CONTEXT(2) 
PARAMETRIC_REPRESENTATION_CONTEXT() REPRESENTATION_CONTEXT('2D SPACE',''
  ) );
#3743 = ORIENTED_EDGE('',*,*,#3744,.F.);
#3744 = EDGE_CURVE('',#3745,#3717,#3747,.T.);
#3745 = VERTEX_POINT('',#3746);
#3746 = CARTESIAN_POINT('',(0.,60.95,2.));
#3747 = SURFACE_CURVE('',#3748,(#3753,#3764),.PCURVE_S1.);
#3748 = CIRCLE('',#3749,0.9);
#3749 = AXIS2_PLACEMENT_3D('',#3750,#3751,#3752);
#3750 = CARTESIAN_POINT('',(0.,60.05,2.));
#3751 = DIRECTION('',(-1.,0.,0.));
#3752 = DIRECTION('',(0.,0.,1.));
#3753 = PCURVE('',#1055,#3754);
#3754 = DEFINITIONAL_REPRESENTATION('',(#3755),#3763);
#3755 = ( BOUNDED_CURVE() B_SPLINE_CURVE(2,(#3756,#3757,#3758,#3759,
#3760,#3761,#3762),.UNSPECIFIED.,.T.,.F.) B_SPLINE_CURVE_WITH_KNOTS((1,2
    ,2,2,2,1),(-2.094395102393,0.,2.094395102393,4.188790204786,
6.28318530718,8.377580409573),.UNSPECIFIED.) CURVE() 
GEOMETRIC_REPRESENTATION_ITEM() RATIONAL_B_SPLINE_CURVE((1.,0.5,1.,0.5,
1.,0.5,1.)) REPRESENTATION_ITEM('') );
#3756 = CARTESIAN_POINT('',(382.,-439.15));
#3757 = CARTESIAN_POINT('',(382.,-440.7088457268));
#3758 = CARTESIAN_POINT('',(380.65,-439.9294228634));
#3759 = CARTESIAN_POINT('',(379.3,-439.15));
#3760 = CARTESIAN_POINT('',(380.65,-438.3705771365));
#3761 = CARTESIAN_POINT('',(382.,-437.5911542731));
#3762 = CARTESIAN_POINT('',(382.,-439.15));
#3763 = ( GEOMETRIC_REPRESENTATION_CONTEXT(2) 
PARAMETRIC_REPRESENTATION_CONTEXT() REPRESENTATION_CONTEXT('2D SPACE',''
  ) );
#3764 = PCURVE('',#3765,#3770);
#3765 = CYLINDRICAL_SURFACE('',#3766,0.9);
#3766 = AXIS2_PLACEMENT_3D('',#3767,#3768,#3769);
#3767 = CARTESIAN_POINT('',(0.,60.05,2.));
#3768 = DIRECTION('',(-1.,0.,0.));
#3769 = DIRECTION('',(0.,0.,1.));
#3770 = DEFINITIONAL_REPRESENTATION('',(#3771),#3775);
#3771 = LINE('',#3772,#3773);
#3772 = CARTESIAN_POINT('',(0.,0.));
#3773 = VECTOR('',#3774,1.);
#3774 = DIRECTION('',(1.,0.));
#3775 = ( GEOMETRIC_REPRESENTATION_CONTEXT(2) 
PARAMETRIC_REPRESENTATION_CONTEXT() REPRESENTATION_CONTEXT('2D SPACE',''
  ) );
#3776 = ORIENTED_EDGE('',*,*,#3777,.F.);
#3777 = EDGE_CURVE('',#3778,#3745,#3780,.T.);
#3778 = VERTEX_POINT('',#3779);
#3779 = CARTESIAN_POINT('',(0.,60.95,22.05));
#3780 = SURFACE_CURVE('',#3781,(#3785,#3792),.PCURVE_S1.);
#3781 = LINE('',#3782,#3783);
#3782 = CARTESIAN_POINT('',(0.,60.95,0.));
#3783 = VECTOR('',#3784,1.);
#3784 = DIRECTION('',(-0.,0.,-1.));
#3785 = PCURVE('',#1055,#3786);
#3786 = DEFINITIONAL_REPRESENTATION('',(#3787),#3791);
#3787 = LINE('',#3788,#3789);
#3788 = CARTESIAN_POINT('',(379.1,-440.05));
#3789 = VECTOR('',#3790,1.);
#3790 = DIRECTION('',(-1.,-0.));
#3791 = ( GEOMETRIC_REPRESENTATION_CONTEXT(2) 
PARAMETRIC_REPRESENTATION_CONTEXT() REPRESENTATION_CONTEXT('2D SPACE',''
  ) );
#3792 = PCURVE('',#3793,#3798);
#3793 = PLANE('',#3794);
#3794 = AXIS2_PLACEMENT_3D('',#3795,#3796,#3797);
#3795 = CARTESIAN_POINT('',(0.,60.95,22.05));
#3796 = DIRECTION('',(-0.,1.,0.));
#3797 = DIRECTION('',(0.,0.,-1.));
#3798 = DEFINITIONAL_REPRESENTATION('',(#3799),#3803);
#3799 = LINE('',#3800,#3801);
#3800 = CARTESIAN_POINT('',(22.05,0.));
#3801 = VECTOR('',#3802,1.);
#3802 = DIRECTION('',(1.,0.));
#3803 = ( GEOMETRIC_REPRESENTATION_CONTEXT(2) 
PARAMETRIC_REPRESENTATION_CONTEXT() REPRESENTATION_CONTEXT('2D SPACE',''
  ) );
#3804 = ORIENTED_EDGE('',*,*,#3805,.F.);
#3805 = EDGE_CURVE('',#3806,#3778,#3808,.T.);
#3806 = VERTEX_POINT('',#3807);
#3807 = CARTESIAN_POINT('',(0.,60.05,22.95));
#3808 = SURFACE_CURVE('',#3809,(#3814,#3825),.PCURVE_S1.);
#3809 = CIRCLE('',#3810,0.9);
#3810 = AXIS2_PLACEMENT_3D('',#3811,#3812,#3813);
#3811 = CARTESIAN_POINT('',(0.,60.05,22.05));
#3812 = DIRECTION('',(-1.,-0.,0.));
#3813 = DIRECTION('',(0.,-1.,-0.));
#3814 = PCURVE('',#1055,#3815);
#3815 = DEFINITIONAL_REPRESENTATION('',(#3816),#3824);
#3816 = ( BOUNDED_CURVE() B_SPLINE_CURVE(2,(#3817,#3818,#3819,#3820,
#3821,#3822,#3823),.UNSPECIFIED.,.T.,.F.) B_SPLINE_CURVE_WITH_KNOTS((1,2
    ,2,2,2,1),(-2.094395102393,0.,2.094395102393,4.188790204786,
6.28318530718,8.377580409573),.UNSPECIFIED.) CURVE() 
GEOMETRIC_REPRESENTATION_ITEM() RATIONAL_B_SPLINE_CURVE((1.,0.5,1.,0.5,
1.,0.5,1.)) REPRESENTATION_ITEM('') );
#3817 = CARTESIAN_POINT('',(401.15,-438.25));
#3818 = CARTESIAN_POINT('',(402.70884572681,-438.25));
#3819 = CARTESIAN_POINT('',(401.9294228634,-439.6));
#3820 = CARTESIAN_POINT('',(401.15,-440.95));
#3821 = CARTESIAN_POINT('',(400.37057713659,-439.6));
#3822 = CARTESIAN_POINT('',(399.59115427318,-438.25));
#3823 = CARTESIAN_POINT('',(401.15,-438.25));
#3824 = ( GEOMETRIC_REPRESENTATION_CONTEXT(2) 
PARAMETRIC_REPRESENTATION_CONTEXT() REPRESENTATION_CONTEXT('2D SPACE',''
  ) );
#3825 = PCURVE('',#3826,#3831);
#3826 = CYLINDRICAL_SURFACE('',#3827,0.9);
#3827 = AXIS2_PLACEMENT_3D('',#3828,#3829,#3830);
#3828 = CARTESIAN_POINT('',(0.,60.05,22.05));
#3829 = DIRECTION('',(-1.,-0.,0.));
#3830 = DIRECTION('',(0.,-1.,-0.));
#3831 = DEFINITIONAL_REPRESENTATION('',(#3832),#3836);
#3832 = LINE('',#3833,#3834);
#3833 = CARTESIAN_POINT('',(0.,0.));
#3834 = VECTOR('',#3835,1.);
#3835 = DIRECTION('',(1.,0.));
#3836 = ( GEOMETRIC_REPRESENTATION_CONTEXT(2) 
PARAMETRIC_REPRESENTATION_CONTEXT() REPRESENTATION_CONTEXT('2D SPACE',''
  ) );
#3837 = ORIENTED_EDGE('',*,*,#3838,.F.);
#3838 = EDGE_CURVE('',#3839,#3806,#3841,.T.);
#3839 = VERTEX_POINT('',#3840);
#3840 = CARTESIAN_POINT('',(0.,57.95,22.95));
#3841 = SURFACE_CURVE('',#3842,(#3846,#3853),.PCURVE_S1.);
#3842 = LINE('',#3843,#3844);
#3843 = CARTESIAN_POINT('',(0.,3.726066754812E-16,22.95));
#3844 = VECTOR('',#3845,1.);
#3845 = DIRECTION('',(0.,1.,0.));
#3846 = PCURVE('',#1055,#3847);
#3847 = DEFINITIONAL_REPRESENTATION('',(#3848),#3852);
#3848 = LINE('',#3849,#3850);
#3849 = CARTESIAN_POINT('',(402.05,-379.1));
#3850 = VECTOR('',#3851,1.);
#3851 = DIRECTION('',(0.,-1.));
#3852 = ( GEOMETRIC_REPRESENTATION_CONTEXT(2) 
PARAMETRIC_REPRESENTATION_CONTEXT() REPRESENTATION_CONTEXT('2D SPACE',''
  ) );
#3853 = PCURVE('',#3854,#3859);
#3854 = PLANE('',#3855);
#3855 = AXIS2_PLACEMENT_3D('',#3856,#3857,#3858);
#3856 = CARTESIAN_POINT('',(0.,57.95,22.95));
#3857 = DIRECTION('',(0.,0.,1.));
#3858 = DIRECTION('',(0.,1.,0.));
#3859 = DEFINITIONAL_REPRESENTATION('',(#3860),#3864);
#3860 = LINE('',#3861,#3862);
#3861 = CARTESIAN_POINT('',(-57.95,0.));
#3862 = VECTOR('',#3863,1.);
#3863 = DIRECTION('',(1.,0.));
#3864 = ( GEOMETRIC_REPRESENTATION_CONTEXT(2) 
PARAMETRIC_REPRESENTATION_CONTEXT() REPRESENTATION_CONTEXT('2D SPACE',''
  ) );
#3865 = ORIENTED_EDGE('',*,*,#3866,.F.);
#3866 = EDGE_CURVE('',#3867,#3839,#3869,.T.);
#3867 = VERTEX_POINT('',#3868);
#3868 = CARTESIAN_POINT('',(0.,57.95,23.15));
#3869 = SURFACE_CURVE('',#3870,(#3874,#3881),.PCURVE_S1.);
#3870 = LINE('',#3871,#3872);
#3871 = CARTESIAN_POINT('',(0.,57.95,11.025));
#3872 = VECTOR('',#3873,1.);
#3873 = DIRECTION('',(-0.,0.,-1.));
#3874 = PCURVE('',#1055,#3875);
#3875 = DEFINITIONAL_REPRESENTATION('',(#3876),#3880);
#3876 = LINE('',#3877,#3878);
#3877 = CARTESIAN_POINT('',(390.125,-437.05));
#3878 = VECTOR('',#3879,1.);
#3879 = DIRECTION('',(-1.,-0.));
#3880 = ( GEOMETRIC_REPRESENTATION_CONTEXT(2) 
PARAMETRIC_REPRESENTATION_CONTEXT() REPRESENTATION_CONTEXT('2D SPACE',''
  ) );
#3881 = PCURVE('',#3882,#3887);
#3882 = PLANE('',#3883);
#3883 = AXIS2_PLACEMENT_3D('',#3884,#3885,#3886);
#3884 = CARTESIAN_POINT('',(0.,57.95,23.15));
#3885 = DIRECTION('',(-0.,1.,0.));
#3886 = DIRECTION('',(0.,0.,-1.));
#3887 = DEFINITIONAL_REPRESENTATION('',(#3888),#3892);
#3888 = LINE('',#3889,#3890);
#3889 = CARTESIAN_POINT('',(12.125,0.));
#3890 = VECTOR('',#3891,1.);
#3891 = DIRECTION('',(1.,0.));
#3892 = ( GEOMETRIC_REPRESENTATION_CONTEXT(2) 
PARAMETRIC_REPRESENTATION_CONTEXT() REPRESENTATION_CONTEXT('2D SPACE',''
  ) );
#3893 = ORIENTED_EDGE('',*,*,#3894,.T.);
#3894 = EDGE_CURVE('',#3867,#3895,#3897,.T.);
#3895 = VERTEX_POINT('',#3896);
#3896 = CARTESIAN_POINT('',(0.,61.75,23.15));
#3897 = SURFACE_CURVE('',#3898,(#3902,#3909),.PCURVE_S1.);
#3898 = LINE('',#3899,#3900);
#3899 = CARTESIAN_POINT('',(0.,9.880359169397E-16,23.15));
#3900 = VECTOR('',#3901,1.);
#3901 = DIRECTION('',(0.,1.,0.));
#3902 = PCURVE('',#1055,#3903);
#3903 = DEFINITIONAL_REPRESENTATION('',(#3904),#3908);
#3904 = LINE('',#3905,#3906);
#3905 = CARTESIAN_POINT('',(402.25,-379.1));
#3906 = VECTOR('',#3907,1.);
#3907 = DIRECTION('',(0.,-1.));
#3908 = ( GEOMETRIC_REPRESENTATION_CONTEXT(2) 
PARAMETRIC_REPRESENTATION_CONTEXT() REPRESENTATION_CONTEXT('2D SPACE',''
  ) );
#3909 = PCURVE('',#3910,#3915);
#3910 = PLANE('',#3911);
#3911 = AXIS2_PLACEMENT_3D('',#3912,#3913,#3914);
#3912 = CARTESIAN_POINT('',(0.,57.95,23.15));
#3913 = DIRECTION('',(0.,0.,1.));
#3914 = DIRECTION('',(0.,1.,0.));
#3915 = DEFINITIONAL_REPRESENTATION('',(#3916),#3920);
#3916 = LINE('',#3917,#3918);
#3917 = CARTESIAN_POINT('',(-57.95,0.));
#3918 = VECTOR('',#3919,1.);
#3919 = DIRECTION('',(1.,0.));
#3920 = ( GEOMETRIC_REPRESENTATION_CONTEXT(2) 
PARAMETRIC_REPRESENTATION_CONTEXT() REPRESENTATION_CONTEXT('2D SPACE',''
  ) );
#3921 = ORIENTED_EDGE('',*,*,#3922,.F.);
#3922 = EDGE_CURVE('',#3923,#3895,#3925,.T.);
#3923 = VERTEX_POINT('',#3924);
#3924 = CARTESIAN_POINT('',(0.,62.35,22.55));
#3925 = SURFACE_CURVE('',#3926,(#3931,#3938),.PCURVE_S1.);
#3926 = CIRCLE('',#3927,0.6);
#3927 = AXIS2_PLACEMENT_3D('',#3928,#3929,#3930);
#3928 = CARTESIAN_POINT('',(0.,61.75,22.55));
#3929 = DIRECTION('',(1.,0.,-0.));
#3930 = DIRECTION('',(0.,1.,0.));
#3931 = PCURVE('',#1055,#3932);
#3932 = DEFINITIONAL_REPRESENTATION('',(#3933),#3937);
#3933 = CIRCLE('',#3934,0.6);
#3934 = AXIS2_PLACEMENT_2D('',#3935,#3936);
#3935 = CARTESIAN_POINT('',(401.65,-440.85));
#3936 = DIRECTION('',(0.,-1.));
#3937 = ( GEOMETRIC_REPRESENTATION_CONTEXT(2) 
PARAMETRIC_REPRESENTATION_CONTEXT() REPRESENTATION_CONTEXT('2D SPACE',''
  ) );
#3938 = PCURVE('',#3939,#3944);
#3939 = CYLINDRICAL_SURFACE('',#3940,0.6);
#3940 = AXIS2_PLACEMENT_3D('',#3941,#3942,#3943);
#3941 = CARTESIAN_POINT('',(0.,61.75,22.55));
#3942 = DIRECTION('',(-1.,-0.,0.));
#3943 = DIRECTION('',(0.,1.,0.));
#3944 = DEFINITIONAL_REPRESENTATION('',(#3945),#3949);
#3945 = LINE('',#3946,#3947);
#3946 = CARTESIAN_POINT('',(-0.,0.));
#3947 = VECTOR('',#3948,1.);
#3948 = DIRECTION('',(-1.,0.));
#3949 = ( GEOMETRIC_REPRESENTATION_CONTEXT(2) 
PARAMETRIC_REPRESENTATION_CONTEXT() REPRESENTATION_CONTEXT('2D SPACE',''
  ) );
#3950 = ORIENTED_EDGE('',*,*,#3951,.T.);
#3951 = EDGE_CURVE('',#3923,#3952,#3954,.T.);
#3952 = VERTEX_POINT('',#3953);
#3953 = CARTESIAN_POINT('',(0.,62.35,1.5));
#3954 = SURFACE_CURVE('',#3955,(#3959,#3966),.PCURVE_S1.);
#3955 = LINE('',#3956,#3957);
#3956 = CARTESIAN_POINT('',(0.,62.35,0.));
#3957 = VECTOR('',#3958,1.);
#3958 = DIRECTION('',(-0.,0.,-1.));
#3959 = PCURVE('',#1055,#3960);
#3960 = DEFINITIONAL_REPRESENTATION('',(#3961),#3965);
#3961 = LINE('',#3962,#3963);
#3962 = CARTESIAN_POINT('',(379.1,-441.45));
#3963 = VECTOR('',#3964,1.);
#3964 = DIRECTION('',(-1.,-0.));
#3965 = ( GEOMETRIC_REPRESENTATION_CONTEXT(2) 
PARAMETRIC_REPRESENTATION_CONTEXT() REPRESENTATION_CONTEXT('2D SPACE',''
  ) );
#3966 = PCURVE('',#3967,#3972);
#3967 = PLANE('',#3968);
#3968 = AXIS2_PLACEMENT_3D('',#3969,#3970,#3971);
#3969 = CARTESIAN_POINT('',(0.,62.35,22.55));
#3970 = DIRECTION('',(-0.,1.,0.));
#3971 = DIRECTION('',(0.,0.,-1.));
#3972 = DEFINITIONAL_REPRESENTATION('',(#3973),#3977);
#3973 = LINE('',#3974,#3975);
#3974 = CARTESIAN_POINT('',(22.55,0.));
#3975 = VECTOR('',#3976,1.);
#3976 = DIRECTION('',(1.,0.));
#3977 = ( GEOMETRIC_REPRESENTATION_CONTEXT(2) 
PARAMETRIC_REPRESENTATION_CONTEXT() REPRESENTATION_CONTEXT('2D SPACE',''
  ) );
#3978 = ORIENTED_EDGE('',*,*,#3979,.F.);
#3979 = EDGE_CURVE('',#3980,#3952,#3982,.T.);
#3980 = VERTEX_POINT('',#3981);
#3981 = CARTESIAN_POINT('',(0.,61.75,0.9));
#3982 = SURFACE_CURVE('',#3983,(#3988,#3995),.PCURVE_S1.);
#3983 = CIRCLE('',#3984,0.6);
#3984 = AXIS2_PLACEMENT_3D('',#3985,#3986,#3987);
#3985 = CARTESIAN_POINT('',(0.,61.75,1.5));
#3986 = DIRECTION('',(1.,0.,-0.));
#3987 = DIRECTION('',(0.,1.,0.));
#3988 = PCURVE('',#1055,#3989);
#3989 = DEFINITIONAL_REPRESENTATION('',(#3990),#3994);
#3990 = CIRCLE('',#3991,0.6);
#3991 = AXIS2_PLACEMENT_2D('',#3992,#3993);
#3992 = CARTESIAN_POINT('',(380.6,-440.85));
#3993 = DIRECTION('',(0.,-1.));
#3994 = ( GEOMETRIC_REPRESENTATION_CONTEXT(2) 
PARAMETRIC_REPRESENTATION_CONTEXT() REPRESENTATION_CONTEXT('2D SPACE',''
  ) );
#3995 = PCURVE('',#3996,#4001);
#3996 = CYLINDRICAL_SURFACE('',#3997,0.6);
#3997 = AXIS2_PLACEMENT_3D('',#3998,#3999,#4000);
#3998 = CARTESIAN_POINT('',(0.,61.75,1.5));
#3999 = DIRECTION('',(-1.,-0.,0.));
#4000 = DIRECTION('',(0.,1.,0.));
#4001 = DEFINITIONAL_REPRESENTATION('',(#4002),#4006);
#4002 = LINE('',#4003,#4004);
#4003 = CARTESIAN_POINT('',(-0.,0.));
#4004 = VECTOR('',#4005,1.);
#4005 = DIRECTION('',(-1.,0.));
#4006 = ( GEOMETRIC_REPRESENTATION_CONTEXT(2) 
PARAMETRIC_REPRESENTATION_CONTEXT() REPRESENTATION_CONTEXT('2D SPACE',''
  ) );
#4007 = ORIENTED_EDGE('',*,*,#4008,.F.);
#4008 = EDGE_CURVE('',#3689,#3980,#4009,.T.);
#4009 = SURFACE_CURVE('',#4010,(#4014,#4021),.PCURVE_S1.);
#4010 = LINE('',#4011,#4012);
#4011 = CARTESIAN_POINT('',(0.,9.880359169397E-16,0.9));
#4012 = VECTOR('',#4013,1.);
#4013 = DIRECTION('',(0.,1.,0.));
#4014 = PCURVE('',#1055,#4015);
#4015 = DEFINITIONAL_REPRESENTATION('',(#4016),#4020);
#4016 = LINE('',#4017,#4018);
#4017 = CARTESIAN_POINT('',(380.,-379.1));
#4018 = VECTOR('',#4019,1.);
#4019 = DIRECTION('',(0.,-1.));
#4020 = ( GEOMETRIC_REPRESENTATION_CONTEXT(2) 
PARAMETRIC_REPRESENTATION_CONTEXT() REPRESENTATION_CONTEXT('2D SPACE',''
  ) );
#4021 = PCURVE('',#4022,#4027);
#4022 = PLANE('',#4023);
#4023 = AXIS2_PLACEMENT_3D('',#4024,#4025,#4026);
#4024 = CARTESIAN_POINT('',(0.,47.3,0.9));
#4025 = DIRECTION('',(0.,0.,1.));
#4026 = DIRECTION('',(0.,1.,0.));
#4027 = DEFINITIONAL_REPRESENTATION('',(#4028),#4032);
#4028 = LINE('',#4029,#4030);
#4029 = CARTESIAN_POINT('',(-47.3,0.));
#4030 = VECTOR('',#4031,1.);
#4031 = DIRECTION('',(1.,0.));
#4032 = ( GEOMETRIC_REPRESENTATION_CONTEXT(2) 
PARAMETRIC_REPRESENTATION_CONTEXT() REPRESENTATION_CONTEXT('2D SPACE',''
  ) );
#4033 = ADVANCED_FACE('',(#4034),#1028,.T.);
#4034 = FACE_BOUND('',#4035,.F.);
#4035 = EDGE_LOOP('',(#4036,#4059,#4060,#4061));
#4036 = ORIENTED_EDGE('',*,*,#4037,.F.);
#4037 = EDGE_CURVE('',#3572,#4038,#4040,.T.);
#4038 = VERTEX_POINT('',#4039);
#4039 = CARTESIAN_POINT('',(179.05,63.25,1.5));
#4040 = SURFACE_CURVE('',#4041,(#4045,#4052),.PCURVE_S1.);
#4041 = LINE('',#4042,#4043);
#4042 = CARTESIAN_POINT('',(-179.05,63.25,1.5));
#4043 = VECTOR('',#4044,1.);
#4044 = DIRECTION('',(1.,0.,0.));
#4045 = PCURVE('',#1028,#4046);
#4046 = DEFINITIONAL_REPRESENTATION('',(#4047),#4051);
#4047 = LINE('',#4048,#4049);
#4048 = CARTESIAN_POINT('',(-0.,0.));
#4049 = VECTOR('',#4050,1.);
#4050 = DIRECTION('',(-0.,1.));
#4051 = ( GEOMETRIC_REPRESENTATION_CONTEXT(2) 
PARAMETRIC_REPRESENTATION_CONTEXT() REPRESENTATION_CONTEXT('2D SPACE',''
  ) );
#4052 = PCURVE('',#3610,#4053);
#4053 = DEFINITIONAL_REPRESENTATION('',(#4054),#4058);
#4054 = LINE('',#4055,#4056);
#4055 = CARTESIAN_POINT('',(0.,-1.5));
#4056 = VECTOR('',#4057,1.);
#4057 = DIRECTION('',(1.,0.));
#4058 = ( GEOMETRIC_REPRESENTATION_CONTEXT(2) 
PARAMETRIC_REPRESENTATION_CONTEXT() REPRESENTATION_CONTEXT('2D SPACE',''
  ) );
#4059 = ORIENTED_EDGE('',*,*,#3571,.F.);
#4060 = ORIENTED_EDGE('',*,*,#1012,.T.);
#4061 = ORIENTED_EDGE('',*,*,#4062,.F.);
#4062 = EDGE_CURVE('',#4038,#980,#4063,.T.);
#4063 = SURFACE_CURVE('',#4064,(#4069,#4075),.PCURVE_S1.);
#4064 = CIRCLE('',#4065,1.5);
#4065 = AXIS2_PLACEMENT_3D('',#4066,#4067,#4068);
#4066 = CARTESIAN_POINT('',(179.05,61.75,1.5));
#4067 = DIRECTION('',(-1.,0.,-0.));
#4068 = DIRECTION('',(-0.,1.,0.));
#4069 = PCURVE('',#1028,#4070);
#4070 = DEFINITIONAL_REPRESENTATION('',(#4071),#4074);
#4071 = B_SPLINE_CURVE_WITH_KNOTS('',1,(#4072,#4073),.UNSPECIFIED.,.F.,
  .F.,(2,2),(0.,1.570796326795),.PIECEWISE_BEZIER_KNOTS.);
#4072 = CARTESIAN_POINT('',(0.,358.1));
#4073 = CARTESIAN_POINT('',(-1.570796326795,358.1));
#4074 = ( GEOMETRIC_REPRESENTATION_CONTEXT(2) 
PARAMETRIC_REPRESENTATION_CONTEXT() REPRESENTATION_CONTEXT('2D SPACE',''
  ) );
#4075 = PCURVE('',#1000,#4076);
#4076 = DEFINITIONAL_REPRESENTATION('',(#4077),#4080);
#4077 = B_SPLINE_CURVE_WITH_KNOTS('',1,(#4078,#4079),.UNSPECIFIED.,.F.,
  .F.,(2,2),(0.,1.570796326795),.PIECEWISE_BEZIER_KNOTS.);
#4078 = CARTESIAN_POINT('',(0.,0.));
#4079 = CARTESIAN_POINT('',(0.,1.570796326795));
#4080 = ( GEOMETRIC_REPRESENTATION_CONTEXT(2) 
PARAMETRIC_REPRESENTATION_CONTEXT() REPRESENTATION_CONTEXT('2D SPACE',''
  ) );
#4081 = ADVANCED_FACE('',(#4082),#1000,.T.);
#4082 = FACE_BOUND('',#4083,.T.);
#4083 = EDGE_LOOP('',(#4084,#4085,#4107,#4127));
#4084 = ORIENTED_EDGE('',*,*,#4062,.F.);
#4085 = ORIENTED_EDGE('',*,*,#4086,.T.);
#4086 = EDGE_CURVE('',#4038,#1541,#4087,.T.);
#4087 = SURFACE_CURVE('',#4088,(#4093,#4100),.PCURVE_S1.);
#4088 = CIRCLE('',#4089,10.5);
#4089 = AXIS2_PLACEMENT_3D('',#4090,#4091,#4092);
#4090 = CARTESIAN_POINT('',(179.05,52.75,1.5));
#4091 = DIRECTION('',(0.,-0.,-1.));
#4092 = DIRECTION('',(0.,1.,-0.));
#4093 = PCURVE('',#1000,#4094);
#4094 = DEFINITIONAL_REPRESENTATION('',(#4095),#4099);
#4095 = LINE('',#4096,#4097);
#4096 = CARTESIAN_POINT('',(0.,0.));
#4097 = VECTOR('',#4098,1.);
#4098 = DIRECTION('',(1.,0.));
#4099 = ( GEOMETRIC_REPRESENTATION_CONTEXT(2) 
PARAMETRIC_REPRESENTATION_CONTEXT() REPRESENTATION_CONTEXT('2D SPACE',''
  ) );
#4100 = PCURVE('',#1556,#4101);
#4101 = DEFINITIONAL_REPRESENTATION('',(#4102),#4106);
#4102 = LINE('',#4103,#4104);
#4103 = CARTESIAN_POINT('',(1.570796326795,-1.5));
#4104 = VECTOR('',#4105,1.);
#4105 = DIRECTION('',(1.,0.));
#4106 = ( GEOMETRIC_REPRESENTATION_CONTEXT(2) 
PARAMETRIC_REPRESENTATION_CONTEXT() REPRESENTATION_CONTEXT('2D SPACE',''
  ) );
#4107 = ORIENTED_EDGE('',*,*,#4108,.T.);
#4108 = EDGE_CURVE('',#1541,#952,#4109,.T.);
#4109 = SURFACE_CURVE('',#4110,(#4115,#4121),.PCURVE_S1.);
#4110 = CIRCLE('',#4111,1.5);
#4111 = AXIS2_PLACEMENT_3D('',#4112,#4113,#4114);
#4112 = CARTESIAN_POINT('',(188.05,52.75,1.5));
#4113 = DIRECTION('',(-6.123233995737E-17,1.,0.));
#4114 = DIRECTION('',(1.,6.123233995737E-17,0.));
#4115 = PCURVE('',#1000,#4116);
#4116 = DEFINITIONAL_REPRESENTATION('',(#4117),#4120);
#4117 = B_SPLINE_CURVE_WITH_KNOTS('',1,(#4118,#4119),.UNSPECIFIED.,.F.,
  .F.,(2,2),(0.,1.570796326795),.PIECEWISE_BEZIER_KNOTS.);
#4118 = CARTESIAN_POINT('',(1.570796326795,0.));
#4119 = CARTESIAN_POINT('',(1.570796326795,1.570796326795));
#4120 = ( GEOMETRIC_REPRESENTATION_CONTEXT(2) 
PARAMETRIC_REPRESENTATION_CONTEXT() REPRESENTATION_CONTEXT('2D SPACE',''
  ) );
#4121 = PCURVE('',#967,#4122);
#4122 = DEFINITIONAL_REPRESENTATION('',(#4123),#4126);
#4123 = B_SPLINE_CURVE_WITH_KNOTS('',1,(#4124,#4125),.UNSPECIFIED.,.F.,
  .F.,(2,2),(0.,1.570796326795),.PIECEWISE_BEZIER_KNOTS.);
#4124 = CARTESIAN_POINT('',(0.,0.));
#4125 = CARTESIAN_POINT('',(-1.570796326795,0.));
#4126 = ( GEOMETRIC_REPRESENTATION_CONTEXT(2) 
PARAMETRIC_REPRESENTATION_CONTEXT() REPRESENTATION_CONTEXT('2D SPACE',''
  ) );
#4127 = ORIENTED_EDGE('',*,*,#979,.F.);
#4128 = ADVANCED_FACE('',(#4129),#967,.T.);
#4129 = FACE_BOUND('',#4130,.F.);
#4130 = EDGE_LOOP('',(#4131,#4132,#4133,#4134));
#4131 = ORIENTED_EDGE('',*,*,#4108,.T.);
#4132 = ORIENTED_EDGE('',*,*,#951,.T.);
#4133 = ORIENTED_EDGE('',*,*,#1485,.F.);
#4134 = ORIENTED_EDGE('',*,*,#1568,.F.);
#4135 = ADVANCED_FACE('',(#4136),#1439,.F.);
#4136 = FACE_BOUND('',#4137,.T.);
#4137 = EDGE_LOOP('',(#4138,#4161,#4183,#4184));
#4138 = ORIENTED_EDGE('',*,*,#4139,.T.);
#4139 = EDGE_CURVE('',#1423,#4140,#4142,.T.);
#4140 = VERTEX_POINT('',#4141);
#4141 = CARTESIAN_POINT('',(185.,-52.7,2.));
#4142 = SEAM_CURVE('',#4143,(#4147,#4154),.PCURVE_S1.);
#4143 = LINE('',#4144,#4145);
#4144 = CARTESIAN_POINT('',(185.,-52.7,0.));
#4145 = VECTOR('',#4146,1.);
#4146 = DIRECTION('',(0.,0.,1.));
#4147 = PCURVE('',#1439,#4148);
#4148 = DEFINITIONAL_REPRESENTATION('',(#4149),#4153);
#4149 = LINE('',#4150,#4151);
#4150 = CARTESIAN_POINT('',(-0.,0.));
#4151 = VECTOR('',#4152,1.);
#4152 = DIRECTION('',(-0.,-1.));
#4153 = ( GEOMETRIC_REPRESENTATION_CONTEXT(2) 
PARAMETRIC_REPRESENTATION_CONTEXT() REPRESENTATION_CONTEXT('2D SPACE',''
  ) );
#4154 = PCURVE('',#1439,#4155);
#4155 = DEFINITIONAL_REPRESENTATION('',(#4156),#4160);
#4156 = LINE('',#4157,#4158);
#4157 = CARTESIAN_POINT('',(-6.28318530718,0.));
#4158 = VECTOR('',#4159,1.);
#4159 = DIRECTION('',(-0.,-1.));
#4160 = ( GEOMETRIC_REPRESENTATION_CONTEXT(2) 
PARAMETRIC_REPRESENTATION_CONTEXT() REPRESENTATION_CONTEXT('2D SPACE',''
  ) );
#4161 = ORIENTED_EDGE('',*,*,#4162,.T.);
#4162 = EDGE_CURVE('',#4140,#4140,#4163,.T.);
#4163 = SURFACE_CURVE('',#4164,(#4169,#4176),.PCURVE_S1.);
#4164 = CIRCLE('',#4165,6.);
#4165 = AXIS2_PLACEMENT_3D('',#4166,#4167,#4168);
#4166 = CARTESIAN_POINT('',(179.,-52.7,2.));
#4167 = DIRECTION('',(0.,0.,1.));
#4168 = DIRECTION('',(1.,0.,-0.));
#4169 = PCURVE('',#1439,#4170);
#4170 = DEFINITIONAL_REPRESENTATION('',(#4171),#4175);
#4171 = LINE('',#4172,#4173);
#4172 = CARTESIAN_POINT('',(-0.,-2.));
#4173 = VECTOR('',#4174,1.);
#4174 = DIRECTION('',(-1.,0.));
#4175 = ( GEOMETRIC_REPRESENTATION_CONTEXT(2) 
PARAMETRIC_REPRESENTATION_CONTEXT() REPRESENTATION_CONTEXT('2D SPACE',''
  ) );
#4176 = PCURVE('',#2325,#4177);
#4177 = DEFINITIONAL_REPRESENTATION('',(#4178),#4182);
#4178 = CIRCLE('',#4179,6.);
#4179 = AXIS2_PLACEMENT_2D('',#4180,#4181);
#4180 = CARTESIAN_POINT('',(179.,-52.7));
#4181 = DIRECTION('',(1.,0.));
#4182 = ( GEOMETRIC_REPRESENTATION_CONTEXT(2) 
PARAMETRIC_REPRESENTATION_CONTEXT() REPRESENTATION_CONTEXT('2D SPACE',''
  ) );
#4183 = ORIENTED_EDGE('',*,*,#4139,.F.);
#4184 = ORIENTED_EDGE('',*,*,#1422,.F.);
#4185 = ADVANCED_FACE('',(#4186),#1470,.F.);
#4186 = FACE_BOUND('',#4187,.T.);
#4187 = EDGE_LOOP('',(#4188,#4211,#4233,#4234));
#4188 = ORIENTED_EDGE('',*,*,#4189,.T.);
#4189 = EDGE_CURVE('',#1454,#4190,#4192,.T.);
#4190 = VERTEX_POINT('',#4191);
#4191 = CARTESIAN_POINT('',(185.,52.7,2.));
#4192 = SEAM_CURVE('',#4193,(#4197,#4204),.PCURVE_S1.);
#4193 = LINE('',#4194,#4195);
#4194 = CARTESIAN_POINT('',(185.,52.7,0.));
#4195 = VECTOR('',#4196,1.);
#4196 = DIRECTION('',(0.,0.,1.));
#4197 = PCURVE('',#1470,#4198);
#4198 = DEFINITIONAL_REPRESENTATION('',(#4199),#4203);
#4199 = LINE('',#4200,#4201);
#4200 = CARTESIAN_POINT('',(-0.,0.));
#4201 = VECTOR('',#4202,1.);
#4202 = DIRECTION('',(-0.,-1.));
#4203 = ( GEOMETRIC_REPRESENTATION_CONTEXT(2) 
PARAMETRIC_REPRESENTATION_CONTEXT() REPRESENTATION_CONTEXT('2D SPACE',''
  ) );
#4204 = PCURVE('',#1470,#4205);
#4205 = DEFINITIONAL_REPRESENTATION('',(#4206),#4210);
#4206 = LINE('',#4207,#4208);
#4207 = CARTESIAN_POINT('',(-6.28318530718,0.));
#4208 = VECTOR('',#4209,1.);
#4209 = DIRECTION('',(-0.,-1.));
#4210 = ( GEOMETRIC_REPRESENTATION_CONTEXT(2) 
PARAMETRIC_REPRESENTATION_CONTEXT() REPRESENTATION_CONTEXT('2D SPACE',''
  ) );
#4211 = ORIENTED_EDGE('',*,*,#4212,.T.);
#4212 = EDGE_CURVE('',#4190,#4190,#4213,.T.);
#4213 = SURFACE_CURVE('',#4214,(#4219,#4226),.PCURVE_S1.);
#4214 = CIRCLE('',#4215,6.);
#4215 = AXIS2_PLACEMENT_3D('',#4216,#4217,#4218);
#4216 = CARTESIAN_POINT('',(179.,52.7,2.));
#4217 = DIRECTION('',(0.,0.,1.));
#4218 = DIRECTION('',(1.,0.,-0.));
#4219 = PCURVE('',#1470,#4220);
#4220 = DEFINITIONAL_REPRESENTATION('',(#4221),#4225);
#4221 = LINE('',#4222,#4223);
#4222 = CARTESIAN_POINT('',(-0.,-2.));
#4223 = VECTOR('',#4224,1.);
#4224 = DIRECTION('',(-1.,0.));
#4225 = ( GEOMETRIC_REPRESENTATION_CONTEXT(2) 
PARAMETRIC_REPRESENTATION_CONTEXT() REPRESENTATION_CONTEXT('2D SPACE',''
  ) );
#4226 = PCURVE('',#2325,#4227);
#4227 = DEFINITIONAL_REPRESENTATION('',(#4228),#4232);
#4228 = CIRCLE('',#4229,6.);
#4229 = AXIS2_PLACEMENT_2D('',#4230,#4231);
#4230 = CARTESIAN_POINT('',(179.,52.7));
#4231 = DIRECTION('',(1.,0.));
#4232 = ( GEOMETRIC_REPRESENTATION_CONTEXT(2) 
PARAMETRIC_REPRESENTATION_CONTEXT() REPRESENTATION_CONTEXT('2D SPACE',''
  ) );
#4233 = ORIENTED_EDGE('',*,*,#4189,.F.);
#4234 = ORIENTED_EDGE('',*,*,#1453,.F.);
#4235 = ADVANCED_FACE('',(#4236),#1528,.T.);
#4236 = FACE_BOUND('',#4237,.T.);
#4237 = EDGE_LOOP('',(#4238,#4258,#4259,#4260));
#4238 = ORIENTED_EDGE('',*,*,#4239,.T.);
#4239 = EDGE_CURVE('',#1513,#1649,#4240,.T.);
#4240 = SURFACE_CURVE('',#4241,(#4246,#4252),.PCURVE_S1.);
#4241 = CIRCLE('',#4242,1.5);
#4242 = AXIS2_PLACEMENT_3D('',#4243,#4244,#4245);
#4243 = CARTESIAN_POINT('',(188.05,52.75,22.55));
#4244 = DIRECTION('',(6.123233995737E-17,-1.,0.));
#4245 = DIRECTION('',(1.,6.123233995737E-17,0.));
#4246 = PCURVE('',#1528,#4247);
#4247 = DEFINITIONAL_REPRESENTATION('',(#4248),#4251);
#4248 = B_SPLINE_CURVE_WITH_KNOTS('',1,(#4249,#4250),.UNSPECIFIED.,.F.,
  .F.,(2,2),(0.,1.570796326795),.PIECEWISE_BEZIER_KNOTS.);
#4249 = CARTESIAN_POINT('',(0.,0.));
#4250 = CARTESIAN_POINT('',(1.570796326795,0.));
#4251 = ( GEOMETRIC_REPRESENTATION_CONTEXT(2) 
PARAMETRIC_REPRESENTATION_CONTEXT() REPRESENTATION_CONTEXT('2D SPACE',''
  ) );
#4252 = PCURVE('',#1692,#4253);
#4253 = DEFINITIONAL_REPRESENTATION('',(#4254),#4257);
#4254 = B_SPLINE_CURVE_WITH_KNOTS('',1,(#4255,#4256),.UNSPECIFIED.,.F.,
  .F.,(2,2),(0.,1.570796326795),.PIECEWISE_BEZIER_KNOTS.);
#4255 = CARTESIAN_POINT('',(-1.570796326795,0.));
#4256 = CARTESIAN_POINT('',(-1.570796326795,1.570796326795));
#4257 = ( GEOMETRIC_REPRESENTATION_CONTEXT(2) 
PARAMETRIC_REPRESENTATION_CONTEXT() REPRESENTATION_CONTEXT('2D SPACE',''
  ) );
#4258 = ORIENTED_EDGE('',*,*,#1648,.T.);
#4259 = ORIENTED_EDGE('',*,*,#1592,.F.);
#4260 = ORIENTED_EDGE('',*,*,#1512,.F.);
#4261 = ADVANCED_FACE('',(#4262),#1556,.T.);
#4262 = FACE_BOUND('',#4263,.T.);
#4263 = EDGE_LOOP('',(#4264,#4287,#4309,#4310));
#4264 = ORIENTED_EDGE('',*,*,#4265,.T.);
#4265 = EDGE_CURVE('',#4038,#4266,#4268,.T.);
#4266 = VERTEX_POINT('',#4267);
#4267 = CARTESIAN_POINT('',(179.05,63.25,22.55));
#4268 = SURFACE_CURVE('',#4269,(#4273,#4280),.PCURVE_S1.);
#4269 = LINE('',#4270,#4271);
#4270 = CARTESIAN_POINT('',(179.05,63.25,0.));
#4271 = VECTOR('',#4272,1.);
#4272 = DIRECTION('',(0.,0.,1.));
#4273 = PCURVE('',#1556,#4274);
#4274 = DEFINITIONAL_REPRESENTATION('',(#4275),#4279);
#4275 = LINE('',#4276,#4277);
#4276 = CARTESIAN_POINT('',(1.570796326795,0.));
#4277 = VECTOR('',#4278,1.);
#4278 = DIRECTION('',(0.,-1.));
#4279 = ( GEOMETRIC_REPRESENTATION_CONTEXT(2) 
PARAMETRIC_REPRESENTATION_CONTEXT() REPRESENTATION_CONTEXT('2D SPACE',''
  ) );
#4280 = PCURVE('',#3610,#4281);
#4281 = DEFINITIONAL_REPRESENTATION('',(#4282),#4286);
#4282 = LINE('',#4283,#4284);
#4283 = CARTESIAN_POINT('',(358.1,0.));
#4284 = VECTOR('',#4285,1.);
#4285 = DIRECTION('',(0.,-1.));
#4286 = ( GEOMETRIC_REPRESENTATION_CONTEXT(2) 
PARAMETRIC_REPRESENTATION_CONTEXT() REPRESENTATION_CONTEXT('2D SPACE',''
  ) );
#4287 = ORIENTED_EDGE('',*,*,#4288,.T.);
#4288 = EDGE_CURVE('',#4266,#1513,#4289,.T.);
#4289 = SURFACE_CURVE('',#4290,(#4295,#4302),.PCURVE_S1.);
#4290 = CIRCLE('',#4291,10.5);
#4291 = AXIS2_PLACEMENT_3D('',#4292,#4293,#4294);
#4292 = CARTESIAN_POINT('',(179.05,52.75,22.55));
#4293 = DIRECTION('',(0.,-0.,-1.));
#4294 = DIRECTION('',(0.,1.,-0.));
#4295 = PCURVE('',#1556,#4296);
#4296 = DEFINITIONAL_REPRESENTATION('',(#4297),#4301);
#4297 = LINE('',#4298,#4299);
#4298 = CARTESIAN_POINT('',(1.570796326795,-22.55));
#4299 = VECTOR('',#4300,1.);
#4300 = DIRECTION('',(1.,0.));
#4301 = ( GEOMETRIC_REPRESENTATION_CONTEXT(2) 
PARAMETRIC_REPRESENTATION_CONTEXT() REPRESENTATION_CONTEXT('2D SPACE',''
  ) );
#4302 = PCURVE('',#1692,#4303);
#4303 = DEFINITIONAL_REPRESENTATION('',(#4304),#4308);
#4304 = LINE('',#4305,#4306);
#4305 = CARTESIAN_POINT('',(-0.,0.));
#4306 = VECTOR('',#4307,1.);
#4307 = DIRECTION('',(-1.,0.));
#4308 = ( GEOMETRIC_REPRESENTATION_CONTEXT(2) 
PARAMETRIC_REPRESENTATION_CONTEXT() REPRESENTATION_CONTEXT('2D SPACE',''
  ) );
#4309 = ORIENTED_EDGE('',*,*,#1540,.F.);
#4310 = ORIENTED_EDGE('',*,*,#4086,.F.);
#4311 = ADVANCED_FACE('',(#4312),#1855,.F.);
#4312 = FACE_BOUND('',#4313,.T.);
#4313 = EDGE_LOOP('',(#4314,#4315,#4316,#4337));
#4314 = ORIENTED_EDGE('',*,*,#1916,.T.);
#4315 = ORIENTED_EDGE('',*,*,#1838,.T.);
#4316 = ORIENTED_EDGE('',*,*,#4317,.F.);
#4317 = EDGE_CURVE('',#2142,#1811,#4318,.T.);
#4318 = SURFACE_CURVE('',#4319,(#4323,#4330),.PCURVE_S1.);
#4319 = LINE('',#4320,#4321);
#4320 = CARTESIAN_POINT('',(183.35,-52.75,22.05));
#4321 = VECTOR('',#4322,1.);
#4322 = DIRECTION('',(0.,0.,1.));
#4323 = PCURVE('',#1855,#4324);
#4324 = DEFINITIONAL_REPRESENTATION('',(#4325),#4329);
#4325 = LINE('',#4326,#4327);
#4326 = CARTESIAN_POINT('',(-6.28318530718,0.));
#4327 = VECTOR('',#4328,1.);
#4328 = DIRECTION('',(-0.,-1.));
#4329 = ( GEOMETRIC_REPRESENTATION_CONTEXT(2) 
PARAMETRIC_REPRESENTATION_CONTEXT() REPRESENTATION_CONTEXT('2D SPACE',''
  ) );
#4330 = PCURVE('',#1826,#4331);
#4331 = DEFINITIONAL_REPRESENTATION('',(#4332),#4336);
#4332 = LINE('',#4333,#4334);
#4333 = CARTESIAN_POINT('',(0.,0.));
#4334 = VECTOR('',#4335,1.);
#4335 = DIRECTION('',(0.,-1.));
#4336 = ( GEOMETRIC_REPRESENTATION_CONTEXT(2) 
PARAMETRIC_REPRESENTATION_CONTEXT() REPRESENTATION_CONTEXT('2D SPACE',''
  ) );
#4337 = ORIENTED_EDGE('',*,*,#2164,.F.);
#4338 = ADVANCED_FACE('',(#4339),#1826,.T.);
#4339 = FACE_BOUND('',#4340,.T.);
#4340 = EDGE_LOOP('',(#4341,#4342,#4343,#4364));
#4341 = ORIENTED_EDGE('',*,*,#4317,.T.);
#4342 = ORIENTED_EDGE('',*,*,#1810,.T.);
#4343 = ORIENTED_EDGE('',*,*,#4344,.F.);
#4344 = EDGE_CURVE('',#2118,#1782,#4345,.T.);
#4345 = SURFACE_CURVE('',#4346,(#4350,#4357),.PCURVE_S1.);
#4346 = LINE('',#4347,#4348);
#4347 = CARTESIAN_POINT('',(183.35,52.75,22.05));
#4348 = VECTOR('',#4349,1.);
#4349 = DIRECTION('',(0.,0.,1.));
#4350 = PCURVE('',#1826,#4351);
#4351 = DEFINITIONAL_REPRESENTATION('',(#4352),#4356);
#4352 = LINE('',#4353,#4354);
#4353 = CARTESIAN_POINT('',(105.5,0.));
#4354 = VECTOR('',#4355,1.);
#4355 = DIRECTION('',(0.,-1.));
#4356 = ( GEOMETRIC_REPRESENTATION_CONTEXT(2) 
PARAMETRIC_REPRESENTATION_CONTEXT() REPRESENTATION_CONTEXT('2D SPACE',''
  ) );
#4357 = PCURVE('',#1798,#4358);
#4358 = DEFINITIONAL_REPRESENTATION('',(#4359),#4363);
#4359 = LINE('',#4360,#4361);
#4360 = CARTESIAN_POINT('',(-0.,0.));
#4361 = VECTOR('',#4362,1.);
#4362 = DIRECTION('',(-0.,-1.));
#4363 = ( GEOMETRIC_REPRESENTATION_CONTEXT(2) 
PARAMETRIC_REPRESENTATION_CONTEXT() REPRESENTATION_CONTEXT('2D SPACE',''
  ) );
#4364 = ORIENTED_EDGE('',*,*,#2141,.F.);
#4365 = ADVANCED_FACE('',(#4366),#1798,.F.);
#4366 = FACE_BOUND('',#4367,.T.);
#4367 = EDGE_LOOP('',(#4368,#4369,#4370,#4391));
#4368 = ORIENTED_EDGE('',*,*,#4344,.T.);
#4369 = ORIENTED_EDGE('',*,*,#1781,.T.);
#4370 = ORIENTED_EDGE('',*,*,#4371,.F.);
#4371 = EDGE_CURVE('',#2095,#1754,#4372,.T.);
#4372 = SURFACE_CURVE('',#4373,(#4377,#4384),.PCURVE_S1.);
#4373 = LINE('',#4374,#4375);
#4374 = CARTESIAN_POINT('',(179.05,57.05,22.05));
#4375 = VECTOR('',#4376,1.);
#4376 = DIRECTION('',(0.,0.,1.));
#4377 = PCURVE('',#1798,#4378);
#4378 = DEFINITIONAL_REPRESENTATION('',(#4379),#4383);
#4379 = LINE('',#4380,#4381);
#4380 = CARTESIAN_POINT('',(-1.570796326795,0.));
#4381 = VECTOR('',#4382,1.);
#4382 = DIRECTION('',(-0.,-1.));
#4383 = ( GEOMETRIC_REPRESENTATION_CONTEXT(2) 
PARAMETRIC_REPRESENTATION_CONTEXT() REPRESENTATION_CONTEXT('2D SPACE',''
  ) );
#4384 = PCURVE('',#1769,#4385);
#4385 = DEFINITIONAL_REPRESENTATION('',(#4386),#4390);
#4386 = LINE('',#4387,#4388);
#4387 = CARTESIAN_POINT('',(358.1,0.));
#4388 = VECTOR('',#4389,1.);
#4389 = DIRECTION('',(0.,-1.));
#4390 = ( GEOMETRIC_REPRESENTATION_CONTEXT(2) 
PARAMETRIC_REPRESENTATION_CONTEXT() REPRESENTATION_CONTEXT('2D SPACE',''
  ) );
#4391 = ORIENTED_EDGE('',*,*,#2117,.F.);
#4392 = ADVANCED_FACE('',(#4393),#1769,.F.);
#4393 = FACE_BOUND('',#4394,.F.);
#4394 = EDGE_LOOP('',(#4395,#4396,#4397,#4398));
#4395 = ORIENTED_EDGE('',*,*,#2094,.F.);
#4396 = ORIENTED_EDGE('',*,*,#3644,.F.);
#4397 = ORIENTED_EDGE('',*,*,#1753,.T.);
#4398 = ORIENTED_EDGE('',*,*,#4371,.F.);
#4399 = ADVANCED_FACE('',(#4400),#1720,.T.);
#4400 = FACE_BOUND('',#4401,.T.);
#4401 = EDGE_LOOP('',(#4402,#4423,#4424,#4425));
#4402 = ORIENTED_EDGE('',*,*,#4403,.F.);
#4403 = EDGE_CURVE('',#3596,#4266,#4404,.T.);
#4404 = SURFACE_CURVE('',#4405,(#4409,#4416),.PCURVE_S1.);
#4405 = LINE('',#4406,#4407);
#4406 = CARTESIAN_POINT('',(-179.05,63.25,22.55));
#4407 = VECTOR('',#4408,1.);
#4408 = DIRECTION('',(1.,0.,0.));
#4409 = PCURVE('',#1720,#4410);
#4410 = DEFINITIONAL_REPRESENTATION('',(#4411),#4415);
#4411 = LINE('',#4412,#4413);
#4412 = CARTESIAN_POINT('',(0.,0.));
#4413 = VECTOR('',#4414,1.);
#4414 = DIRECTION('',(0.,1.));
#4415 = ( GEOMETRIC_REPRESENTATION_CONTEXT(2) 
PARAMETRIC_REPRESENTATION_CONTEXT() REPRESENTATION_CONTEXT('2D SPACE',''
  ) );
#4416 = PCURVE('',#3610,#4417);
#4417 = DEFINITIONAL_REPRESENTATION('',(#4418),#4422);
#4418 = LINE('',#4419,#4420);
#4419 = CARTESIAN_POINT('',(0.,-22.55));
#4420 = VECTOR('',#4421,1.);
#4421 = DIRECTION('',(1.,0.));
#4422 = ( GEOMETRIC_REPRESENTATION_CONTEXT(2) 
PARAMETRIC_REPRESENTATION_CONTEXT() REPRESENTATION_CONTEXT('2D SPACE',''
  ) );
#4423 = ORIENTED_EDGE('',*,*,#3621,.T.);
#4424 = ORIENTED_EDGE('',*,*,#1704,.T.);
#4425 = ORIENTED_EDGE('',*,*,#4426,.F.);
#4426 = EDGE_CURVE('',#4266,#1672,#4427,.T.);
#4427 = SURFACE_CURVE('',#4428,(#4433,#4439),.PCURVE_S1.);
#4428 = CIRCLE('',#4429,1.5);
#4429 = AXIS2_PLACEMENT_3D('',#4430,#4431,#4432);
#4430 = CARTESIAN_POINT('',(179.05,61.75,22.55));
#4431 = DIRECTION('',(1.,0.,0.));
#4432 = DIRECTION('',(-0.,1.,0.));
#4433 = PCURVE('',#1720,#4434);
#4434 = DEFINITIONAL_REPRESENTATION('',(#4435),#4438);
#4435 = B_SPLINE_CURVE_WITH_KNOTS('',1,(#4436,#4437),.UNSPECIFIED.,.F.,
  .F.,(2,2),(0.,1.570796326795),.PIECEWISE_BEZIER_KNOTS.);
#4436 = CARTESIAN_POINT('',(0.,358.1));
#4437 = CARTESIAN_POINT('',(1.570796326795,358.1));
#4438 = ( GEOMETRIC_REPRESENTATION_CONTEXT(2) 
PARAMETRIC_REPRESENTATION_CONTEXT() REPRESENTATION_CONTEXT('2D SPACE',''
  ) );
#4439 = PCURVE('',#1692,#4440);
#4440 = DEFINITIONAL_REPRESENTATION('',(#4441),#4444);
#4441 = B_SPLINE_CURVE_WITH_KNOTS('',1,(#4442,#4443),.UNSPECIFIED.,.F.,
  .F.,(2,2),(0.,1.570796326795),.PIECEWISE_BEZIER_KNOTS.);
#4442 = CARTESIAN_POINT('',(0.,0.));
#4443 = CARTESIAN_POINT('',(0.,1.570796326795));
#4444 = ( GEOMETRIC_REPRESENTATION_CONTEXT(2) 
PARAMETRIC_REPRESENTATION_CONTEXT() REPRESENTATION_CONTEXT('2D SPACE',''
  ) );
#4445 = ADVANCED_FACE('',(#4446),#1692,.T.);
#4446 = FACE_BOUND('',#4447,.F.);
#4447 = EDGE_LOOP('',(#4448,#4449,#4450,#4451));
#4448 = ORIENTED_EDGE('',*,*,#4426,.F.);
#4449 = ORIENTED_EDGE('',*,*,#4288,.T.);
#4450 = ORIENTED_EDGE('',*,*,#4239,.T.);
#4451 = ORIENTED_EDGE('',*,*,#1671,.F.);
#4452 = ADVANCED_FACE('',(#4453),#2038,.F.);
#4453 = FACE_BOUND('',#4454,.T.);
#4454 = EDGE_LOOP('',(#4455,#4478,#4479,#4480));
#4455 = ORIENTED_EDGE('',*,*,#4456,.T.);
#4456 = EDGE_CURVE('',#4457,#1994,#4459,.T.);
#4457 = VERTEX_POINT('',#4458);
#4458 = CARTESIAN_POINT('',(186.35,52.75,2.));
#4459 = SURFACE_CURVE('',#4460,(#4464,#4471),.PCURVE_S1.);
#4460 = LINE('',#4461,#4462);
#4461 = CARTESIAN_POINT('',(186.35,52.75,2.));
#4462 = VECTOR('',#4463,1.);
#4463 = DIRECTION('',(0.,0.,1.));
#4464 = PCURVE('',#2038,#4465);
#4465 = DEFINITIONAL_REPRESENTATION('',(#4466),#4470);
#4466 = LINE('',#4467,#4468);
#4467 = CARTESIAN_POINT('',(-0.,0.));
#4468 = VECTOR('',#4469,1.);
#4469 = DIRECTION('',(-0.,-1.));
#4470 = ( GEOMETRIC_REPRESENTATION_CONTEXT(2) 
PARAMETRIC_REPRESENTATION_CONTEXT() REPRESENTATION_CONTEXT('2D SPACE',''
  ) );
#4471 = PCURVE('',#2009,#4472);
#4472 = DEFINITIONAL_REPRESENTATION('',(#4473),#4477);
#4473 = LINE('',#4474,#4475);
#4474 = CARTESIAN_POINT('',(105.5,0.));
#4475 = VECTOR('',#4476,1.);
#4476 = DIRECTION('',(0.,-1.));
#4477 = ( GEOMETRIC_REPRESENTATION_CONTEXT(2) 
PARAMETRIC_REPRESENTATION_CONTEXT() REPRESENTATION_CONTEXT('2D SPACE',''
  ) );
#4478 = ORIENTED_EDGE('',*,*,#2021,.T.);
#4479 = ORIENTED_EDGE('',*,*,#3425,.F.);
#4480 = ORIENTED_EDGE('',*,*,#4481,.F.);
#4481 = EDGE_CURVE('',#4457,#3426,#4482,.T.);
#4482 = SURFACE_CURVE('',#4483,(#4488,#4495),.PCURVE_S1.);
#4483 = CIRCLE('',#4484,7.3);
#4484 = AXIS2_PLACEMENT_3D('',#4485,#4486,#4487);
#4485 = CARTESIAN_POINT('',(179.05,52.75,2.));
#4486 = DIRECTION('',(0.,0.,1.));
#4487 = DIRECTION('',(1.,0.,0.));
#4488 = PCURVE('',#2038,#4489);
#4489 = DEFINITIONAL_REPRESENTATION('',(#4490),#4494);
#4490 = LINE('',#4491,#4492);
#4491 = CARTESIAN_POINT('',(-0.,0.));
#4492 = VECTOR('',#4493,1.);
#4493 = DIRECTION('',(-1.,0.));
#4494 = ( GEOMETRIC_REPRESENTATION_CONTEXT(2) 
PARAMETRIC_REPRESENTATION_CONTEXT() REPRESENTATION_CONTEXT('2D SPACE',''
  ) );
#4495 = PCURVE('',#2325,#4496);
#4496 = DEFINITIONAL_REPRESENTATION('',(#4497),#4501);
#4497 = CIRCLE('',#4498,7.3);
#4498 = AXIS2_PLACEMENT_2D('',#4499,#4500);
#4499 = CARTESIAN_POINT('',(179.05,52.75));
#4500 = DIRECTION('',(1.,0.));
#4501 = ( GEOMETRIC_REPRESENTATION_CONTEXT(2) 
PARAMETRIC_REPRESENTATION_CONTEXT() REPRESENTATION_CONTEXT('2D SPACE',''
  ) );
#4502 = ADVANCED_FACE('',(#4503),#2009,.T.);
#4503 = FACE_BOUND('',#4504,.T.);
#4504 = EDGE_LOOP('',(#4505,#4528,#4529,#4530));
#4505 = ORIENTED_EDGE('',*,*,#4506,.T.);
#4506 = EDGE_CURVE('',#4507,#1965,#4509,.T.);
#4507 = VERTEX_POINT('',#4508);
#4508 = CARTESIAN_POINT('',(186.35,-52.75,2.));
#4509 = SURFACE_CURVE('',#4510,(#4514,#4521),.PCURVE_S1.);
#4510 = LINE('',#4511,#4512);
#4511 = CARTESIAN_POINT('',(186.35,-52.75,2.));
#4512 = VECTOR('',#4513,1.);
#4513 = DIRECTION('',(0.,0.,1.));
#4514 = PCURVE('',#2009,#4515);
#4515 = DEFINITIONAL_REPRESENTATION('',(#4516),#4520);
#4516 = LINE('',#4517,#4518);
#4517 = CARTESIAN_POINT('',(0.,0.));
#4518 = VECTOR('',#4519,1.);
#4519 = DIRECTION('',(0.,-1.));
#4520 = ( GEOMETRIC_REPRESENTATION_CONTEXT(2) 
PARAMETRIC_REPRESENTATION_CONTEXT() REPRESENTATION_CONTEXT('2D SPACE',''
  ) );
#4521 = PCURVE('',#1981,#4522);
#4522 = DEFINITIONAL_REPRESENTATION('',(#4523),#4527);
#4523 = LINE('',#4524,#4525);
#4524 = CARTESIAN_POINT('',(-6.28318530718,0.));
#4525 = VECTOR('',#4526,1.);
#4526 = DIRECTION('',(-0.,-1.));
#4527 = ( GEOMETRIC_REPRESENTATION_CONTEXT(2) 
PARAMETRIC_REPRESENTATION_CONTEXT() REPRESENTATION_CONTEXT('2D SPACE',''
  ) );
#4528 = ORIENTED_EDGE('',*,*,#1993,.T.);
#4529 = ORIENTED_EDGE('',*,*,#4456,.F.);
#4530 = ORIENTED_EDGE('',*,*,#4531,.F.);
#4531 = EDGE_CURVE('',#4507,#4457,#4532,.T.);
#4532 = SURFACE_CURVE('',#4533,(#4537,#4544),.PCURVE_S1.);
#4533 = LINE('',#4534,#4535);
#4534 = CARTESIAN_POINT('',(186.35,0.,2.));
#4535 = VECTOR('',#4536,1.);
#4536 = DIRECTION('',(0.,1.,0.));
#4537 = PCURVE('',#2009,#4538);
#4538 = DEFINITIONAL_REPRESENTATION('',(#4539),#4543);
#4539 = LINE('',#4540,#4541);
#4540 = CARTESIAN_POINT('',(52.75,0.));
#4541 = VECTOR('',#4542,1.);
#4542 = DIRECTION('',(1.,0.));
#4543 = ( GEOMETRIC_REPRESENTATION_CONTEXT(2) 
PARAMETRIC_REPRESENTATION_CONTEXT() REPRESENTATION_CONTEXT('2D SPACE',''
  ) );
#4544 = PCURVE('',#2325,#4545);
#4545 = DEFINITIONAL_REPRESENTATION('',(#4546),#4550);
#4546 = LINE('',#4547,#4548);
#4547 = CARTESIAN_POINT('',(186.35,-7.452133509624E-16));
#4548 = VECTOR('',#4549,1.);
#4549 = DIRECTION('',(0.,1.));
#4550 = ( GEOMETRIC_REPRESENTATION_CONTEXT(2) 
PARAMETRIC_REPRESENTATION_CONTEXT() REPRESENTATION_CONTEXT('2D SPACE',''
  ) );
#4551 = ADVANCED_FACE('',(#4552),#1981,.F.);
#4552 = FACE_BOUND('',#4553,.T.);
#4553 = EDGE_LOOP('',(#4554,#4555,#4556,#4557));
#4554 = ORIENTED_EDGE('',*,*,#2286,.T.);
#4555 = ORIENTED_EDGE('',*,*,#1964,.T.);
#4556 = ORIENTED_EDGE('',*,*,#4506,.F.);
#4557 = ORIENTED_EDGE('',*,*,#4558,.F.);
#4558 = EDGE_CURVE('',#2287,#4507,#4559,.T.);
#4559 = SURFACE_CURVE('',#4560,(#4565,#4572),.PCURVE_S1.);
#4560 = CIRCLE('',#4561,7.3);
#4561 = AXIS2_PLACEMENT_3D('',#4562,#4563,#4564);
#4562 = CARTESIAN_POINT('',(179.05,-52.75,2.));
#4563 = DIRECTION('',(0.,0.,1.));
#4564 = DIRECTION('',(1.,0.,0.));
#4565 = PCURVE('',#1981,#4566);
#4566 = DEFINITIONAL_REPRESENTATION('',(#4567),#4571);
#4567 = LINE('',#4568,#4569);
#4568 = CARTESIAN_POINT('',(-0.,0.));
#4569 = VECTOR('',#4570,1.);
#4570 = DIRECTION('',(-1.,0.));
#4571 = ( GEOMETRIC_REPRESENTATION_CONTEXT(2) 
PARAMETRIC_REPRESENTATION_CONTEXT() REPRESENTATION_CONTEXT('2D SPACE',''
  ) );
#4572 = PCURVE('',#2325,#4573);
#4573 = DEFINITIONAL_REPRESENTATION('',(#4574),#4578);
#4574 = CIRCLE('',#4575,7.3);
#4575 = AXIS2_PLACEMENT_2D('',#4576,#4577);
#4576 = CARTESIAN_POINT('',(179.05,-52.75));
#4577 = DIRECTION('',(1.,0.));
#4578 = ( GEOMETRIC_REPRESENTATION_CONTEXT(2) 
PARAMETRIC_REPRESENTATION_CONTEXT() REPRESENTATION_CONTEXT('2D SPACE',''
  ) );
#4579 = ADVANCED_FACE('',(#4580,#4594,#4597),#2325,.T.);
#4580 = FACE_BOUND('',#4581,.T.);
#4581 = EDGE_LOOP('',(#4582,#4583,#4584,#4585,#4586,#4587,#4588,#4589,
    #4590,#4591,#4592,#4593));
#4582 = ORIENTED_EDGE('',*,*,#3009,.F.);
#4583 = ORIENTED_EDGE('',*,*,#2309,.T.);
#4584 = ORIENTED_EDGE('',*,*,#4558,.T.);
#4585 = ORIENTED_EDGE('',*,*,#4531,.T.);
#4586 = ORIENTED_EDGE('',*,*,#4481,.T.);
#4587 = ORIENTED_EDGE('',*,*,#3448,.F.);
#4588 = ORIENTED_EDGE('',*,*,#3305,.F.);
#4589 = ORIENTED_EDGE('',*,*,#3278,.T.);
#4590 = ORIENTED_EDGE('',*,*,#3206,.F.);
#4591 = ORIENTED_EDGE('',*,*,#3157,.F.);
#4592 = ORIENTED_EDGE('',*,*,#3107,.F.);
#4593 = ORIENTED_EDGE('',*,*,#3058,.F.);
#4594 = FACE_BOUND('',#4595,.T.);
#4595 = EDGE_LOOP('',(#4596));
#4596 = ORIENTED_EDGE('',*,*,#4162,.F.);
#4597 = FACE_BOUND('',#4598,.T.);
#4598 = EDGE_LOOP('',(#4599));
#4599 = ORIENTED_EDGE('',*,*,#4212,.F.);
#4600 = ADVANCED_FACE('',(#4601),#2427,.F.);
#4601 = FACE_BOUND('',#4602,.F.);
#4602 = EDGE_LOOP('',(#4603,#4604,#4605,#4606,#4607,#4608,#4609,#4610,
    #4611,#4612,#4613,#4614));
#4603 = ORIENTED_EDGE('',*,*,#2970,.F.);
#4604 = ORIENTED_EDGE('',*,*,#2411,.T.);
#4605 = ORIENTED_EDGE('',*,*,#2487,.F.);
#4606 = ORIENTED_EDGE('',*,*,#2519,.T.);
#4607 = ORIENTED_EDGE('',*,*,#2590,.F.);
#4608 = ORIENTED_EDGE('',*,*,#2639,.F.);
#4609 = ORIENTED_EDGE('',*,*,#2666,.T.);
#4610 = ORIENTED_EDGE('',*,*,#2742,.F.);
#4611 = ORIENTED_EDGE('',*,*,#2769,.T.);
#4612 = ORIENTED_EDGE('',*,*,#2823,.T.);
#4613 = ORIENTED_EDGE('',*,*,#2894,.F.);
#4614 = ORIENTED_EDGE('',*,*,#2943,.F.);
#4615 = ADVANCED_FACE('',(#4616),#3393,.T.);
#4616 = FACE_BOUND('',#4617,.T.);
#4617 = EDGE_LOOP('',(#4618,#4619,#4620,#4621));
#4618 = ORIENTED_EDGE('',*,*,#3377,.F.);
#4619 = ORIENTED_EDGE('',*,*,#3665,.F.);
#4620 = ORIENTED_EDGE('',*,*,#3544,.T.);
#4621 = ORIENTED_EDGE('',*,*,#3496,.T.);
#4622 = ADVANCED_FACE('',(#4623),#3610,.T.);
#4623 = FACE_BOUND('',#4624,.T.);
#4624 = EDGE_LOOP('',(#4625,#4626,#4627,#4628));
#4625 = ORIENTED_EDGE('',*,*,#4037,.F.);
#4626 = ORIENTED_EDGE('',*,*,#3595,.F.);
#4627 = ORIENTED_EDGE('',*,*,#4403,.T.);
#4628 = ORIENTED_EDGE('',*,*,#4265,.F.);
#4629 = ADVANCED_FACE('',(#4630),#3704,.T.);
#4630 = FACE_BOUND('',#4631,.T.);
#4631 = EDGE_LOOP('',(#4632,#4655,#4683,#4704));
#4632 = ORIENTED_EDGE('',*,*,#4633,.T.);
#4633 = EDGE_CURVE('',#3687,#4634,#4636,.T.);
#4634 = VERTEX_POINT('',#4635);
#4635 = CARTESIAN_POINT('',(5.5,47.3,1.1));
#4636 = SURFACE_CURVE('',#4637,(#4641,#4648),.PCURVE_S1.);
#4637 = LINE('',#4638,#4639);
#4638 = CARTESIAN_POINT('',(0.,47.3,1.1));
#4639 = VECTOR('',#4640,1.);
#4640 = DIRECTION('',(1.,0.,0.));
#4641 = PCURVE('',#3704,#4642);
#4642 = DEFINITIONAL_REPRESENTATION('',(#4643),#4647);
#4643 = LINE('',#4644,#4645);
#4644 = CARTESIAN_POINT('',(0.,0.));
#4645 = VECTOR('',#4646,1.);
#4646 = DIRECTION('',(0.,-1.));
#4647 = ( GEOMETRIC_REPRESENTATION_CONTEXT(2) 
PARAMETRIC_REPRESENTATION_CONTEXT() REPRESENTATION_CONTEXT('2D SPACE',''
  ) );
#4648 = PCURVE('',#3732,#4649);
#4649 = DEFINITIONAL_REPRESENTATION('',(#4650),#4654);
#4650 = LINE('',#4651,#4652);
#4651 = CARTESIAN_POINT('',(-7.105427357601E-15,0.));
#4652 = VECTOR('',#4653,1.);
#4653 = DIRECTION('',(0.,-1.));
#4654 = ( GEOMETRIC_REPRESENTATION_CONTEXT(2) 
PARAMETRIC_REPRESENTATION_CONTEXT() REPRESENTATION_CONTEXT('2D SPACE',''
  ) );
#4655 = ORIENTED_EDGE('',*,*,#4656,.T.);
#4656 = EDGE_CURVE('',#4634,#4657,#4659,.T.);
#4657 = VERTEX_POINT('',#4658);
#4658 = CARTESIAN_POINT('',(5.5,47.3,0.9));
#4659 = SURFACE_CURVE('',#4660,(#4664,#4671),.PCURVE_S1.);
#4660 = LINE('',#4661,#4662);
#4661 = CARTESIAN_POINT('',(5.5,47.3,0.));
#4662 = VECTOR('',#4663,1.);
#4663 = DIRECTION('',(-0.,0.,-1.));
#4664 = PCURVE('',#3704,#4665);
#4665 = DEFINITIONAL_REPRESENTATION('',(#4666),#4670);
#4666 = LINE('',#4667,#4668);
#4667 = CARTESIAN_POINT('',(1.1,-5.5));
#4668 = VECTOR('',#4669,1.);
#4669 = DIRECTION('',(1.,0.));
#4670 = ( GEOMETRIC_REPRESENTATION_CONTEXT(2) 
PARAMETRIC_REPRESENTATION_CONTEXT() REPRESENTATION_CONTEXT('2D SPACE',''
  ) );
#4671 = PCURVE('',#4672,#4677);
#4672 = PLANE('',#4673);
#4673 = AXIS2_PLACEMENT_3D('',#4674,#4675,#4676);
#4674 = CARTESIAN_POINT('',(5.5,0.,0.));
#4675 = DIRECTION('',(1.,0.,0.));
#4676 = DIRECTION('',(-0.,1.,0.));
#4677 = DEFINITIONAL_REPRESENTATION('',(#4678),#4682);
#4678 = LINE('',#4679,#4680);
#4679 = CARTESIAN_POINT('',(47.3,0.));
#4680 = VECTOR('',#4681,1.);
#4681 = DIRECTION('',(0.,-1.));
#4682 = ( GEOMETRIC_REPRESENTATION_CONTEXT(2) 
PARAMETRIC_REPRESENTATION_CONTEXT() REPRESENTATION_CONTEXT('2D SPACE',''
  ) );
#4683 = ORIENTED_EDGE('',*,*,#4684,.F.);
#4684 = EDGE_CURVE('',#3689,#4657,#4685,.T.);
#4685 = SURFACE_CURVE('',#4686,(#4690,#4697),.PCURVE_S1.);
#4686 = LINE('',#4687,#4688);
#4687 = CARTESIAN_POINT('',(0.,47.3,0.9));
#4688 = VECTOR('',#4689,1.);
#4689 = DIRECTION('',(1.,0.,0.));
#4690 = PCURVE('',#3704,#4691);
#4691 = DEFINITIONAL_REPRESENTATION('',(#4692),#4696);
#4692 = LINE('',#4693,#4694);
#4693 = CARTESIAN_POINT('',(0.2,0.));
#4694 = VECTOR('',#4695,1.);
#4695 = DIRECTION('',(0.,-1.));
#4696 = ( GEOMETRIC_REPRESENTATION_CONTEXT(2) 
PARAMETRIC_REPRESENTATION_CONTEXT() REPRESENTATION_CONTEXT('2D SPACE',''
  ) );
#4697 = PCURVE('',#4022,#4698);
#4698 = DEFINITIONAL_REPRESENTATION('',(#4699),#4703);
#4699 = LINE('',#4700,#4701);
#4700 = CARTESIAN_POINT('',(-7.105427357601E-15,0.));
#4701 = VECTOR('',#4702,1.);
#4702 = DIRECTION('',(0.,-1.));
#4703 = ( GEOMETRIC_REPRESENTATION_CONTEXT(2) 
PARAMETRIC_REPRESENTATION_CONTEXT() REPRESENTATION_CONTEXT('2D SPACE',''
  ) );
#4704 = ORIENTED_EDGE('',*,*,#3686,.F.);
#4705 = ADVANCED_FACE('',(#4706),#4022,.T.);
#4706 = FACE_BOUND('',#4707,.T.);
#4707 = EDGE_LOOP('',(#4708,#4709,#4732,#4753));
#4708 = ORIENTED_EDGE('',*,*,#4684,.T.);
#4709 = ORIENTED_EDGE('',*,*,#4710,.T.);
#4710 = EDGE_CURVE('',#4657,#4711,#4713,.T.);
#4711 = VERTEX_POINT('',#4712);
#4712 = CARTESIAN_POINT('',(5.5,61.75,0.9));
#4713 = SURFACE_CURVE('',#4714,(#4718,#4725),.PCURVE_S1.);
#4714 = LINE('',#4715,#4716);
#4715 = CARTESIAN_POINT('',(5.5,9.880359169397E-16,0.9));
#4716 = VECTOR('',#4717,1.);
#4717 = DIRECTION('',(0.,1.,0.));
#4718 = PCURVE('',#4022,#4719);
#4719 = DEFINITIONAL_REPRESENTATION('',(#4720),#4724);
#4720 = LINE('',#4721,#4722);
#4721 = CARTESIAN_POINT('',(-47.3,-5.5));
#4722 = VECTOR('',#4723,1.);
#4723 = DIRECTION('',(1.,0.));
#4724 = ( GEOMETRIC_REPRESENTATION_CONTEXT(2) 
PARAMETRIC_REPRESENTATION_CONTEXT() REPRESENTATION_CONTEXT('2D SPACE',''
  ) );
#4725 = PCURVE('',#4672,#4726);
#4726 = DEFINITIONAL_REPRESENTATION('',(#4727),#4731);
#4727 = LINE('',#4728,#4729);
#4728 = CARTESIAN_POINT('',(9.880359169397E-16,0.9));
#4729 = VECTOR('',#4730,1.);
#4730 = DIRECTION('',(1.,0.));
#4731 = ( GEOMETRIC_REPRESENTATION_CONTEXT(2) 
PARAMETRIC_REPRESENTATION_CONTEXT() REPRESENTATION_CONTEXT('2D SPACE',''
  ) );
#4732 = ORIENTED_EDGE('',*,*,#4733,.F.);
#4733 = EDGE_CURVE('',#3980,#4711,#4734,.T.);
#4734 = SURFACE_CURVE('',#4735,(#4739,#4746),.PCURVE_S1.);
#4735 = LINE('',#4736,#4737);
#4736 = CARTESIAN_POINT('',(0.,61.75,0.9));
#4737 = VECTOR('',#4738,1.);
#4738 = DIRECTION('',(1.,0.,0.));
#4739 = PCURVE('',#4022,#4740);
#4740 = DEFINITIONAL_REPRESENTATION('',(#4741),#4745);
#4741 = LINE('',#4742,#4743);
#4742 = CARTESIAN_POINT('',(14.45,0.));
#4743 = VECTOR('',#4744,1.);
#4744 = DIRECTION('',(0.,-1.));
#4745 = ( GEOMETRIC_REPRESENTATION_CONTEXT(2) 
PARAMETRIC_REPRESENTATION_CONTEXT() REPRESENTATION_CONTEXT('2D SPACE',''
  ) );
#4746 = PCURVE('',#3996,#4747);
#4747 = DEFINITIONAL_REPRESENTATION('',(#4748),#4752);
#4748 = LINE('',#4749,#4750);
#4749 = CARTESIAN_POINT('',(-4.712388980385,0.));
#4750 = VECTOR('',#4751,1.);
#4751 = DIRECTION('',(-0.,-1.));
#4752 = ( GEOMETRIC_REPRESENTATION_CONTEXT(2) 
PARAMETRIC_REPRESENTATION_CONTEXT() REPRESENTATION_CONTEXT('2D SPACE',''
  ) );
#4753 = ORIENTED_EDGE('',*,*,#4008,.F.);
#4754 = ADVANCED_FACE('',(#4755),#3996,.F.);
#4755 = FACE_BOUND('',#4756,.T.);
#4756 = EDGE_LOOP('',(#4757,#4758,#4782,#4803));
#4757 = ORIENTED_EDGE('',*,*,#4733,.T.);
#4758 = ORIENTED_EDGE('',*,*,#4759,.T.);
#4759 = EDGE_CURVE('',#4711,#4760,#4762,.T.);
#4760 = VERTEX_POINT('',#4761);
#4761 = CARTESIAN_POINT('',(5.5,62.35,1.5));
#4762 = SURFACE_CURVE('',#4763,(#4768,#4775),.PCURVE_S1.);
#4763 = CIRCLE('',#4764,0.6);
#4764 = AXIS2_PLACEMENT_3D('',#4765,#4766,#4767);
#4765 = CARTESIAN_POINT('',(5.5,61.75,1.5));
#4766 = DIRECTION('',(1.,0.,-0.));
#4767 = DIRECTION('',(0.,1.,0.));
#4768 = PCURVE('',#3996,#4769);
#4769 = DEFINITIONAL_REPRESENTATION('',(#4770),#4774);
#4770 = LINE('',#4771,#4772);
#4771 = CARTESIAN_POINT('',(-0.,-5.5));
#4772 = VECTOR('',#4773,1.);
#4773 = DIRECTION('',(-1.,0.));
#4774 = ( GEOMETRIC_REPRESENTATION_CONTEXT(2) 
PARAMETRIC_REPRESENTATION_CONTEXT() REPRESENTATION_CONTEXT('2D SPACE',''
  ) );
#4775 = PCURVE('',#4672,#4776);
#4776 = DEFINITIONAL_REPRESENTATION('',(#4777),#4781);
#4777 = CIRCLE('',#4778,0.6);
#4778 = AXIS2_PLACEMENT_2D('',#4779,#4780);
#4779 = CARTESIAN_POINT('',(61.75,1.5));
#4780 = DIRECTION('',(1.,0.));
#4781 = ( GEOMETRIC_REPRESENTATION_CONTEXT(2) 
PARAMETRIC_REPRESENTATION_CONTEXT() REPRESENTATION_CONTEXT('2D SPACE',''
  ) );
#4782 = ORIENTED_EDGE('',*,*,#4783,.F.);
#4783 = EDGE_CURVE('',#3952,#4760,#4784,.T.);
#4784 = SURFACE_CURVE('',#4785,(#4789,#4796),.PCURVE_S1.);
#4785 = LINE('',#4786,#4787);
#4786 = CARTESIAN_POINT('',(0.,62.35,1.5));
#4787 = VECTOR('',#4788,1.);
#4788 = DIRECTION('',(1.,0.,0.));
#4789 = PCURVE('',#3996,#4790);
#4790 = DEFINITIONAL_REPRESENTATION('',(#4791),#4795);
#4791 = LINE('',#4792,#4793);
#4792 = CARTESIAN_POINT('',(-6.28318530718,0.));
#4793 = VECTOR('',#4794,1.);
#4794 = DIRECTION('',(-0.,-1.));
#4795 = ( GEOMETRIC_REPRESENTATION_CONTEXT(2) 
PARAMETRIC_REPRESENTATION_CONTEXT() REPRESENTATION_CONTEXT('2D SPACE',''
  ) );
#4796 = PCURVE('',#3967,#4797);
#4797 = DEFINITIONAL_REPRESENTATION('',(#4798),#4802);
#4798 = LINE('',#4799,#4800);
#4799 = CARTESIAN_POINT('',(21.05,0.));
#4800 = VECTOR('',#4801,1.);
#4801 = DIRECTION('',(0.,-1.));
#4802 = ( GEOMETRIC_REPRESENTATION_CONTEXT(2) 
PARAMETRIC_REPRESENTATION_CONTEXT() REPRESENTATION_CONTEXT('2D SPACE',''
  ) );
#4803 = ORIENTED_EDGE('',*,*,#3979,.F.);
#4804 = ADVANCED_FACE('',(#4805),#3967,.F.);
#4805 = FACE_BOUND('',#4806,.F.);
#4806 = EDGE_LOOP('',(#4807,#4830,#4851,#4852));
#4807 = ORIENTED_EDGE('',*,*,#4808,.T.);
#4808 = EDGE_CURVE('',#3923,#4809,#4811,.T.);
#4809 = VERTEX_POINT('',#4810);
#4810 = CARTESIAN_POINT('',(5.5,62.35,22.55));
#4811 = SURFACE_CURVE('',#4812,(#4816,#4823),.PCURVE_S1.);
#4812 = LINE('',#4813,#4814);
#4813 = CARTESIAN_POINT('',(0.,62.35,22.55));
#4814 = VECTOR('',#4815,1.);
#4815 = DIRECTION('',(1.,0.,0.));
#4816 = PCURVE('',#3967,#4817);
#4817 = DEFINITIONAL_REPRESENTATION('',(#4818),#4822);
#4818 = LINE('',#4819,#4820);
#4819 = CARTESIAN_POINT('',(0.,0.));
#4820 = VECTOR('',#4821,1.);
#4821 = DIRECTION('',(0.,-1.));
#4822 = ( GEOMETRIC_REPRESENTATION_CONTEXT(2) 
PARAMETRIC_REPRESENTATION_CONTEXT() REPRESENTATION_CONTEXT('2D SPACE',''
  ) );
#4823 = PCURVE('',#3939,#4824);
#4824 = DEFINITIONAL_REPRESENTATION('',(#4825),#4829);
#4825 = LINE('',#4826,#4827);
#4826 = CARTESIAN_POINT('',(-6.28318530718,0.));
#4827 = VECTOR('',#4828,1.);
#4828 = DIRECTION('',(-0.,-1.));
#4829 = ( GEOMETRIC_REPRESENTATION_CONTEXT(2) 
PARAMETRIC_REPRESENTATION_CONTEXT() REPRESENTATION_CONTEXT('2D SPACE',''
  ) );
#4830 = ORIENTED_EDGE('',*,*,#4831,.T.);
#4831 = EDGE_CURVE('',#4809,#4760,#4832,.T.);
#4832 = SURFACE_CURVE('',#4833,(#4837,#4844),.PCURVE_S1.);
#4833 = LINE('',#4834,#4835);
#4834 = CARTESIAN_POINT('',(5.5,62.35,0.));
#4835 = VECTOR('',#4836,1.);
#4836 = DIRECTION('',(-0.,0.,-1.));
#4837 = PCURVE('',#3967,#4838);
#4838 = DEFINITIONAL_REPRESENTATION('',(#4839),#4843);
#4839 = LINE('',#4840,#4841);
#4840 = CARTESIAN_POINT('',(22.55,-5.5));
#4841 = VECTOR('',#4842,1.);
#4842 = DIRECTION('',(1.,0.));
#4843 = ( GEOMETRIC_REPRESENTATION_CONTEXT(2) 
PARAMETRIC_REPRESENTATION_CONTEXT() REPRESENTATION_CONTEXT('2D SPACE',''
  ) );
#4844 = PCURVE('',#4672,#4845);
#4845 = DEFINITIONAL_REPRESENTATION('',(#4846),#4850);
#4846 = LINE('',#4847,#4848);
#4847 = CARTESIAN_POINT('',(62.35,0.));
#4848 = VECTOR('',#4849,1.);
#4849 = DIRECTION('',(0.,-1.));
#4850 = ( GEOMETRIC_REPRESENTATION_CONTEXT(2) 
PARAMETRIC_REPRESENTATION_CONTEXT() REPRESENTATION_CONTEXT('2D SPACE',''
  ) );
#4851 = ORIENTED_EDGE('',*,*,#4783,.F.);
#4852 = ORIENTED_EDGE('',*,*,#3951,.F.);
#4853 = ADVANCED_FACE('',(#4854),#3939,.F.);
#4854 = FACE_BOUND('',#4855,.T.);
#4855 = EDGE_LOOP('',(#4856,#4857,#4881,#4902));
#4856 = ORIENTED_EDGE('',*,*,#4808,.T.);
#4857 = ORIENTED_EDGE('',*,*,#4858,.T.);
#4858 = EDGE_CURVE('',#4809,#4859,#4861,.T.);
#4859 = VERTEX_POINT('',#4860);
#4860 = CARTESIAN_POINT('',(5.5,61.75,23.15));
#4861 = SURFACE_CURVE('',#4862,(#4867,#4874),.PCURVE_S1.);
#4862 = CIRCLE('',#4863,0.6);
#4863 = AXIS2_PLACEMENT_3D('',#4864,#4865,#4866);
#4864 = CARTESIAN_POINT('',(5.5,61.75,22.55));
#4865 = DIRECTION('',(1.,0.,-0.));
#4866 = DIRECTION('',(0.,1.,0.));
#4867 = PCURVE('',#3939,#4868);
#4868 = DEFINITIONAL_REPRESENTATION('',(#4869),#4873);
#4869 = LINE('',#4870,#4871);
#4870 = CARTESIAN_POINT('',(-0.,-5.5));
#4871 = VECTOR('',#4872,1.);
#4872 = DIRECTION('',(-1.,0.));
#4873 = ( GEOMETRIC_REPRESENTATION_CONTEXT(2) 
PARAMETRIC_REPRESENTATION_CONTEXT() REPRESENTATION_CONTEXT('2D SPACE',''
  ) );
#4874 = PCURVE('',#4672,#4875);
#4875 = DEFINITIONAL_REPRESENTATION('',(#4876),#4880);
#4876 = CIRCLE('',#4877,0.6);
#4877 = AXIS2_PLACEMENT_2D('',#4878,#4879);
#4878 = CARTESIAN_POINT('',(61.75,22.55));
#4879 = DIRECTION('',(1.,0.));
#4880 = ( GEOMETRIC_REPRESENTATION_CONTEXT(2) 
PARAMETRIC_REPRESENTATION_CONTEXT() REPRESENTATION_CONTEXT('2D SPACE',''
  ) );
#4881 = ORIENTED_EDGE('',*,*,#4882,.F.);
#4882 = EDGE_CURVE('',#3895,#4859,#4883,.T.);
#4883 = SURFACE_CURVE('',#4884,(#4888,#4895),.PCURVE_S1.);
#4884 = LINE('',#4885,#4886);
#4885 = CARTESIAN_POINT('',(0.,61.75,23.15));
#4886 = VECTOR('',#4887,1.);
#4887 = DIRECTION('',(1.,0.,0.));
#4888 = PCURVE('',#3939,#4889);
#4889 = DEFINITIONAL_REPRESENTATION('',(#4890),#4894);
#4890 = LINE('',#4891,#4892);
#4891 = CARTESIAN_POINT('',(-7.853981633974,0.));
#4892 = VECTOR('',#4893,1.);
#4893 = DIRECTION('',(-0.,-1.));
#4894 = ( GEOMETRIC_REPRESENTATION_CONTEXT(2) 
PARAMETRIC_REPRESENTATION_CONTEXT() REPRESENTATION_CONTEXT('2D SPACE',''
  ) );
#4895 = PCURVE('',#3910,#4896);
#4896 = DEFINITIONAL_REPRESENTATION('',(#4897),#4901);
#4897 = LINE('',#4898,#4899);
#4898 = CARTESIAN_POINT('',(3.8,0.));
#4899 = VECTOR('',#4900,1.);
#4900 = DIRECTION('',(0.,-1.));
#4901 = ( GEOMETRIC_REPRESENTATION_CONTEXT(2) 
PARAMETRIC_REPRESENTATION_CONTEXT() REPRESENTATION_CONTEXT('2D SPACE',''
  ) );
#4902 = ORIENTED_EDGE('',*,*,#3922,.F.);
#4903 = ADVANCED_FACE('',(#4904),#3910,.F.);
#4904 = FACE_BOUND('',#4905,.F.);
#4905 = EDGE_LOOP('',(#4906,#4929,#4950,#4951));
#4906 = ORIENTED_EDGE('',*,*,#4907,.T.);
#4907 = EDGE_CURVE('',#3867,#4908,#4910,.T.);
#4908 = VERTEX_POINT('',#4909);
#4909 = CARTESIAN_POINT('',(5.5,57.95,23.15));
#4910 = SURFACE_CURVE('',#4911,(#4915,#4922),.PCURVE_S1.);
#4911 = LINE('',#4912,#4913);
#4912 = CARTESIAN_POINT('',(0.,57.95,23.15));
#4913 = VECTOR('',#4914,1.);
#4914 = DIRECTION('',(1.,0.,0.));
#4915 = PCURVE('',#3910,#4916);
#4916 = DEFINITIONAL_REPRESENTATION('',(#4917),#4921);
#4917 = LINE('',#4918,#4919);
#4918 = CARTESIAN_POINT('',(0.,0.));
#4919 = VECTOR('',#4920,1.);
#4920 = DIRECTION('',(0.,-1.));
#4921 = ( GEOMETRIC_REPRESENTATION_CONTEXT(2) 
PARAMETRIC_REPRESENTATION_CONTEXT() REPRESENTATION_CONTEXT('2D SPACE',''
  ) );
#4922 = PCURVE('',#3882,#4923);
#4923 = DEFINITIONAL_REPRESENTATION('',(#4924),#4928);
#4924 = LINE('',#4925,#4926);
#4925 = CARTESIAN_POINT('',(0.,0.));
#4926 = VECTOR('',#4927,1.);
#4927 = DIRECTION('',(0.,-1.));
#4928 = ( GEOMETRIC_REPRESENTATION_CONTEXT(2) 
PARAMETRIC_REPRESENTATION_CONTEXT() REPRESENTATION_CONTEXT('2D SPACE',''
  ) );
#4929 = ORIENTED_EDGE('',*,*,#4930,.T.);
#4930 = EDGE_CURVE('',#4908,#4859,#4931,.T.);
#4931 = SURFACE_CURVE('',#4932,(#4936,#4943),.PCURVE_S1.);
#4932 = LINE('',#4933,#4934);
#4933 = CARTESIAN_POINT('',(5.5,9.880359169397E-16,23.15));
#4934 = VECTOR('',#4935,1.);
#4935 = DIRECTION('',(0.,1.,0.));
#4936 = PCURVE('',#3910,#4937);
#4937 = DEFINITIONAL_REPRESENTATION('',(#4938),#4942);
#4938 = LINE('',#4939,#4940);
#4939 = CARTESIAN_POINT('',(-57.95,-5.5));
#4940 = VECTOR('',#4941,1.);
#4941 = DIRECTION('',(1.,0.));
#4942 = ( GEOMETRIC_REPRESENTATION_CONTEXT(2) 
PARAMETRIC_REPRESENTATION_CONTEXT() REPRESENTATION_CONTEXT('2D SPACE',''
  ) );
#4943 = PCURVE('',#4672,#4944);
#4944 = DEFINITIONAL_REPRESENTATION('',(#4945),#4949);
#4945 = LINE('',#4946,#4947);
#4946 = CARTESIAN_POINT('',(9.880359169397E-16,23.15));
#4947 = VECTOR('',#4948,1.);
#4948 = DIRECTION('',(1.,0.));
#4949 = ( GEOMETRIC_REPRESENTATION_CONTEXT(2) 
PARAMETRIC_REPRESENTATION_CONTEXT() REPRESENTATION_CONTEXT('2D SPACE',''
  ) );
#4950 = ORIENTED_EDGE('',*,*,#4882,.F.);
#4951 = ORIENTED_EDGE('',*,*,#3894,.F.);
#4952 = ADVANCED_FACE('',(#4953),#3882,.T.);
#4953 = FACE_BOUND('',#4954,.T.);
#4954 = EDGE_LOOP('',(#4955,#4956,#4979,#5000));
#4955 = ORIENTED_EDGE('',*,*,#4907,.T.);
#4956 = ORIENTED_EDGE('',*,*,#4957,.T.);
#4957 = EDGE_CURVE('',#4908,#4958,#4960,.T.);
#4958 = VERTEX_POINT('',#4959);
#4959 = CARTESIAN_POINT('',(5.5,57.95,22.95));
#4960 = SURFACE_CURVE('',#4961,(#4965,#4972),.PCURVE_S1.);
#4961 = LINE('',#4962,#4963);
#4962 = CARTESIAN_POINT('',(5.5,57.95,11.025));
#4963 = VECTOR('',#4964,1.);
#4964 = DIRECTION('',(-0.,0.,-1.));
#4965 = PCURVE('',#3882,#4966);
#4966 = DEFINITIONAL_REPRESENTATION('',(#4967),#4971);
#4967 = LINE('',#4968,#4969);
#4968 = CARTESIAN_POINT('',(12.125,-5.5));
#4969 = VECTOR('',#4970,1.);
#4970 = DIRECTION('',(1.,0.));
#4971 = ( GEOMETRIC_REPRESENTATION_CONTEXT(2) 
PARAMETRIC_REPRESENTATION_CONTEXT() REPRESENTATION_CONTEXT('2D SPACE',''
  ) );
#4972 = PCURVE('',#4672,#4973);
#4973 = DEFINITIONAL_REPRESENTATION('',(#4974),#4978);
#4974 = LINE('',#4975,#4976);
#4975 = CARTESIAN_POINT('',(57.95,11.025));
#4976 = VECTOR('',#4977,1.);
#4977 = DIRECTION('',(0.,-1.));
#4978 = ( GEOMETRIC_REPRESENTATION_CONTEXT(2) 
PARAMETRIC_REPRESENTATION_CONTEXT() REPRESENTATION_CONTEXT('2D SPACE',''
  ) );
#4979 = ORIENTED_EDGE('',*,*,#4980,.F.);
#4980 = EDGE_CURVE('',#3839,#4958,#4981,.T.);
#4981 = SURFACE_CURVE('',#4982,(#4986,#4993),.PCURVE_S1.);
#4982 = LINE('',#4983,#4984);
#4983 = CARTESIAN_POINT('',(0.,57.95,22.95));
#4984 = VECTOR('',#4985,1.);
#4985 = DIRECTION('',(1.,0.,0.));
#4986 = PCURVE('',#3882,#4987);
#4987 = DEFINITIONAL_REPRESENTATION('',(#4988),#4992);
#4988 = LINE('',#4989,#4990);
#4989 = CARTESIAN_POINT('',(0.2,0.));
#4990 = VECTOR('',#4991,1.);
#4991 = DIRECTION('',(0.,-1.));
#4992 = ( GEOMETRIC_REPRESENTATION_CONTEXT(2) 
PARAMETRIC_REPRESENTATION_CONTEXT() REPRESENTATION_CONTEXT('2D SPACE',''
  ) );
#4993 = PCURVE('',#3854,#4994);
#4994 = DEFINITIONAL_REPRESENTATION('',(#4995),#4999);
#4995 = LINE('',#4996,#4997);
#4996 = CARTESIAN_POINT('',(0.,0.));
#4997 = VECTOR('',#4998,1.);
#4998 = DIRECTION('',(0.,-1.));
#4999 = ( GEOMETRIC_REPRESENTATION_CONTEXT(2) 
PARAMETRIC_REPRESENTATION_CONTEXT() REPRESENTATION_CONTEXT('2D SPACE',''
  ) );
#5000 = ORIENTED_EDGE('',*,*,#3866,.F.);
#5001 = ADVANCED_FACE('',(#5002),#3854,.T.);
#5002 = FACE_BOUND('',#5003,.T.);
#5003 = EDGE_LOOP('',(#5004,#5005,#5028,#5049));
#5004 = ORIENTED_EDGE('',*,*,#4980,.T.);
#5005 = ORIENTED_EDGE('',*,*,#5006,.T.);
#5006 = EDGE_CURVE('',#4958,#5007,#5009,.T.);
#5007 = VERTEX_POINT('',#5008);
#5008 = CARTESIAN_POINT('',(5.5,60.05,22.95));
#5009 = SURFACE_CURVE('',#5010,(#5014,#5021),.PCURVE_S1.);
#5010 = LINE('',#5011,#5012);
#5011 = CARTESIAN_POINT('',(5.5,3.726066754812E-16,22.95));
#5012 = VECTOR('',#5013,1.);
#5013 = DIRECTION('',(0.,1.,0.));
#5014 = PCURVE('',#3854,#5015);
#5015 = DEFINITIONAL_REPRESENTATION('',(#5016),#5020);
#5016 = LINE('',#5017,#5018);
#5017 = CARTESIAN_POINT('',(-57.95,-5.5));
#5018 = VECTOR('',#5019,1.);
#5019 = DIRECTION('',(1.,0.));
#5020 = ( GEOMETRIC_REPRESENTATION_CONTEXT(2) 
PARAMETRIC_REPRESENTATION_CONTEXT() REPRESENTATION_CONTEXT('2D SPACE',''
  ) );
#5021 = PCURVE('',#4672,#5022);
#5022 = DEFINITIONAL_REPRESENTATION('',(#5023),#5027);
#5023 = LINE('',#5024,#5025);
#5024 = CARTESIAN_POINT('',(3.726066754812E-16,22.95));
#5025 = VECTOR('',#5026,1.);
#5026 = DIRECTION('',(1.,0.));
#5027 = ( GEOMETRIC_REPRESENTATION_CONTEXT(2) 
PARAMETRIC_REPRESENTATION_CONTEXT() REPRESENTATION_CONTEXT('2D SPACE',''
  ) );
#5028 = ORIENTED_EDGE('',*,*,#5029,.F.);
#5029 = EDGE_CURVE('',#3806,#5007,#5030,.T.);
#5030 = SURFACE_CURVE('',#5031,(#5035,#5042),.PCURVE_S1.);
#5031 = LINE('',#5032,#5033);
#5032 = CARTESIAN_POINT('',(0.,60.05,22.95));
#5033 = VECTOR('',#5034,1.);
#5034 = DIRECTION('',(1.,0.,0.));
#5035 = PCURVE('',#3854,#5036);
#5036 = DEFINITIONAL_REPRESENTATION('',(#5037),#5041);
#5037 = LINE('',#5038,#5039);
#5038 = CARTESIAN_POINT('',(2.1,0.));
#5039 = VECTOR('',#5040,1.);
#5040 = DIRECTION('',(0.,-1.));
#5041 = ( GEOMETRIC_REPRESENTATION_CONTEXT(2) 
PARAMETRIC_REPRESENTATION_CONTEXT() REPRESENTATION_CONTEXT('2D SPACE',''
  ) );
#5042 = PCURVE('',#3826,#5043);
#5043 = DEFINITIONAL_REPRESENTATION('',(#5044),#5048);
#5044 = LINE('',#5045,#5046);
#5045 = CARTESIAN_POINT('',(1.570796326795,0.));
#5046 = VECTOR('',#5047,1.);
#5047 = DIRECTION('',(0.,-1.));
#5048 = ( GEOMETRIC_REPRESENTATION_CONTEXT(2) 
PARAMETRIC_REPRESENTATION_CONTEXT() REPRESENTATION_CONTEXT('2D SPACE',''
  ) );
#5049 = ORIENTED_EDGE('',*,*,#3838,.F.);
#5050 = ADVANCED_FACE('',(#5051),#3826,.T.);
#5051 = FACE_BOUND('',#5052,.T.);
#5052 = EDGE_LOOP('',(#5053,#5054,#5082,#5103));
#5053 = ORIENTED_EDGE('',*,*,#5029,.T.);
#5054 = ORIENTED_EDGE('',*,*,#5055,.T.);
#5055 = EDGE_CURVE('',#5007,#5056,#5058,.T.);
#5056 = VERTEX_POINT('',#5057);
#5057 = CARTESIAN_POINT('',(5.5,60.95,22.05));
#5058 = SURFACE_CURVE('',#5059,(#5064,#5071),.PCURVE_S1.);
#5059 = CIRCLE('',#5060,0.9);
#5060 = AXIS2_PLACEMENT_3D('',#5061,#5062,#5063);
#5061 = CARTESIAN_POINT('',(5.5,60.05,22.05));
#5062 = DIRECTION('',(-1.,-0.,0.));
#5063 = DIRECTION('',(0.,-1.,-0.));
#5064 = PCURVE('',#3826,#5065);
#5065 = DEFINITIONAL_REPRESENTATION('',(#5066),#5070);
#5066 = LINE('',#5067,#5068);
#5067 = CARTESIAN_POINT('',(0.,-5.5));
#5068 = VECTOR('',#5069,1.);
#5069 = DIRECTION('',(1.,0.));
#5070 = ( GEOMETRIC_REPRESENTATION_CONTEXT(2) 
PARAMETRIC_REPRESENTATION_CONTEXT() REPRESENTATION_CONTEXT('2D SPACE',''
  ) );
#5071 = PCURVE('',#4672,#5072);
#5072 = DEFINITIONAL_REPRESENTATION('',(#5073),#5081);
#5073 = ( BOUNDED_CURVE() B_SPLINE_CURVE(2,(#5074,#5075,#5076,#5077,
#5078,#5079,#5080),.UNSPECIFIED.,.T.,.F.) B_SPLINE_CURVE_WITH_KNOTS((1,2
    ,2,2,2,1),(-2.094395102393,0.,2.094395102393,4.188790204786,
6.28318530718,8.377580409573),.UNSPECIFIED.) CURVE() 
GEOMETRIC_REPRESENTATION_ITEM() RATIONAL_B_SPLINE_CURVE((1.,0.5,1.,0.5,
1.,0.5,1.)) REPRESENTATION_ITEM('') );
#5074 = CARTESIAN_POINT('',(59.15,22.05));
#5075 = CARTESIAN_POINT('',(59.15,23.608845726812));
#5076 = CARTESIAN_POINT('',(60.5,22.829422863406));
#5077 = CARTESIAN_POINT('',(61.85,22.05));
#5078 = CARTESIAN_POINT('',(60.5,21.270577136594));
#5079 = CARTESIAN_POINT('',(59.15,20.491154273188));
#5080 = CARTESIAN_POINT('',(59.15,22.05));
#5081 = ( GEOMETRIC_REPRESENTATION_CONTEXT(2) 
PARAMETRIC_REPRESENTATION_CONTEXT() REPRESENTATION_CONTEXT('2D SPACE',''
  ) );
#5082 = ORIENTED_EDGE('',*,*,#5083,.F.);
#5083 = EDGE_CURVE('',#3778,#5056,#5084,.T.);
#5084 = SURFACE_CURVE('',#5085,(#5089,#5096),.PCURVE_S1.);
#5085 = LINE('',#5086,#5087);
#5086 = CARTESIAN_POINT('',(0.,60.95,22.05));
#5087 = VECTOR('',#5088,1.);
#5088 = DIRECTION('',(1.,0.,0.));
#5089 = PCURVE('',#3826,#5090);
#5090 = DEFINITIONAL_REPRESENTATION('',(#5091),#5095);
#5091 = LINE('',#5092,#5093);
#5092 = CARTESIAN_POINT('',(3.14159265359,0.));
#5093 = VECTOR('',#5094,1.);
#5094 = DIRECTION('',(0.,-1.));
#5095 = ( GEOMETRIC_REPRESENTATION_CONTEXT(2) 
PARAMETRIC_REPRESENTATION_CONTEXT() REPRESENTATION_CONTEXT('2D SPACE',''
  ) );
#5096 = PCURVE('',#3793,#5097);
#5097 = DEFINITIONAL_REPRESENTATION('',(#5098),#5102);
#5098 = LINE('',#5099,#5100);
#5099 = CARTESIAN_POINT('',(0.,0.));
#5100 = VECTOR('',#5101,1.);
#5101 = DIRECTION('',(0.,-1.));
#5102 = ( GEOMETRIC_REPRESENTATION_CONTEXT(2) 
PARAMETRIC_REPRESENTATION_CONTEXT() REPRESENTATION_CONTEXT('2D SPACE',''
  ) );
#5103 = ORIENTED_EDGE('',*,*,#3805,.F.);
#5104 = ADVANCED_FACE('',(#5105),#3793,.T.);
#5105 = FACE_BOUND('',#5106,.T.);
#5106 = EDGE_LOOP('',(#5107,#5108,#5131,#5152));
#5107 = ORIENTED_EDGE('',*,*,#5083,.T.);
#5108 = ORIENTED_EDGE('',*,*,#5109,.T.);
#5109 = EDGE_CURVE('',#5056,#5110,#5112,.T.);
#5110 = VERTEX_POINT('',#5111);
#5111 = CARTESIAN_POINT('',(5.5,60.95,2.));
#5112 = SURFACE_CURVE('',#5113,(#5117,#5124),.PCURVE_S1.);
#5113 = LINE('',#5114,#5115);
#5114 = CARTESIAN_POINT('',(5.5,60.95,0.));
#5115 = VECTOR('',#5116,1.);
#5116 = DIRECTION('',(-0.,0.,-1.));
#5117 = PCURVE('',#3793,#5118);
#5118 = DEFINITIONAL_REPRESENTATION('',(#5119),#5123);
#5119 = LINE('',#5120,#5121);
#5120 = CARTESIAN_POINT('',(22.05,-5.5));
#5121 = VECTOR('',#5122,1.);
#5122 = DIRECTION('',(1.,0.));
#5123 = ( GEOMETRIC_REPRESENTATION_CONTEXT(2) 
PARAMETRIC_REPRESENTATION_CONTEXT() REPRESENTATION_CONTEXT('2D SPACE',''
  ) );
#5124 = PCURVE('',#4672,#5125);
#5125 = DEFINITIONAL_REPRESENTATION('',(#5126),#5130);
#5126 = LINE('',#5127,#5128);
#5127 = CARTESIAN_POINT('',(60.95,0.));
#5128 = VECTOR('',#5129,1.);
#5129 = DIRECTION('',(0.,-1.));
#5130 = ( GEOMETRIC_REPRESENTATION_CONTEXT(2) 
PARAMETRIC_REPRESENTATION_CONTEXT() REPRESENTATION_CONTEXT('2D SPACE',''
  ) );
#5131 = ORIENTED_EDGE('',*,*,#5132,.F.);
#5132 = EDGE_CURVE('',#3745,#5110,#5133,.T.);
#5133 = SURFACE_CURVE('',#5134,(#5138,#5145),.PCURVE_S1.);
#5134 = LINE('',#5135,#5136);
#5135 = CARTESIAN_POINT('',(0.,60.95,2.));
#5136 = VECTOR('',#5137,1.);
#5137 = DIRECTION('',(1.,0.,0.));
#5138 = PCURVE('',#3793,#5139);
#5139 = DEFINITIONAL_REPRESENTATION('',(#5140),#5144);
#5140 = LINE('',#5141,#5142);
#5141 = CARTESIAN_POINT('',(20.05,0.));
#5142 = VECTOR('',#5143,1.);
#5143 = DIRECTION('',(0.,-1.));
#5144 = ( GEOMETRIC_REPRESENTATION_CONTEXT(2) 
PARAMETRIC_REPRESENTATION_CONTEXT() REPRESENTATION_CONTEXT('2D SPACE',''
  ) );
#5145 = PCURVE('',#3765,#5146);
#5146 = DEFINITIONAL_REPRESENTATION('',(#5147),#5151);
#5147 = LINE('',#5148,#5149);
#5148 = CARTESIAN_POINT('',(1.570796326795,0.));
#5149 = VECTOR('',#5150,1.);
#5150 = DIRECTION('',(0.,-1.));
#5151 = ( GEOMETRIC_REPRESENTATION_CONTEXT(2) 
PARAMETRIC_REPRESENTATION_CONTEXT() REPRESENTATION_CONTEXT('2D SPACE',''
  ) );
#5152 = ORIENTED_EDGE('',*,*,#3777,.F.);
#5153 = ADVANCED_FACE('',(#5154),#3765,.T.);
#5154 = FACE_BOUND('',#5155,.T.);
#5155 = EDGE_LOOP('',(#5156,#5157,#5185,#5206));
#5156 = ORIENTED_EDGE('',*,*,#5132,.T.);
#5157 = ORIENTED_EDGE('',*,*,#5158,.T.);
#5158 = EDGE_CURVE('',#5110,#5159,#5161,.T.);
#5159 = VERTEX_POINT('',#5160);
#5160 = CARTESIAN_POINT('',(5.5,60.05,1.1));
#5161 = SURFACE_CURVE('',#5162,(#5167,#5174),.PCURVE_S1.);
#5162 = CIRCLE('',#5163,0.9);
#5163 = AXIS2_PLACEMENT_3D('',#5164,#5165,#5166);
#5164 = CARTESIAN_POINT('',(5.5,60.05,2.));
#5165 = DIRECTION('',(-1.,0.,0.));
#5166 = DIRECTION('',(0.,0.,1.));
#5167 = PCURVE('',#3765,#5168);
#5168 = DEFINITIONAL_REPRESENTATION('',(#5169),#5173);
#5169 = LINE('',#5170,#5171);
#5170 = CARTESIAN_POINT('',(0.,-5.5));
#5171 = VECTOR('',#5172,1.);
#5172 = DIRECTION('',(1.,0.));
#5173 = ( GEOMETRIC_REPRESENTATION_CONTEXT(2) 
PARAMETRIC_REPRESENTATION_CONTEXT() REPRESENTATION_CONTEXT('2D SPACE',''
  ) );
#5174 = PCURVE('',#4672,#5175);
#5175 = DEFINITIONAL_REPRESENTATION('',(#5176),#5184);
#5176 = ( BOUNDED_CURVE() B_SPLINE_CURVE(2,(#5177,#5178,#5179,#5180,
#5181,#5182,#5183),.UNSPECIFIED.,.T.,.F.) B_SPLINE_CURVE_WITH_KNOTS((1,2
    ,2,2,2,1),(-2.094395102393,0.,2.094395102393,4.188790204786,
6.28318530718,8.377580409573),.UNSPECIFIED.) CURVE() 
GEOMETRIC_REPRESENTATION_ITEM() RATIONAL_B_SPLINE_CURVE((1.,0.5,1.,0.5,
1.,0.5,1.)) REPRESENTATION_ITEM('') );
#5177 = CARTESIAN_POINT('',(60.05,2.9));
#5178 = CARTESIAN_POINT('',(61.608845726812,2.9));
#5179 = CARTESIAN_POINT('',(60.829422863406,1.55));
#5180 = CARTESIAN_POINT('',(60.05,0.2));
#5181 = CARTESIAN_POINT('',(59.270577136594,1.55));
#5182 = CARTESIAN_POINT('',(58.491154273188,2.9));
#5183 = CARTESIAN_POINT('',(60.05,2.9));
#5184 = ( GEOMETRIC_REPRESENTATION_CONTEXT(2) 
PARAMETRIC_REPRESENTATION_CONTEXT() REPRESENTATION_CONTEXT('2D SPACE',''
  ) );
#5185 = ORIENTED_EDGE('',*,*,#5186,.F.);
#5186 = EDGE_CURVE('',#3717,#5159,#5187,.T.);
#5187 = SURFACE_CURVE('',#5188,(#5192,#5199),.PCURVE_S1.);
#5188 = LINE('',#5189,#5190);
#5189 = CARTESIAN_POINT('',(0.,60.05,1.1));
#5190 = VECTOR('',#5191,1.);
#5191 = DIRECTION('',(1.,0.,0.));
#5192 = PCURVE('',#3765,#5193);
#5193 = DEFINITIONAL_REPRESENTATION('',(#5194),#5198);
#5194 = LINE('',#5195,#5196);
#5195 = CARTESIAN_POINT('',(3.14159265359,0.));
#5196 = VECTOR('',#5197,1.);
#5197 = DIRECTION('',(0.,-1.));
#5198 = ( GEOMETRIC_REPRESENTATION_CONTEXT(2) 
PARAMETRIC_REPRESENTATION_CONTEXT() REPRESENTATION_CONTEXT('2D SPACE',''
  ) );
#5199 = PCURVE('',#3732,#5200);
#5200 = DEFINITIONAL_REPRESENTATION('',(#5201),#5205);
#5201 = LINE('',#5202,#5203);
#5202 = CARTESIAN_POINT('',(12.75,0.));
#5203 = VECTOR('',#5204,1.);
#5204 = DIRECTION('',(0.,-1.));
#5205 = ( GEOMETRIC_REPRESENTATION_CONTEXT(2) 
PARAMETRIC_REPRESENTATION_CONTEXT() REPRESENTATION_CONTEXT('2D SPACE',''
  ) );
#5206 = ORIENTED_EDGE('',*,*,#3744,.F.);
#5207 = ADVANCED_FACE('',(#5208),#3732,.F.);
#5208 = FACE_BOUND('',#5209,.F.);
#5209 = EDGE_LOOP('',(#5210,#5211,#5232,#5233));
#5210 = ORIENTED_EDGE('',*,*,#4633,.T.);
#5211 = ORIENTED_EDGE('',*,*,#5212,.T.);
#5212 = EDGE_CURVE('',#4634,#5159,#5213,.T.);
#5213 = SURFACE_CURVE('',#5214,(#5218,#5225),.PCURVE_S1.);
#5214 = LINE('',#5215,#5216);
#5215 = CARTESIAN_POINT('',(5.5,3.726066754812E-16,1.1));
#5216 = VECTOR('',#5217,1.);
#5217 = DIRECTION('',(0.,1.,0.));
#5218 = PCURVE('',#3732,#5219);
#5219 = DEFINITIONAL_REPRESENTATION('',(#5220),#5224);
#5220 = LINE('',#5221,#5222);
#5221 = CARTESIAN_POINT('',(-47.3,-5.5));
#5222 = VECTOR('',#5223,1.);
#5223 = DIRECTION('',(1.,0.));
#5224 = ( GEOMETRIC_REPRESENTATION_CONTEXT(2) 
PARAMETRIC_REPRESENTATION_CONTEXT() REPRESENTATION_CONTEXT('2D SPACE',''
  ) );
#5225 = PCURVE('',#4672,#5226);
#5226 = DEFINITIONAL_REPRESENTATION('',(#5227),#5231);
#5227 = LINE('',#5228,#5229);
#5228 = CARTESIAN_POINT('',(3.726066754812E-16,1.1));
#5229 = VECTOR('',#5230,1.);
#5230 = DIRECTION('',(1.,0.));
#5231 = ( GEOMETRIC_REPRESENTATION_CONTEXT(2) 
PARAMETRIC_REPRESENTATION_CONTEXT() REPRESENTATION_CONTEXT('2D SPACE',''
  ) );
#5232 = ORIENTED_EDGE('',*,*,#5186,.F.);
#5233 = ORIENTED_EDGE('',*,*,#3716,.F.);
#5234 = ADVANCED_FACE('',(#5235),#4672,.F.);
#5235 = FACE_BOUND('',#5236,.F.);
#5236 = EDGE_LOOP('',(#5237,#5238,#5239,#5240,#5241,#5242,#5243,#5244,
    #5245,#5246,#5247,#5248));
#5237 = ORIENTED_EDGE('',*,*,#4656,.T.);
#5238 = ORIENTED_EDGE('',*,*,#4710,.T.);
#5239 = ORIENTED_EDGE('',*,*,#4759,.T.);
#5240 = ORIENTED_EDGE('',*,*,#4831,.F.);
#5241 = ORIENTED_EDGE('',*,*,#4858,.T.);
#5242 = ORIENTED_EDGE('',*,*,#4930,.F.);
#5243 = ORIENTED_EDGE('',*,*,#4957,.T.);
#5244 = ORIENTED_EDGE('',*,*,#5006,.T.);
#5245 = ORIENTED_EDGE('',*,*,#5055,.T.);
#5246 = ORIENTED_EDGE('',*,*,#5109,.T.);
#5247 = ORIENTED_EDGE('',*,*,#5158,.T.);
#5248 = ORIENTED_EDGE('',*,*,#5212,.F.);
#5249 = ( GEOMETRIC_REPRESENTATION_CONTEXT(3) 
GLOBAL_UNCERTAINTY_ASSIGNED_CONTEXT((#5253)) 
GLOBAL_UNIT_ASSIGNED_CONTEXT((#5250,#5251,#5252)) REPRESENTATION_CONTEXT
('Context #1','3D Context with UNIT and UNCERTAINTY') );
#5250 = ( LENGTH_UNIT() NAMED_UNIT(*) SI_UNIT(.MILLI.,.METRE.) );
#5251 = ( NAMED_UNIT(*) PLANE_ANGLE_UNIT() SI_UNIT($,.RADIAN.) );
#5252 = ( NAMED_UNIT(*) SI_UNIT($,.STERADIAN.) SOLID_ANGLE_UNIT() );
#5253 = UNCERTAINTY_MEASURE_WITH_UNIT(LENGTH_MEASURE(1.E-07),#5250,
  'distance_accuracy_value','confusion accuracy');
#5254 = PRODUCT_RELATED_PRODUCT_CATEGORY('part',$,(#7));
#5255 = MECHANICAL_DESIGN_GEOMETRIC_PRESENTATION_REPRESENTATION('',(
    #5256),#5249);
#5256 = STYLED_ITEM('color',(#5257),#15);
#5257 = PRESENTATION_STYLE_ASSIGNMENT((#5258,#5264));
#5258 = SURFACE_STYLE_USAGE(.BOTH.,#5259);
#5259 = SURFACE_SIDE_STYLE('',(#5260));
#5260 = SURFACE_STYLE_FILL_AREA(#5261);
#5261 = FILL_AREA_STYLE('',(#5262));
#5262 = FILL_AREA_STYLE_COLOUR('',#5263);
#5263 = COLOUR_RGB('',0.899999998185,0.55000000909,0.149999997808);
#5264 = CURVE_STYLE('',#5265,POSITIVE_LENGTH_MEASURE(0.1),#5263);
#5265 = DRAUGHTING_PRE_DEFINED_CURVE_FONT('continuous');
ENDSEC;
END-ISO-10303-21;
